{"nm":"Comp 1","ddd":0,"h":640,"w":532,"meta":{"g":"@lottiefiles/toolkit-js 0.33.2"},"layers":[{"ty":4,"nm":"Ð¨Ð°Ñ 3 Outlines","sr":1,"st":0,"op":201,"ip":0,"hd":false,"ddd":0,"bm":0,"hasMask":false,"ao":0,"ks":{"a":{"a":0,"k":[265.892,319.892],"ix":2},"s":{"a":0,"k":[100,100],"ix":2},"sk":{"a":0,"k":0,"ix":2},"p":{"a":0,"k":[265.892,319.892],"ix":2},"r":{"a":0,"k":0,"ix":2},"sa":{"a":0,"k":0,"ix":2},"o":{"a":0,"k":100,"ix":2}},"ef":[],"shapes":[{"ty":"gr","bm":0,"hd":false,"nm":"Path","it":[{"ty":"sh","bm":0,"hd":false,"nm":"","d":1,"ks":{"a":0,"k":{"c":true,"i":[[0,0],[-3.526,9.364],[2.643,-8.05]],"o":[[-1.351,4.118],[3.525,-9.364],[0,0]],"v":[[-10.265,-3.291],[8.091,1.977],[-10.265,-3.291]]}}},{"ty":"st","bm":0,"hd":false,"nm":"","lc":2,"lj":2,"ml":4,"o":{"a":0,"k":100,"ix":2},"w":{"a":0,"k":5,"ix":2},"c":{"a":0,"k":[0.1922,0.8,0.0196],"ix":2}},{"ty":"fl","bm":0,"hd":false,"nm":"","c":{"a":0,"k":[0.7333,1,0],"ix":2},"r":1,"o":{"a":0,"k":100,"ix":2}},{"ty":"tr","a":{"a":0,"k":[-0.9120503139983409,-0.9407335144855304],"ix":2},"s":{"a":0,"k":[100,100],"ix":2},"sk":{"a":0,"k":0,"ix":2},"p":{"a":0,"k":[263.9349365234375,556.1482543945312],"ix":2},"r":{"a":0,"k":0,"ix":2},"sa":{"a":0,"k":0,"ix":2},"o":{"a":0,"k":100,"ix":2}}]},{"ty":"gr","bm":0,"hd":false,"nm":"Path","it":[{"ty":"sh","bm":0,"hd":false,"nm":"","d":1,"ks":{"a":0,"k":{"c":true,"i":[[0,0],[-10.997,29.222],[8.247,-25.115]],"o":[[-4.223,12.851],[10.998,-29.221],[0,0]],"v":[[-32.02,-10.27],[25.245,6.163],[-32.02,-10.27]]}}},{"ty":"st","bm":0,"hd":false,"nm":"","lc":2,"lj":2,"ml":4,"o":{"a":0,"k":100,"ix":2},"w":{"a":0,"k":5,"ix":2},"c":{"a":0,"k":[0.2902,0.3333,0.4078],"ix":2}},{"ty":"fl","bm":0,"hd":false,"nm":"","c":{"a":0,"k":[0.1569,0.1451,0.1451],"ix":2},"r":1,"o":{"a":0,"k":100,"ix":2}},{"ty":"tr","a":{"a":0,"k":[-2.842031431704225,-2.937754063878032],"ix":2},"s":{"a":0,"k":[100,100],"ix":2},"sk":{"a":0,"k":0,"ix":2},"p":{"a":0,"k":[253.4069671630859,559.207275390625],"ix":2},"r":{"a":0,"k":0,"ix":2},"sa":{"a":0,"k":0,"ix":2},"o":{"a":0,"k":100,"ix":2}}]},{"ty":"gr","bm":0,"hd":false,"nm":"Path","it":[{"ty":"sh","bm":0,"hd":false,"nm":"","d":1,"ks":{"a":0,"k":{"c":true,"i":[[0,0],[0,0],[0,0],[0,0],[0,0]],"o":[[0,0],[0,0],[0,0],[0,0],[0,0]],"v":[[-103.835,-37.29],[-101.335,-28.17],[102.096,37.29],[103.835,25.774],[-103.835,-37.29]]}}},{"ty":"st","bm":0,"hd":false,"nm":"","lc":2,"lj":2,"ml":4,"o":{"a":0,"k":100,"ix":2},"w":{"a":0,"k":5,"ix":2},"c":{"a":0,"k":[0.851,0.851,0.851],"ix":2}},{"ty":"fl","bm":0,"hd":false,"nm":"","c":{"a":0,"k":[0.4824,0.4667,0.4667],"ix":2},"r":1,"o":{"a":0,"k":100,"ix":2}},{"ty":"tr","a":{"a":0,"k":[0,7.105427357601002e-15],"ix":2},"s":{"a":0,"k":[100,100],"ix":2},"sk":{"a":0,"k":0,"ix":2},"p":{"a":0,"k":[138.4609985351562,531.52197265625],"ix":2},"r":{"a":0,"k":0,"ix":2},"sa":{"a":0,"k":0,"ix":2},"o":{"a":0,"k":100,"ix":2}}]},{"ty":"gr","bm":0,"hd":false,"nm":"Path","it":[{"ty":"sh","bm":0,"hd":false,"nm":"","d":1,"ks":{"a":0,"k":{"c":true,"i":[[0,0],[0,0],[0,0],[0,0],[0,0]],"o":[[0,0],[0,0],[0,0],[0,0],[0,0]],"v":[[107.163,23.641],[-99.777,-34.447],[-107.163,-28.617],[100.505,34.447],[107.163,23.641]]}}},{"ty":"st","bm":0,"hd":false,"nm":"","lc":2,"lj":2,"ml":4,"o":{"a":0,"k":100,"ix":2},"w":{"a":0,"k":5,"ix":2},"c":{"a":0,"k":[0.851,0.851,0.851],"ix":2}},{"ty":"fl","bm":0,"hd":false,"nm":"","c":{"a":0,"k":[0.4824,0.4667,0.4667],"ix":2},"r":1,"o":{"a":0,"k":100,"ix":2}},{"ty":"tr","a":{"a":0,"k":[0,0],"ix":2},"s":{"a":0,"k":[100,100],"ix":2},"sk":{"a":0,"k":0,"ix":2},"p":{"a":0,"k":[141.7899932861328,522.8489990234375],"ix":2},"r":{"a":0,"k":0,"ix":2},"sa":{"a":0,"k":0,"ix":2},"o":{"a":0,"k":100,"ix":2}}]}],"ind":1},{"ty":4,"nm":"Ð¨Ð°Ñ 6 Outlines","sr":1,"st":0,"op":201,"ip":0,"hd":false,"ddd":0,"bm":0,"hasMask":false,"ao":0,"ks":{"a":{"a":0,"k":[252.892,556.892],"ix":2},"s":{"a":0,"k":[100,100],"ix":2},"sk":{"a":0,"k":0,"ix":2},"p":{"a":0,"k":[252.892,556.892],"ix":2},"r":{"a":1,"k":[{"o":{"x":0.167,"y":0},"i":{"x":0.667,"y":1},"s":[0],"t":0},{"o":{"x":0.297,"y":0},"i":{"x":0.659,"y":0.831},"s":[-17],"t":67},{"o":{"x":0.425,"y":-0.913},"i":{"x":0.815,"y":1},"s":[5.104],"t":133},{"s":[0],"t":200}],"ix":2},"sa":{"a":0,"k":0,"ix":2},"o":{"a":0,"k":100,"ix":2}},"ef":[],"shapes":[{"ty":"gr","bm":0,"hd":false,"nm":"Ð¨Ð°Ñ 4 Outlines","it":[{"ty":"sh","bm":0,"hd":false,"nm":"","d":1,"ks":{"a":1,"k":[{"o":{"x":0.167,"y":0},"i":{"x":0.833,"y":0.833},"s":[{"c":true,"i":[[0,0],[-53.693,68.846],[-4.579,31.521],[35.214,-103.929],[-29.96,2.491],[120.564,-26.678],[0,0]],"o":[[0,0],[53.694,-68.846],[0,0],[0,0],[0,0],[0,0],[0,0]],"v":[[-18.718,135.554],[-48.147,-24.402],[24.276,-135.554],[41.814,26.198],[95.438,13.755],[-18.723,135.554],[-18.718,135.554]]}],"t":0},{"o":{"x":0.167,"y":0.167},"i":{"x":0.833,"y":0.833},"s":[{"c":true,"i":[[0,0],[-76.657,116.372],[-82.297,0.993],[-9.431,39.272],[9.32,-34.847],[81.645,-15.973],[0,0]],"o":[[0,0],[2.343,-3.628],[49.795,-0.601],[1.048,-0.919],[-8.68,30.153],[0,0],[0,0]],"v":[[-18.718,135.554],[-40.46,-103.027],[23.088,-12.054],[102.314,-90.927],[120.563,22.193],[-18.723,135.554],[-18.718,135.554]]}],"t":29},{"o":{"x":0.167,"y":0.167},"i":{"x":0.833,"y":0.833},"s":[{"c":true,"i":[[0,0],[-50.17,86.974],[-111.393,226.899],[-95.931,84.147],[33.445,-35.41],[31.606,-2.209],[0,0]],"o":[[0,0],[3.03,-5.253],[2.142,-4.362],[2.395,-2.1],[-21.153,22.395],[0,0],[0,0]],"v":[[-18.718,135.554],[-67.147,-46.402],[67.276,-111.554],[113.814,-3.802],[93.438,62.755],[-18.723,135.554],[-18.718,135.554]]}],"t":100},{"o":{"x":0.167,"y":0.167},"i":{"x":0.833,"y":1},"s":[{"c":true,"i":[[0,0],[-52.152,76.777],[-98.666,29.504],[-36.431,-0.728],[9.32,-34.847],[81.645,-15.973],[0,0]],"o":[[0,0],[2.343,-3.628],[38.795,-11.601],[1.048,-0.919],[-8.68,30.153],[0,0],[0,0]],"v":[[-18.718,135.554],[-56.46,-47.027],[41.088,6.946],[115.314,-46.927],[110.563,31.193],[-18.723,135.554],[-18.718,135.554]]}],"t":133},{"s":[{"c":true,"i":[[0,0],[-53.693,68.846],[-4.579,31.521],[35.214,-103.929],[-29.96,2.491],[120.564,-26.678],[0,0]],"o":[[0,0],[53.694,-68.846],[0,0],[0,0],[0,0],[0,0],[0,0]],"v":[[-18.718,135.554],[-48.147,-24.402],[24.276,-135.554],[41.814,26.198],[95.438,13.755],[-18.723,135.554],[-18.718,135.554]]}],"t":200}],"ix":2}},{"ty":"st","bm":0,"hd":false,"nm":"","lc":2,"lj":2,"ml":4,"o":{"a":0,"k":100,"ix":2},"w":{"a":0,"k":5,"ix":2},"c":{"a":0,"k":[0.7333,1,0],"ix":2}},{"ty":"gf","bm":0,"hd":false,"nm":"","e":{"a":0,"k":[117.82994079589844,135.5540313720703],"ix":2},"g":{"p":2,"k":{"a":0,"k":[0,0.19215686274509805,0.8,0.0196078431372549,1,0.7333333333333333,1,0,0,1,1,0.9999400813405107],"ix":2}},"t":1,"a":{"a":0,"k":0},"h":{"a":0,"k":0},"s":{"a":0,"k":[-50,0],"ix":2},"r":1,"o":{"a":0,"k":100,"ix":2}},{"ty":"tr","a":{"a":0,"k":[14.64401449375208,2.842170943040401e-14],"ix":2},"s":{"a":0,"k":[100,100],"ix":2},"sk":{"a":0,"k":0,"ix":2},"p":{"a":0,"k":[286.7610168457031,423.655029296875],"ix":2},"r":{"a":0,"k":0,"ix":2},"sa":{"a":0,"k":0,"ix":2},"o":{"a":0,"k":100,"ix":2}}]},{"ty":"gr","bm":0,"hd":false,"nm":"Ð¨Ð°Ñ 5 Outlines","it":[{"ty":"sh","bm":0,"hd":false,"nm":"","d":1,"ks":{"a":1,"k":[{"o":{"x":0.167,"y":0},"i":{"x":0.833,"y":0.833},"s":[{"c":true,"i":[[0,0],[-69.918,100.522],[-22.898,-9.958],[-151.487,73.653],[-22.473,-55.64],[0,0],[-2.499,34.527],[9.157,-28.967],[-4.993,36.255],[248.743,-46.588],[0,0]],"o":[[0,0],[0,0],[0,0],[0,0],[22.473,55.64],[0,0],[0,0],[0,0],[0,0],[0,0],[0,0]],"v":[[-62.84,181.263],[-115.98,-62.325],[-92.268,-18.508],[34.672,-181.263],[34.672,-78.303],[28.844,15.499],[67.131,-37.905],[75.454,10.581],[121.234,-39.495],[-62.845,181.258],[-62.84,181.263]]}],"t":0},{"o":{"x":0.167,"y":0.167},"i":{"x":0.833,"y":0.833},"s":[{"c":true,"i":[[0,0],[7.054,90.504],[-31.346,54.75],[-51.098,14.942],[-52.161,-24.08],[0,0],[-16.63,-20.584],[-4.63,-36.527],[13.527,-37.076],[112.606,-28.204],[0,0]],"o":[[0,0],[0,0],[7.654,-19.25],[0,0],[64.839,36.92],[0,0],[16.63,20.584],[0,0],[-5.473,26.924],[0,0],[0,0]],"v":[[-62.84,181.263],[-141.292,44.55],[-119.893,-65.696],[-12.14,-155.888],[-31.078,-25.865],[27.531,-111.813],[73.131,-66.53],[108.391,6.581],[99.234,69.13],[-62.845,181.258],[-62.84,181.263]]}],"t":67},{"o":{"x":0.167,"y":0.167},"i":{"x":0.833,"y":0.833},"s":[{"c":true,"i":[[0,0],[32.741,64.379],[-8.744,51.398],[-45.911,30.317],[-25.211,-14.47],[0,0],[5.63,-61.041],[1.307,2.473],[30.473,-35.549],[76.606,-23.204],[0,0]],"o":[[0,0],[0,0],[6.029,-35.438],[0,0],[65.089,37.357],[0,0],[-15.692,170.131],[0,0],[-30.473,35.549],[0,0],[0,0]],"v":[[-62.84,181.263],[-134.98,99.675],[-162.268,-7.508],[-72.328,-123.263],[-65.328,-45.303],[25.844,-195.501],[67.131,-107.905],[116.454,-5.419],[89.234,94.505],[-62.845,181.258],[-62.84,181.263]]}],"t":100},{"o":{"x":0.167,"y":0.167},"i":{"x":0.833,"y":1},"s":[{"c":true,"i":[[0,0],[7.054,90.504],[-31.346,54.75],[-51.098,14.942],[-52.161,-24.08],[0,0],[-16.63,-20.584],[-4.63,-36.527],[13.527,-37.076],[112.606,-28.204],[0,0]],"o":[[0,0],[0,0],[7.654,-19.25],[0,0],[64.839,36.92],[0,0],[16.63,20.584],[0,0],[-5.473,26.924],[0,0],[0,0]],"v":[[-62.84,181.263],[-141.292,44.55],[-119.893,-65.696],[-12.14,-155.888],[-31.078,-25.865],[27.531,-111.813],[73.131,-66.53],[108.391,6.581],[99.234,69.13],[-62.845,181.258],[-62.84,181.263]]}],"t":150},{"s":[{"c":true,"i":[[0,0],[-69.918,100.522],[-22.898,-9.958],[-151.487,73.653],[-22.473,-55.64],[0,0],[-2.499,34.527],[9.157,-28.967],[-4.993,36.255],[248.743,-46.588],[0,0]],"o":[[0,0],[0,0],[0,0],[0,0],[22.473,55.64],[0,0],[0,0],[0,0],[0,0],[0,0],[0,0]],"v":[[-62.84,181.263],[-115.98,-62.325],[-92.268,-18.508],[34.672,-181.263],[34.672,-78.303],[28.844,15.499],[67.131,-37.905],[75.454,10.581],[121.234,-39.495],[-62.845,181.258],[-62.84,181.263]]}],"t":200}],"ix":2}},{"ty":"gs","bm":0,"hd":false,"nm":"","e":{"a":0,"k":[112.30941009521484,189.1695556640625],"ix":2},"g":{"p":2,"k":{"a":0,"k":[0,0.19215686274509805,0.8,0.0196078431372549,1,0.7333333333333333,1,0,0,1,1,0.9999400813405107],"ix":2}},"t":1,"a":{"a":0,"k":0},"h":{"a":0,"k":0},"s":{"a":0,"k":[4.623159885406494,-157.47653198242188],"ix":2},"lc":2,"lj":2,"ml":4,"o":{"a":0,"k":100,"ix":2},"w":{"a":0,"k":5,"ix":2}},{"ty":"fl","bm":0,"hd":false,"nm":"","c":{"a":0,"k":[0.7333,1,0],"ix":2},"r":1,"o":{"a":0,"k":100,"ix":2}},{"ty":"tr","a":{"a":0,"k":[-4.335427992104343,2.842170943040401e-14],"ix":2},"s":{"a":0,"k":[100,100],"ix":2},"sk":{"a":0,"k":0,"ix":2},"p":{"a":0,"k":[311.9035949707031,377.946044921875],"ix":2},"r":{"a":0,"k":0,"ix":2},"sa":{"a":0,"k":0,"ix":2},"o":{"a":0,"k":100,"ix":2}}]},{"ty":"gr","bm":0,"hd":false,"nm":"Path","it":[{"ty":"sh","bm":0,"hd":false,"nm":"","d":1,"ks":{"a":1,"k":[{"o":{"x":0.167,"y":0},"i":{"x":0.833,"y":0.833},"s":[{"c":true,"i":[[0,0],[-49.109,146.14],[-35.793,184.148],[90.726,-114.81],[-19.973,23.515],[314.497,-60.69]],"o":[[0,0],[49.11,-146.14],[0,0],[0,0],[0,0],[0,0]],"v":[[-71.416,259.564],[-157.851,15.976],[49.403,-259.564],[66.048,13.83],[125.144,-15.404],[-71.416,259.564]]}],"t":0},{"o":{"x":0.167,"y":0.167},"i":{"x":0.667,"y":1},"s":[{"c":true,"i":[[0,0],[-49.109,146.14],[-35.793,184.148],[17.83,-96.204],[-15.578,-22.421],[314.497,-60.69]],"o":[[0,0],[49.11,-146.14],[0,0],[-4.26,22.983],[0,0],[0,0]],"v":[[-71.416,259.564],[-178.225,20.632],[49.403,-259.564],[104.347,-109.441],[111.756,-21.225],[-71.416,259.564]]}],"t":50},{"o":{"x":0.333,"y":0},"i":{"x":0.833,"y":0.833},"s":[{"c":true,"i":[[0,0],[-49.109,146.14],[-35.793,184.148],[16.129,-99.475],[-17.967,-25.242],[314.497,-60.69]],"o":[[0,0],[49.11,-146.14],[0,0],[0,0],[0,0],[0,0]],"v":[[-71.416,259.564],[-192.851,23.976],[49.403,-259.564],[94.048,-105.17],[102.144,-25.404],[-71.416,259.564]]}],"t":100},{"o":{"x":0.167,"y":0.167},"i":{"x":0.833,"y":1},"s":[{"c":true,"i":[[0,0],[-49.109,146.14],[-35.793,184.148],[25.613,-94.431],[-1.901,-1.793],[314.497,-60.69]],"o":[[0,0],[49.11,-146.14],[0,0],[-25.17,92.796],[32.422,30.579],[0,0]],"v":[[-71.416,259.564],[-178.225,20.632],[49.403,-259.564],[104.347,-109.441],[118.756,-45.225],[-71.416,259.564]]}],"t":167},{"s":[{"c":true,"i":[[0,0],[-49.109,146.14],[-35.793,184.148],[90.726,-114.81],[-19.973,23.515],[314.497,-60.69]],"o":[[0,0],[49.11,-146.14],[0,0],[0,0],[0,0],[0,0]],"v":[[-71.416,259.564],[-157.851,15.976],[49.403,-259.564],[66.048,13.83],[125.144,-15.404],[-71.416,259.564]]}],"t":200}],"ix":2}},{"ty":"fl","bm":0,"hd":false,"nm":"","c":{"a":0,"k":[0.2039,0.3804,1],"ix":2},"r":1,"o":{"a":0,"k":100,"ix":2}},{"ty":"tr","a":{"a":0,"k":[-10.88262093614708,0],"ix":2},"s":{"a":0,"k":[100,100],"ix":2},"sk":{"a":0,"k":0,"ix":2},"p":{"a":0,"k":[313.9403686523438,299.6449890136719],"ix":2},"r":{"a":0,"k":0,"ix":2},"sa":{"a":0,"k":0,"ix":2},"o":{"a":0,"k":100,"ix":2}}]}],"ind":2}],"v":"5.7.5","fr":100,"op":200,"ip":0,"assets":[]}