{"nm":"Comp 1","ddd":0,"h":1080,"w":1080,"meta":{"g":"@lottiefiles/toolkit-js 0.33.2"},"layers":[{"ty":4,"nm":"Ð¨Ð°Ñ 3 Outlines","sr":1,"st":0,"op":601,"ip":0,"hd":false,"ddd":0,"bm":0,"hasMask":false,"ao":0,"ks":{"a":{"a":0,"k":[540,540],"ix":2},"s":{"a":0,"k":[100,100],"ix":2},"sk":{"a":0,"k":0,"ix":2},"p":{"a":1,"k":[{"o":{"x":0.333,"y":0},"i":{"x":0.667,"y":1},"s":[540,508],"t":0,"ti":[0,0],"to":[0,5.333]},{"o":{"x":0.333,"y":0},"i":{"x":0.667,"y":1},"s":[540,540],"t":150,"ti":[0,5.333],"to":[0,0]},{"s":[540,508],"t":450}],"ix":2},"r":{"a":0,"k":0,"ix":2},"sa":{"a":0,"k":0,"ix":2},"o":{"a":0,"k":100,"ix":2}},"ef":[],"shapes":[{"ty":"gr","bm":0,"hd":false,"nm":"Path","it":[{"ty":"sh","bm":0,"hd":false,"nm":"","d":1,"ks":{"a":0,"k":{"c":true,"i":[[0,0],[-1.159,-0.129],[-0.118,1.15],[1.159,0.129],[0.118,-1.15]],"o":[[-0.129,1.149],[1.158,0.128],[0.128,-1.16],[-1.158,-0.128],[0,0]],"v":[[-2.091,-0.231],[-0.225,2.09],[2.092,0.231],[0.225,-2.09],[-2.091,-0.231]]}}},{"ty":"st","bm":0,"hd":false,"nm":"","lc":1,"lj":1,"ml":4,"o":{"a":0,"k":100,"ix":2},"w":{"a":0,"k":5,"ix":2},"c":{"a":0,"k":[0.851,0.851,0.851],"ix":2}},{"ty":"fl","bm":0,"hd":false,"nm":"","c":{"a":0,"k":[0.1569,0.1451,0.1451],"ix":2},"r":1,"o":{"a":0,"k":100,"ix":2}},{"ty":"tr","a":{"a":0,"k":[0.0004045706799700177,0],"ix":2},"s":{"a":0,"k":[100,100],"ix":2},"sk":{"a":0,"k":0,"ix":2},"p":{"a":0,"k":[450.7044067382812,250.2559967041016],"ix":2},"r":{"a":0,"k":0,"ix":2},"sa":{"a":0,"k":0,"ix":2},"o":{"a":0,"k":100,"ix":2}}]},{"ty":"gr","bm":0,"hd":false,"nm":"Path","it":[{"ty":"sh","bm":0,"hd":false,"nm":"","d":1,"ks":{"a":0,"k":{"c":true,"i":[[0,0],[-13.634,-1.494],[-1.491,13.633],[13.634,1.493],[1.491,-13.633]],"o":[[-1.48,13.633],[13.634,1.493],[1.48,-13.633],[-13.634,-1.494],[0,0]],"v":[[-24.693,-2.697],[-2.693,24.688],[24.694,2.696],[2.693,-24.688],[-24.693,-2.697]]}}},{"ty":"st","bm":0,"hd":false,"nm":"","lc":1,"lj":1,"ml":4,"o":{"a":0,"k":100,"ix":2},"w":{"a":0,"k":5,"ix":2},"c":{"a":0,"k":[0.851,0.851,0.851],"ix":2}},{"ty":"gf","bm":0,"hd":false,"nm":"","e":{"a":0,"k":[-11.68634033203125,-16.527481079101562],"ix":2},"g":{"p":2,"k":{"a":0,"k":[0,0.4823529411764706,0.4666666666666667,0.4666666666666667,1,0.1568627450980392,0.1450980392156863,0.1450980392156863,0,1,1,0.9999400813405107],"ix":2}},"t":2,"a":{"a":0,"k":0},"h":{"a":0,"k":0},"s":{"a":0,"k":[9.565185546875,38.57719421386719],"ix":2},"r":1,"o":{"a":0,"k":100,"ix":2}},{"ty":"tr","a":{"a":0,"k":[0.0004936010847380601,-0.00009434806236185977],"ix":2},"s":{"a":0,"k":[100,100],"ix":2},"sk":{"a":0,"k":0,"ix":2},"p":{"a":0,"k":[450.7064819335938,250.2299041748047],"ix":2},"r":{"a":0,"k":0,"ix":2},"sa":{"a":0,"k":0,"ix":2},"o":{"a":0,"k":100,"ix":2}}]},{"ty":"gr","bm":0,"hd":false,"nm":"Path","it":[{"ty":"sh","bm":0,"hd":false,"nm":"","d":1,"ks":{"a":0,"k":{"c":true,"i":[[0,0],[1.073,-17.265],[-6.854,50.074]],"o":[[4.495,-32.821],[-1.084,17.264],[0,0]],"v":[[-22.881,-8.627],[28.662,3.008],[-22.881,-8.627]]}}},{"ty":"st","bm":0,"hd":false,"nm":"","lc":1,"lj":1,"ml":4,"o":{"a":0,"k":100,"ix":2},"w":{"a":0,"k":5,"ix":2},"c":{"a":0,"k":[0.851,0.851,0.851],"ix":2}},{"ty":"gf","bm":0,"hd":false,"nm":"","e":{"a":0,"k":[28.6796875,-0.7377471923828125],"ix":2},"g":{"p":2,"k":{"a":0,"k":[0,0.4823529411764706,0.4666666666666667,0.4666666666666667,1,0.1568627450980392,0.1450980392156863,0.1450980392156863,0,1,1,0.9999400813405107],"ix":2}},"t":1,"a":{"a":0,"k":0},"h":{"a":0,"k":0},"s":{"a":0,"k":[-27.8450927734375,-0.7377471923828125],"ix":2},"r":1,"o":{"a":0,"k":100,"ix":2}},{"ty":"tr","a":{"a":0,"k":[2.61485828275541,-0.7377479179152893],"ix":2},"s":{"a":0,"k":[100,100],"ix":2},"sk":{"a":0,"k":0,"ix":2},"p":{"a":0,"k":[569.078857421875,252.3592529296875],"ix":2},"r":{"a":0,"k":0,"ix":2},"sa":{"a":0,"k":0,"ix":2},"o":{"a":0,"k":100,"ix":2}}]},{"ty":"gr","bm":0,"hd":false,"nm":"Path","it":[{"ty":"sh","bm":0,"hd":false,"nm":"","d":1,"ks":{"a":0,"k":{"c":true,"i":[[0,0],[10.877,44.251],[-5.095,-18.962]],"o":[[1.866,6.94],[-15.457,-43.177],[0,0]],"v":[[-32.652,22.969],[26.87,-0.537],[-32.652,22.969]]}}},{"ty":"st","bm":0,"hd":false,"nm":"","lc":1,"lj":1,"ml":4,"o":{"a":0,"k":100,"ix":2},"w":{"a":0,"k":5,"ix":2},"c":{"a":0,"k":[0.851,0.851,0.851],"ix":2}},{"ty":"gf","bm":0,"hd":false,"nm":"","e":{"a":0,"k":[28.039398193359375,1.850555419921875],"ix":2},"g":{"p":2,"k":{"a":0,"k":[0,0.4823529411764706,0.4666666666666667,0.4666666666666667,1,0.1568627450980392,0.1450980392156863,0.1450980392156863,0,1,1,0.9999400813405107],"ix":2}},"t":1,"a":{"a":0,"k":0},"h":{"a":0,"k":0},"s":{"a":0,"k":[-36.885467529296875,21.437469482421875],"ix":2},"r":1,"o":{"a":0,"k":100,"ix":2}},{"ty":"tr","a":{"a":0,"k":[-2.490556501153431,6.25161872858245],"ix":2},"s":{"a":0,"k":[100,100],"ix":2},"sk":{"a":0,"k":0,"ix":2},"p":{"a":0,"k":[343.9974365234375,296.2216186523438],"ix":2},"r":{"a":0,"k":0,"ix":2},"sa":{"a":0,"k":0,"ix":2},"o":{"a":0,"k":100,"ix":2}}]},{"ty":"gr","bm":0,"hd":false,"nm":"Path","it":[{"ty":"sh","bm":0,"hd":false,"nm":"","d":1,"ks":{"a":0,"k":{"c":true,"i":[[0,0],[0,0],[16.959,69.176],[64.34,-8.465],[-10.437,-33.208],[-9.697,2.31],[-53.431,5.908],[0,0]],"o":[[63.675,-7.037],[0,0],[-10.405,-32.348],[-64.329,8.477],[9.558,47.571],[0,0],[0,0],[0,0]],"v":[[5.879,32.868],[94,29.442],[107.451,-30.763],[-16.177,-61.211],[-113.974,21.557],[-85.397,67.365],[5.889,32.859],[5.879,32.868]]}}},{"ty":"st","bm":0,"hd":false,"nm":"","lc":1,"lj":1,"ml":4,"o":{"a":0,"k":100,"ix":2},"w":{"a":0,"k":5,"ix":2},"c":{"a":0,"k":[0.2902,0.3333,0.4078],"ix":2}},{"ty":"fl","bm":0,"hd":false,"nm":"","c":{"a":0,"k":[0.1569,0.1451,0.1451],"ix":2},"r":1,"o":{"a":0,"k":100,"ix":2}},{"ty":"tr","a":{"a":0,"k":[-1.457190797333681,1.750905109149969],"ix":2},"s":{"a":0,"k":[100,100],"ix":2},"sk":{"a":0,"k":0,"ix":2},"p":{"a":0,"k":[455.017822265625,265.7479248046875],"ix":2},"r":{"a":0,"k":0,"ix":2},"sa":{"a":0,"k":0,"ix":2},"o":{"a":0,"k":100,"ix":2}}]},{"ty":"gr","bm":0,"hd":false,"nm":"Path","it":[{"ty":"sh","bm":0,"hd":false,"nm":"","d":1,"ks":{"a":0,"k":{"c":true,"i":[[0,0],[0,0],[15.275,1.709],[0.408,0.043],[0.343,0.032],[-2.114,-13.666],[-15.886,-1.569],[-8.517,23.227],[0,0]],"o":[[0,0],[4.742,-12.935],[-0.408,-0.043],[-0.343,-0.032],[-15.415,-1.354],[3.894,25.16],[15.887,1.568],[0,0],[0,0]],"v":[[22.269,-12.253],[22.966,-14.143],[2.532,-42.549],[1.319,-42.678],[0.29,-42.774],[-25.594,-18.752],[-8.142,42.56],[22.28,-12.253],[22.269,-12.253]]}}},{"ty":"st","bm":0,"hd":false,"nm":"","lc":1,"lj":1,"ml":4,"o":{"a":0,"k":100,"ix":2},"w":{"a":0,"k":5,"ix":2},"c":{"a":0,"k":[0.8667,0.8667,0.8667],"ix":2}},{"ty":"fl","bm":0,"hd":false,"nm":"","c":{"a":0,"k":[1,1,1],"ix":2},"r":1,"o":{"a":0,"k":100,"ix":2}},{"ty":"tr","a":{"a":0,"k":[-0.8331039398687281,-0.1336086408402366],"ix":2},"s":{"a":0,"k":[100,100],"ix":2},"sk":{"a":0,"k":0,"ix":2},"p":{"a":0,"k":[617.7578735351562,750.96337890625],"ix":2},"r":{"a":0,"k":0,"ix":2},"sa":{"a":0,"k":0,"ix":2},"o":{"a":0,"k":100,"ix":2}}]},{"ty":"gr","bm":0,"hd":false,"nm":"Path","it":[{"ty":"sh","bm":0,"hd":false,"nm":"","d":1,"ks":{"a":0,"k":{"c":true,"i":[[0,0],[3.304,10.367],[0,0],[-5.643,24.172],[0,0],[12.926,0.505],[2.949,-0.129],[2.65,-0.323],[-3.336,-10.378],[0,0],[6.715,-27.31],[-13.022,-0.483],[-2.897,0.118],[-2.66,0.322],[0,0]],"o":[[12.915,-1.579],[0,0],[-7.52,-23.614],[0,0],[2.467,-10.582],[-2.714,-0.107],[-2.897,0.118],[-12.947,1.579],[0,0],[8.603,26.676],[-2.607,10.625],[2.661,0.097],[2.907,-0.118],[0,0],[0,0]],"v":[[10.62,62.606],[28.727,40.024],[27.311,35.587],[24.49,-36.21],[25.938,-42.409],[6.265,-63.305],[-2.252,-63.283],[-10.598,-62.606],[-28.694,-39.97],[-28.651,-39.831],[-25.776,42.248],[-6.136,63.315],[2.221,63.294],[10.609,62.617],[10.62,62.606]]}}},{"ty":"st","bm":0,"hd":false,"nm":"","lc":1,"lj":1,"ml":4,"o":{"a":0,"k":100,"ix":2},"w":{"a":0,"k":5,"ix":2},"c":{"a":0,"k":[0.8667,0.8667,0.8667],"ix":2}},{"ty":"fl","bm":0,"hd":false,"nm":"","c":{"a":0,"k":[1,1,1],"ix":2},"r":1,"o":{"a":0,"k":100,"ix":2}},{"ty":"tr","a":{"a":0,"k":[0.01014728274745025,0.001312528521687284],"ix":2},"s":{"a":0,"k":[100,100],"ix":2},"sk":{"a":0,"k":0,"ix":2},"p":{"a":0,"k":[614.93115234375,652.9263305664062],"ix":2},"r":{"a":0,"k":0,"ix":2},"sa":{"a":0,"k":0,"ix":2},"o":{"a":0,"k":100,"ix":2}}]},{"ty":"gr","bm":0,"hd":false,"nm":"Path","it":[{"ty":"sh","bm":0,"hd":false,"nm":"","d":1,"ks":{"a":0,"k":{"c":true,"i":[[0,0],[5.686,14.697],[0,0],[0.536,40.599],[0,0],[18.482,-3.685],[0.258,-0.054],[0.183,-0.043],[-5.739,-14.708],[0,0],[-0.225,-44.349],[0,0],[-18.568,3.728],[-0.226,0.043],[-0.193,0.043]],"o":[[18.515,-4.028],[0,0],[-14.567,-37.655],[0,0],[-0.204,-15.781],[-0.258,0.053],[-0.182,0.043],[-18.546,4.018],[0,0],[16.004,41.05],[0,0],[0.086,15.857],[0.215,-0.043],[0.193,-0.043],[0,0]],"v":[[20.312,103.532],[44.49,67.919],[39.201,54.253],[16.514,-63.31],[16.289,-80.768],[-18.96,-103.833],[-19.732,-103.672],[-20.279,-103.555],[-44.437,-67.887],[-40.724,-58.357],[-16.236,70.497],[-16.182,80.552],[19.078,103.791],[19.732,103.661],[20.312,103.532]]}}},{"ty":"st","bm":0,"hd":false,"nm":"","lc":1,"lj":1,"ml":4,"o":{"a":0,"k":100,"ix":2},"w":{"a":0,"k":5,"ix":2},"c":{"a":0,"k":[0.8667,0.8667,0.8667],"ix":2}},{"ty":"fl","bm":0,"hd":false,"nm":"","c":{"a":0,"k":[1,1,1],"ix":2},"r":1,"o":{"a":0,"k":100,"ix":2}},{"ty":"tr","a":{"a":0,"k":[0.01497142805295937,-0.01700784595432481],"ix":2},"s":{"a":0,"k":[100,100],"ix":2},"sk":{"a":0,"k":0,"ix":2},"p":{"a":0,"k":[595.4999389648438,498.3170166015625],"ix":2},"r":{"a":0,"k":0,"ix":2},"sa":{"a":0,"k":0,"ix":2},"o":{"a":0,"k":100,"ix":2}}]},{"ty":"gr","bm":0,"hd":false,"nm":"Path","it":[{"ty":"sh","bm":0,"hd":false,"nm":"","d":1,"ks":{"a":0,"k":{"c":true,"i":[[0,0],[-0.762,14.16],[0,0],[12.304,34.797],[0,0],[-18.708,2.127],[-0.268,0.032],[-0.182,0.011],[0.794,-14.192],[0,0],[-13.763,-37.923],[0,0],[18.794,-2.106],[0.215,-0.032],[0.193,-0.022],[0,0]],"o":[[-18.837,1.837],[0,0],[1.952,-36.291],[0,0],[-4.784,-13.526],[0.258,-0.032],[0.183,-0.021],[18.869,-1.848],[0,0],[-2.231,39.599],[0,0],[4.924,13.558],[-0.214,0.022],[-0.193,0.022],[0,0],[0,0]],"v":[[13.393,94.165],[-20.783,70.648],[-20.075,57.477],[-35.629,-49.322],[-40.918,-64.287],[-14.744,-94.014],[-13.961,-94.1],[-13.403,-94.154],[20.773,-70.583],[20.258,-61.397],[37.657,55.564],[40.778,64.159],[14.658,94.036],[14.004,94.111],[13.414,94.176],[13.393,94.165]]}}},{"ty":"st","bm":0,"hd":false,"nm":"","lc":1,"lj":1,"ml":4,"o":{"a":0,"k":100,"ix":2},"w":{"a":0,"k":5,"ix":2},"c":{"a":0,"k":[0.8667,0.8667,0.8667],"ix":2}},{"ty":"fl","bm":0,"hd":false,"nm":"","c":{"a":0,"k":[1,1,1],"ix":2},"r":1,"o":{"a":0,"k":100,"ix":2}},{"ty":"tr","a":{"a":0,"k":[-0.04331986965691925,0.004641250825443421],"ix":2},"s":{"a":0,"k":[100,100],"ix":2},"sk":{"a":0,"k":0,"ix":2},"p":{"a":0,"k":[530.794677734375,502.3136291503906],"ix":2},"r":{"a":0,"k":0,"ix":2},"sa":{"a":0,"k":0,"ix":2},"o":{"a":0,"k":100,"ix":2}}]},{"ty":"gr","bm":0,"hd":false,"nm":"Path","it":[{"ty":"sh","bm":0,"hd":false,"nm":"","d":1,"ks":{"a":0,"k":{"c":true,"i":[[0,0],[-1.437,13.643],[0,0],[9.848,34.131],[0,0],[-17.742,1.236],[-0.246,0.021],[-0.172,0.011],[1.481,-13.654],[0,0],[-11.059,-37.204],[0,0],[17.828,-1.224],[0.204,-0.01],[0.182,-0.011]],"o":[[-17.86,0.956],[0,0],[3.669,-34.948],[0,0],[-3.819,-13.267],[0.247,-0.021],[0.172,0],[17.882,-0.967],[0,0],[-4.109,38.128],[0,0],[3.958,13.3],[-0.204,0.011],[-0.193,0.011],[0,0]],"v":[[7.868,91.496],[-23.165,67.313],[-21.835,54.625],[-31.103,-49.155],[-35.329,-63.832],[-9.145,-91.398],[-8.405,-91.452],[-7.879,-91.484],[23.143,-67.259],[22.189,-58.405],[32.679,55.269],[35.19,63.702],[9.048,91.419],[8.426,91.462],[7.868,91.496]]}}},{"ty":"st","bm":0,"hd":false,"nm":"","lc":1,"lj":1,"ml":4,"o":{"a":0,"k":100,"ix":2},"w":{"a":0,"k":5,"ix":2},"c":{"a":0,"k":[0.8667,0.8667,0.8667],"ix":2}},{"ty":"fl","bm":0,"hd":false,"nm":"","c":{"a":0,"k":[1,1,1],"ix":2},"r":1,"o":{"a":0,"k":100,"ix":2}},{"ty":"tr","a":{"a":0,"k":[-0.04679768299900644,0.00547323089968188],"ix":2},"s":{"a":0,"k":[100,100],"ix":2},"sk":{"a":0,"k":0,"ix":2},"p":{"a":0,"k":[466.3392028808594,506.6924743652344],"ix":2},"r":{"a":0,"k":0,"ix":2},"sa":{"a":0,"k":0,"ix":2},"o":{"a":0,"k":100,"ix":2}}]},{"ty":"gr","bm":0,"hd":false,"nm":"Path","it":[{"ty":"sh","bm":0,"hd":false,"nm":"","d":1,"ks":{"a":0,"k":{"c":true,"i":[[0,0],[-2.457,11.818],[0,0],[6.533,30.189],[0,0],[-16.841,0.248],[0,0],[0,0],[2.489,-11.828],[0,0],[-7.445,-32.928],[0,0],[16.916,-0.225],[0,0],[0,0],[0,0]],"o":[[-16.927,0],[0,0],[6.286,-30.253],[0,0],[-2.543,-11.731],[0,0],[0,0],[16.949,0],[0,0],[-6.951,33.003],[0,0],[2.66,11.764],[0,0],[0,0],[0,0],[0,0]],"v":[[0.033,80.022],[-27.299,57.493],[-25.015,46.513],[-25.391,-44.289],[-28.201,-57.267],[-1.277,-80.032],[-0.569,-80.032],[-0.065,-80.032],[27.267,-57.46],[25.658,-49.8],[26.399,49.672],[28.083,57.138],[1.18,80.032],[0.59,80.032],[0.053,80.032],[0.033,80.022]]}}},{"ty":"st","bm":0,"hd":false,"nm":"","lc":1,"lj":1,"ml":4,"o":{"a":0,"k":100,"ix":2},"w":{"a":0,"k":5,"ix":2},"c":{"a":0,"k":[0.8667,0.8667,0.8667],"ix":2}},{"ty":"fl","bm":0,"hd":false,"nm":"","c":{"a":0,"k":[1,1,1],"ix":2},"r":1,"o":{"a":0,"k":100,"ix":2}},{"ty":"tr","a":{"a":0,"k":[-0.0451074847123607,0],"ix":2},"s":{"a":0,"k":[100,100],"ix":2},"sk":{"a":0,"k":0,"ix":2},"p":{"a":0,"k":[403.3628845214844,499.1239929199219],"ix":2},"r":{"a":0,"k":0,"ix":2},"sa":{"a":0,"k":0,"ix":2},"o":{"a":0,"k":100,"ix":2}}]},{"ty":"gr","bm":0,"hd":false,"nm":"Path","it":[{"ty":"sh","bm":0,"hd":false,"nm":"","d":1,"ks":{"a":0,"k":{"c":true,"i":[[0,0],[7.412,30.694],[-8.636,-1.203],[-1.984,-26.279],[-0.011,-0.408]],"o":[[1.083,31.564],[-3.175,-13.15],[16.122,2.256],[0.033,0.408],[0,0]],"v":[[27.075,-4.819],[-24.983,1.628],[-15.886,-28.109],[27.01,-6.043],[27.075,-4.819]]}}},{"ty":"st","bm":0,"hd":false,"nm":"","lc":1,"lj":1,"ml":4,"o":{"a":0,"k":100,"ix":2},"w":{"a":0,"k":5,"ix":2},"c":{"a":0,"k":[0.8667,0.8667,0.8667],"ix":2}},{"ty":"fl","bm":0,"hd":false,"nm":"","c":{"a":0,"k":[1,1,1],"ix":2},"r":1,"o":{"a":0,"k":100,"ix":2}},{"ty":"tr","a":{"a":0,"k":[0.4884095312830112,-3.099553795366244],"ix":2},"s":{"a":0,"k":[100,100],"ix":2},"sk":{"a":0,"k":0,"ix":2},"p":{"a":0,"k":[542.5803833007812,610.1394653320312],"ix":2},"r":{"a":0,"k":0,"ix":2},"sa":{"a":0,"k":0,"ix":2},"o":{"a":0,"k":100,"ix":2}}]},{"ty":"gr","bm":0,"hd":false,"nm":"Path","it":[{"ty":"sh","bm":0,"hd":false,"nm":"","d":1,"ks":{"a":0,"k":{"c":true,"i":[[0,0],[7.412,30.693],[-8.636,-1.203],[-1.984,-26.278],[-0.011,-0.408]],"o":[[1.083,31.564],[-3.175,-13.15],[16.122,2.256],[0.033,0.408],[0,0]],"v":[[27.075,-4.818],[-24.983,1.628],[-15.886,-28.11],[27.01,-6.043],[27.075,-4.818]]}}},{"ty":"st","bm":0,"hd":false,"nm":"","lc":1,"lj":1,"ml":4,"o":{"a":0,"k":100,"ix":2},"w":{"a":0,"k":5,"ix":2},"c":{"a":0,"k":[0.8667,0.8667,0.8667],"ix":2}},{"ty":"fl","bm":0,"hd":false,"nm":"","c":{"a":0,"k":[1,1,1],"ix":2},"r":1,"o":{"a":0,"k":100,"ix":2}},{"ty":"tr","a":{"a":0,"k":[0.4884095312830112,-3.100041652699311],"ix":2},"s":{"a":0,"k":[100,100],"ix":2},"sk":{"a":0,"k":0,"ix":2},"p":{"a":0,"k":[475.5414123535156,609.4299926757812],"ix":2},"r":{"a":0,"k":0,"ix":2},"sa":{"a":0,"k":0,"ix":2},"o":{"a":0,"k":100,"ix":2}}]},{"ty":"gr","bm":0,"hd":false,"nm":"Path","it":[{"ty":"sh","bm":0,"hd":false,"nm":"","d":1,"ks":{"a":0,"k":{"c":true,"i":[[0,0],[7.412,30.693],[-8.635,-1.203],[-1.984,-26.278],[-0.01,-0.408]],"o":[[1.084,31.564],[-3.175,-13.15],[16.123,2.256],[0.032,0.408],[0,0]],"v":[[27.074,-4.818],[-24.983,1.628],[-15.887,-28.11],[27.01,-6.043],[27.074,-4.818]]}}},{"ty":"st","bm":0,"hd":false,"nm":"","lc":1,"lj":1,"ml":4,"o":{"a":0,"k":100,"ix":2},"w":{"a":0,"k":5,"ix":2},"c":{"a":0,"k":[0.8667,0.8667,0.8667],"ix":2}},{"ty":"fl","bm":0,"hd":false,"nm":"","c":{"a":0,"k":[1,1,1],"ix":2},"r":1,"o":{"a":0,"k":100,"ix":2}},{"ty":"tr","a":{"a":0,"k":[0.48791989219934,-3.100041652699311],"ix":2},"s":{"a":0,"k":[100,100],"ix":2},"sk":{"a":0,"k":0,"ix":2},"p":{"a":0,"k":[403.3459167480469,584.365966796875],"ix":2},"r":{"a":0,"k":0,"ix":2},"sa":{"a":0,"k":0,"ix":2},"o":{"a":0,"k":100,"ix":2}}]},{"ty":"gr","bm":0,"hd":false,"nm":"Path","it":[{"ty":"sh","bm":0,"hd":false,"nm":"","d":1,"ks":{"a":0,"k":{"c":true,"i":[[0,0],[-12.496,-51.729],[14.545,2.03],[3.337,44.295],[0.033,0.687]],"o":[[-1.823,-53.201],[5.353,22.164],[-27.182,-3.803],[-0.053,-0.687],[0,0]],"v":[[-45.638,8.117],[42.108,-2.745],[26.78,47.373],[-45.52,10.179],[-45.638,8.117]]}}},{"ty":"st","bm":0,"hd":false,"nm":"","lc":1,"lj":1,"ml":4,"o":{"a":0,"k":100,"ix":2},"w":{"a":0,"k":5,"ix":2},"c":{"a":0,"k":[0.8667,0.8667,0.8667],"ix":2}},{"ty":"fl","bm":0,"hd":false,"nm":"","c":{"a":0,"k":[1,1,1],"ix":2},"r":1,"o":{"a":0,"k":100,"ix":2}},{"ty":"tr","a":{"a":0,"k":[-0.8251805482341297,5.22178880234528],"ix":2},"s":{"a":0,"k":[100,100],"ix":2},"sk":{"a":0,"k":0,"ix":2},"p":{"a":0,"k":[412.1708068847656,387.9428100585938],"ix":2},"r":{"a":0,"k":0,"ix":2},"sa":{"a":0,"k":0,"ix":2},"o":{"a":0,"k":100,"ix":2}}]},{"ty":"gr","bm":0,"hd":false,"nm":"Path","it":[{"ty":"sh","bm":0,"hd":false,"nm":"","d":1,"ks":{"a":0,"k":{"c":true,"i":[[0,0],[-12.497,-51.728],[14.546,2.03],[3.336,44.294],[0.032,0.687]],"o":[[-1.824,-53.201],[5.353,22.164],[-27.182,-3.803],[-0.054,-0.688],[0,0]],"v":[[-45.638,8.116],[42.108,-2.746],[26.779,47.372],[-45.52,10.18],[-45.638,8.116]]}}},{"ty":"st","bm":0,"hd":false,"nm":"","lc":1,"lj":1,"ml":4,"o":{"a":0,"k":100,"ix":2},"w":{"a":0,"k":5,"ix":2},"c":{"a":0,"k":[0.8667,0.8667,0.8667],"ix":2}},{"ty":"fl","bm":0,"hd":false,"nm":"","c":{"a":0,"k":[1,1,1],"ix":2},"r":1,"o":{"a":0,"k":100,"ix":2}},{"ty":"tr","a":{"a":0,"k":[-0.8252048392077072,5.220992371061989],"ix":2},"s":{"a":0,"k":[100,100],"ix":2},"sk":{"a":0,"k":0,"ix":2},"p":{"a":0,"k":[480.4438171386719,390.5419921875],"ix":2},"r":{"a":0,"k":0,"ix":2},"sa":{"a":0,"k":0,"ix":2},"o":{"a":0,"k":100,"ix":2}}]},{"ty":"gr","bm":0,"hd":false,"nm":"Path","it":[{"ty":"sh","bm":0,"hd":false,"nm":"","d":1,"ks":{"a":0,"k":{"c":true,"i":[[0,0],[-12.496,-51.729],[14.545,2.03],[3.336,44.295],[0.033,0.687]],"o":[[-1.823,-53.201],[5.353,22.164],[-27.182,-3.803],[-0.053,-0.687],[0,0]],"v":[[-45.638,8.117],[42.108,-2.745],[26.78,47.373],[-45.52,10.179],[-45.638,8.117]]}}},{"ty":"st","bm":0,"hd":false,"nm":"","lc":1,"lj":1,"ml":4,"o":{"a":0,"k":100,"ix":2},"w":{"a":0,"k":5,"ix":2},"c":{"a":0,"k":[0.8667,0.8667,0.8667],"ix":2}},{"ty":"fl","bm":0,"hd":false,"nm":"","c":{"a":0,"k":[1,1,1],"ix":2},"r":1,"o":{"a":0,"k":100,"ix":2}},{"ty":"tr","a":{"a":0,"k":[-0.8251805482341297,5.22178880234528],"ix":2},"s":{"a":0,"k":[100,100],"ix":2},"sk":{"a":0,"k":0,"ix":2},"p":{"a":0,"k":[471.1318054199219,327.6297912597656],"ix":2},"r":{"a":0,"k":0,"ix":2},"sa":{"a":0,"k":0,"ix":2},"o":{"a":0,"k":100,"ix":2}}]},{"ty":"gr","bm":0,"hd":false,"nm":"Path","it":[{"ty":"sh","bm":0,"hd":false,"nm":"","d":1,"ks":{"a":0,"k":{"c":true,"i":[[0,0],[-12.497,-51.729],[14.546,2.03],[3.336,44.294],[0.032,0.688]],"o":[[-1.824,-53.201],[5.352,22.163],[-27.182,-3.803],[-0.054,-0.688],[0,0]],"v":[[-45.637,8.116],[42.109,-2.745],[26.78,47.372],[-45.519,10.18],[-45.637,8.116]]}}},{"ty":"st","bm":0,"hd":false,"nm":"","lc":1,"lj":1,"ml":4,"o":{"a":0,"k":100,"ix":2},"w":{"a":0,"k":5,"ix":2},"c":{"a":0,"k":[0.8667,0.8667,0.8667],"ix":2}},{"ty":"fl","bm":0,"hd":false,"nm":"","c":{"a":0,"k":[1,1,1],"ix":2},"r":1,"o":{"a":0,"k":100,"ix":2}},{"ty":"tr","a":{"a":0,"k":[-0.82441300472086,5.221074612723008],"ix":2},"s":{"a":0,"k":[100,100],"ix":2},"sk":{"a":0,"k":0,"ix":2},"p":{"a":0,"k":[409.4526062011719,345.6990661621094],"ix":2},"r":{"a":0,"k":0,"ix":2},"sa":{"a":0,"k":0,"ix":2},"o":{"a":0,"k":100,"ix":2}}]},{"ty":"gr","bm":0,"hd":false,"nm":"Path","it":[{"ty":"sh","bm":0,"hd":false,"nm":"","d":1,"ks":{"a":0,"k":{"c":true,"i":[[0,0],[-12.497,-51.729],[14.545,2.031],[3.336,44.295],[0.033,0.688]],"o":[[-1.823,-53.2],[5.353,22.163],[-27.182,-3.803],[-0.053,-0.687],[0,0]],"v":[[-45.638,8.116],[42.108,-2.745],[26.78,47.372],[-45.52,10.179],[-45.638,8.116]]}}},{"ty":"st","bm":0,"hd":false,"nm":"","lc":1,"lj":1,"ml":4,"o":{"a":0,"k":100,"ix":2},"w":{"a":0,"k":5,"ix":2},"c":{"a":0,"k":[0.8667,0.8667,0.8667],"ix":2}},{"ty":"fl","bm":0,"hd":false,"nm":"","c":{"a":0,"k":[1,1,1],"ix":2},"r":1,"o":{"a":0,"k":100,"ix":2}},{"ty":"tr","a":{"a":0,"k":[-0.8251807503826214,5.221288061096665],"ix":2},"s":{"a":0,"k":[100,100],"ix":2},"sk":{"a":0,"k":0,"ix":2},"p":{"a":0,"k":[546.4678344726562,377.790283203125],"ix":2},"r":{"a":0,"k":0,"ix":2},"sa":{"a":0,"k":0,"ix":2},"o":{"a":0,"k":100,"ix":2}}]},{"ty":"gr","bm":0,"hd":false,"nm":"Path","it":[{"ty":"sh","bm":0,"hd":false,"nm":"","d":1,"ks":{"a":0,"k":{"c":true,"i":[[0,0],[26.882,-16.105],[11.51,30.779],[0,0],[0,0]],"o":[[28.212,-13.859],[-26.881,16.104],[-11.499,-30.78],[0,0],[0,0]],"v":[[-5.589,-39.412],[33.714,16.228],[-49.097,22.491],[-5.6,-39.412],[-5.589,-39.412]]}}},{"ty":"st","bm":0,"hd":false,"nm":"","lc":1,"lj":1,"ml":4,"o":{"a":0,"k":100,"ix":2},"w":{"a":0,"k":5,"ix":2},"c":{"a":0,"k":[0.8667,0.8667,0.8667],"ix":2}},{"ty":"fl","bm":0,"hd":false,"nm":"","c":{"a":0,"k":[1,1,1],"ix":2},"r":1,"o":{"a":0,"k":100,"ix":2}},{"ty":"tr","a":{"a":0,"k":[-3.892209917282621,-1.701629500778438],"ix":2},"s":{"a":0,"k":[100,100],"ix":2},"sk":{"a":0,"k":0,"ix":2},"p":{"a":0,"k":[522.3157958984375,313.5293579101562],"ix":2},"r":{"a":0,"k":0,"ix":2},"sa":{"a":0,"k":0,"ix":2},"o":{"a":0,"k":100,"ix":2}}]},{"ty":"gr","bm":0,"hd":false,"nm":"Path","it":[{"ty":"sh","bm":0,"hd":false,"nm":"","d":1,"ks":{"a":0,"k":{"c":true,"i":[[0,0],[0,0],[12.004,-11.774],[0.311,-0.322],[0.269,-0.269],[-13.699,-8.326],[-12.293,12.398],[14.985,24.495]],"o":[[0,0],[-8.345,-13.644],[-0.311,0.312],[-0.268,0.268],[-11.778,12.15],[25.229,15.331],[12.294,-12.397],[0,0]],"v":[[6.812,-30.807],[5.589,-32.805],[-33.887,-36.426],[-34.831,-35.48],[-35.625,-34.674],[-31.826,5.226],[35.109,35.801],[6.812,-30.807]]}}},{"ty":"st","bm":0,"hd":false,"nm":"","lc":1,"lj":1,"ml":4,"o":{"a":0,"k":100,"ix":2},"w":{"a":0,"k":5,"ix":2},"c":{"a":0,"k":[0.8667,0.8667,0.8667],"ix":2}},{"ty":"fl","bm":0,"hd":false,"nm":"","c":{"a":0,"k":[1,1,1],"ix":2},"r":1,"o":{"a":0,"k":100,"ix":2}},{"ty":"tr","a":{"a":0,"k":[-2.524763868162303,-2.670801088238782],"ix":2},"s":{"a":0,"k":[100,100],"ix":2},"sk":{"a":0,"k":0,"ix":2},"p":{"a":0,"k":[734.1752319335938,559.2911987304688],"ix":2},"r":{"a":0,"k":0,"ix":2},"sa":{"a":0,"k":0,"ix":2},"o":{"a":0,"k":100,"ix":2}}]},{"ty":"gr","bm":0,"hd":false,"nm":"Path","it":[{"ty":"sh","bm":0,"hd":false,"nm":"","d":1,"ks":{"a":0,"k":{"c":true,"i":[[0,0],[8.324,9.024],[0,0],[8.056,30.651],[0,0],[17.495,-9.766],[0.247,-0.14],[0.172,-0.097],[-8.367,-9.014],[0,0],[-8.453,-33.605],[0,0],[-17.56,9.83],[-0.204,0.118],[-0.182,0.097],[0,0]],"o":[[17.463,-10.034],[0,0],[-21.304,-23.119],[0,0],[-3.132,-11.914],[-0.247,0.139],[-0.172,0.097],[-17.485,10.045],[0,0],[23.342,25.161],[0,0],[3.025,12.022],[0.204,-0.118],[0.182,-0.107],[0,0],[0,0]],"v":[[39.17,71.023],[56.333,34.851],[48.599,26.46],[4.49,-54.319],[1.025,-67.49],[-37.913,-71.733],[-38.643,-71.324],[-39.158,-71.035],[-56.289,-34.829],[-50.872,-28.996],[-2.891,59.678],[-0.97,67.296],[38.001,71.668],[38.612,71.324],[39.159,71.012],[39.17,71.023]]}}},{"ty":"st","bm":0,"hd":false,"nm":"","lc":1,"lj":1,"ml":4,"o":{"a":0,"k":100,"ix":2},"w":{"a":0,"k":5,"ix":2},"c":{"a":0,"k":[0.8667,0.8667,0.8667],"ix":2}},{"ty":"fl","bm":0,"hd":false,"nm":"","c":{"a":0,"k":[1,1,1],"ix":2},"r":1,"o":{"a":0,"k":100,"ix":2}},{"ty":"tr","a":{"a":0,"k":[0.00807738166670191,-0.02732343935328174],"ix":2},"s":{"a":0,"k":[100,100],"ix":2},"sk":{"a":0,"k":0,"ix":2},"p":{"a":0,"k":[674.5480346679688,465.8306884765625],"ix":2},"r":{"a":0,"k":0,"ix":2},"sa":{"a":0,"k":0,"ix":2},"o":{"a":0,"k":100,"ix":2}}]},{"ty":"gr","bm":0,"hd":false,"nm":"Path","it":[{"ty":"sh","bm":0,"hd":false,"nm":"","d":1,"ks":{"a":0,"k":{"c":true,"i":[[0,0],[24.178,30.919],[-29.209,47.088],[-33.651,-31.37],[22.162,-43.005]],"o":[[-11.606,22.518],[-40.194,-51.407],[14.074,-22.679],[33.661,31.371],[0,0]],"v":[[67.569,40.626],[1.363,49.833],[-60.521,-58.073],[11.81,-19.569],[67.569,40.626]]}}},{"ty":"st","bm":0,"hd":false,"nm":"","lc":1,"lj":1,"ml":4,"o":{"a":0,"k":100,"ix":2},"w":{"a":0,"k":5,"ix":2},"c":{"a":0,"k":[0.8667,0.8667,0.8667],"ix":2}},{"ty":"fl","bm":0,"hd":false,"nm":"","c":{"a":0,"k":[1,1,1],"ix":2},"r":1,"o":{"a":0,"k":100,"ix":2}},{"ty":"tr","a":{"a":0,"k":[2.184861557764961,0.2080776233123203],"ix":2},"s":{"a":0,"k":[100,100],"ix":2},"sk":{"a":0,"k":0,"ix":2},"p":{"a":0,"k":[585.23388671875,348.0350646972656],"ix":2},"r":{"a":0,"k":0,"ix":2},"sa":{"a":0,"k":0,"ix":2},"o":{"a":0,"k":100,"ix":2}}]}],"ind":1},{"ty":4,"nm":"Ðº2","sr":1,"st":0,"op":601,"ip":0,"hd":false,"ddd":0,"bm":0,"hasMask":false,"ao":0,"ks":{"a":{"a":0,"k":[540,540],"ix":2},"s":{"a":0,"k":[100,100],"ix":2},"sk":{"a":0,"k":0,"ix":2},"p":{"a":0,"k":[540,540],"ix":2},"r":{"a":0,"k":0,"ix":2},"sa":{"a":0,"k":0,"ix":2},"o":{"a":1,"k":[{"o":{"x":0.167,"y":0},"i":{"x":0.833,"y":1},"s":[2],"t":150},{"o":{"x":0.167,"y":0},"i":{"x":0.667,"y":1},"s":[100],"t":175},{"o":{"x":0.333,"y":0},"i":{"x":0.833,"y":1},"s":[100],"t":225},{"s":[1],"t":250}],"ix":2}},"ef":[],"shapes":[{"ty":"gr","bm":0,"hd":false,"nm":"Path","it":[{"ty":"sh","bm":0,"hd":false,"nm":"","d":1,"ks":{"a":1,"k":[{"o":{"x":0.167,"y":0},"i":{"x":0.667,"y":1},"s":[{"c":true,"i":[[0,0],[0,2.347],[6.351,0],[0,-2.347],[-6.351,0]],"o":[[6.351,0],[0,-2.347],[-6.351,0],[0,2.347],[0,0]],"v":[[-3.423,4.907],[8.077,0.657],[-3.423,-3.593],[-14.923,0.657],[-3.423,4.907]]}],"t":150},{"s":[{"c":true,"i":[[0,0],[0.021,13.117],[47.084,-0.074],[-0.021,-13.117],[-47.083,0.074]],"o":[[47.084,-0.074],[-0.021,-13.117],[-47.083,0.074],[0.021,13.117],[0,0]],"v":[[0.365,22.409],[85.579,-1.476],[0.29,-25.093],[-84.924,-1.208],[0.365,22.409]]}],"t":250}],"ix":2}},{"ty":"gs","bm":0,"hd":false,"nm":"","e":{"a":0,"k":[111.18304443359375,-1.2581787109375],"ix":2},"g":{"p":2,"k":{"a":0,"k":[0,0.19215686274509805,0.8,0.0196078431372549,1,0.7333333333333333,1,0,0,1,1,0.9999400813405107],"ix":2}},"t":1,"a":{"a":0,"k":0},"h":{"a":0,"k":0},"s":{"a":0,"k":[-50,0],"ix":2},"lc":1,"lj":1,"ml":4,"o":{"a":0,"k":100,"ix":2},"w":{"a":0,"k":5,"ix":2}},{"ty":"tr","a":{"a":0,"k":[-3.423,0.657],"ix":2},"s":{"a":0,"k":[100,100],"ix":2},"sk":{"a":0,"k":0,"ix":2},"p":{"a":0,"k":[611.5,793.25],"ix":2},"r":{"a":0,"k":0,"ix":2},"sa":{"a":0,"k":0,"ix":2},"o":{"a":0,"k":100,"ix":2}}]}],"ind":2},{"ty":4,"nm":"Ðº1","sr":1,"st":0,"op":601,"ip":0,"hd":false,"ddd":0,"bm":0,"hasMask":false,"ao":0,"ks":{"a":{"a":0,"k":[540,540],"ix":2},"s":{"a":0,"k":[100,100],"ix":2},"sk":{"a":0,"k":0,"ix":2},"p":{"a":0,"k":[540,540],"ix":2},"r":{"a":0,"k":0,"ix":2},"sa":{"a":0,"k":0,"ix":2},"o":{"a":1,"k":[{"o":{"x":0.167,"y":0},"i":{"x":0.833,"y":1},"s":[2],"t":150},{"o":{"x":0.167,"y":0},"i":{"x":0.667,"y":1},"s":[100],"t":175},{"o":{"x":0.333,"y":0},"i":{"x":0.833,"y":1},"s":[100],"t":225},{"s":[1],"t":250}],"ix":2}},"ef":[],"shapes":[{"ty":"gr","bm":0,"hd":false,"nm":"Path","it":[{"ty":"sh","bm":0,"hd":false,"nm":"","d":1,"ks":{"a":1,"k":[{"o":{"x":0.167,"y":0},"i":{"x":0.667,"y":1},"s":[{"c":true,"i":[[0,0],[0,2.347],[6.489,0],[0,-2.347],[-6.489,0]],"o":[[6.489,0],[0,-2.347],[-6.489,0],[0,2.347],[0,0]],"v":[[-3.173,5.407],[8.577,1.157],[-3.173,-3.093],[-14.923,1.157],[-3.173,5.407]]}],"t":150},{"s":[{"c":true,"i":[[0,0],[0,26.908],[82.064,0],[0,-26.908],[-82.063,0]],"o":[[82.064,0],[0,-26.908],[-82.063,0],[0,26.908],[0,0]],"v":[[0,48.721],[148.589,0],[0,-48.721],[-148.589,0],[0,48.721]]}],"t":250}],"ix":2}},{"ty":"gs","bm":0,"hd":false,"nm":"","e":{"a":0,"k":[169.94384765625,0.048583984375],"ix":2},"g":{"p":2,"k":{"a":0,"k":[0,0.19215686274509805,0.8,0.0196078431372549,1,0.7333333333333333,1,0,0,1,1,0.9999400813405107],"ix":2}},"t":1,"a":{"a":0,"k":0},"h":{"a":0,"k":0},"s":{"a":0,"k":[-50,0],"ix":2},"lc":1,"lj":1,"ml":4,"o":{"a":0,"k":100,"ix":2},"w":{"a":0,"k":5,"ix":2}},{"ty":"tr","a":{"a":0,"k":[-3.173,1.157],"ix":2},"s":{"a":0,"k":[100,100],"ix":2},"sk":{"a":0,"k":0,"ix":2},"p":{"a":0,"k":[611.75,793.75],"ix":2},"r":{"a":0,"k":0,"ix":2},"sa":{"a":0,"k":0,"ix":2},"o":{"a":0,"k":100,"ix":2}}]}],"ind":3},{"ty":4,"nm":"13","sr":1,"st":0,"op":601,"ip":0,"hd":false,"ddd":0,"bm":0,"hasMask":false,"ao":0,"ks":{"a":{"a":0,"k":[21,276],"ix":2},"s":{"a":0,"k":[100,100],"ix":2},"sk":{"a":0,"k":0,"ix":2},"p":{"a":0,"k":[561,816],"ix":2},"r":{"a":0,"k":0,"ix":2},"sa":{"a":0,"k":0,"ix":2},"o":{"a":0,"k":100,"ix":2}},"ef":[],"shapes":[{"ty":"sh","bm":0,"hd":false,"nm":"","d":1,"ks":{"a":0,"k":{"c":true,"i":[[0,0],[0,0],[0,0],[0,0],[0,0]],"o":[[0,0],[0,0],[0,0],[0,0],[0,0]],"v":[[-212,232],[-236,320],[278,317],[234,232],[-212,232]]}}},{"ty":"fl","bm":0,"hd":false,"nm":"","c":{"a":0,"k":[0.7333,1,0],"ix":2},"r":1,"o":{"a":0,"k":100,"ix":2}}],"ind":4},{"ty":4,"nm":"Ð±ÑÐ¼2 (In/Out)","sr":1,"st":0,"op":601,"ip":0,"hd":false,"ddd":0,"bm":0,"hasMask":false,"ao":0,"ks":{"a":{"a":0,"k":[0,0],"ix":2},"s":{"a":0,"k":[100,100],"ix":2},"sk":{"a":0,"k":0,"ix":2},"p":{"a":0,"k":[0,0],"ix":2},"r":{"a":0,"k":0,"ix":2},"sa":{"a":0,"k":0,"ix":2},"o":{"a":1,"k":[{"o":{"x":0.167,"y":0.167},"i":{"x":0.833,"y":0.833},"s":[100],"t":249},{"s":[0],"t":250}],"ix":2}},"ef":[],"shapes":[{"ty":"gr","bm":0,"hd":false,"nm":"Ð±ÑÐ¼2","it":[{"ty":"gr","bm":0,"hd":false,"nm":"Path","it":[{"ty":"sh","bm":0,"hd":false,"nm":"","d":1,"ks":{"a":0,"k":{"c":false,"i":[[0,0],[0,-5.726]],"o":[[5.707,0],[0,0]],"v":[[-5.171,-5.178],[5.171,5.178]]}}},{"ty":"st","bm":0,"hd":false,"nm":"","lc":2,"lj":1,"ml":4,"o":{"a":0,"k":100,"ix":2},"w":{"a":0,"k":5,"ix":2},"c":{"a":0,"k":[0.1922,0.8,0.0196],"ix":2}},{"ty":"tr","a":{"a":0,"k":[0,0],"ix":2},"s":{"a":0,"k":[100,100],"ix":2},"sk":{"a":0,"k":0,"ix":2},"p":{"a":0,"k":[71.0510025024414,61.37799835205078],"ix":2},"r":{"a":0,"k":0,"ix":2},"sa":{"a":0,"k":0,"ix":2},"o":{"a":0,"k":100,"ix":2}}]},{"ty":"gr","bm":0,"hd":false,"nm":"Path","it":[{"ty":"sh","bm":0,"hd":false,"nm":"","d":1,"ks":{"a":0,"k":{"c":true,"i":[[0,0],[0,10.294],[10.279,0],[0,-10.295],[-10.278,0]],"o":[[10.279,0],[0,-10.295],[-10.278,0],[0,10.294],[0,0]],"v":[[0,18.639],[18.611,0.001],[0,-18.639],[-18.611,0.001],[0,18.639]]}}},{"ty":"st","bm":0,"hd":false,"nm":"","lc":1,"lj":1,"ml":4,"o":{"a":0,"k":100,"ix":2},"w":{"a":0,"k":5,"ix":2},"c":{"a":0,"k":[0.1922,0.8,0.0196],"ix":2}},{"ty":"fl","bm":0,"hd":false,"nm":"","c":{"a":0,"k":[0.7333,1,0],"ix":2},"r":1,"o":{"a":0,"k":100,"ix":2}},{"ty":"tr","a":{"a":0,"k":[0,0],"ix":2},"s":{"a":0,"k":[100,100],"ix":2},"sk":{"a":0,"k":0,"ix":2},"p":{"a":0,"k":[65.88300323486328,66.55599975585938],"ix":2},"r":{"a":0,"k":0,"ix":2},"sa":{"a":0,"k":0,"ix":2},"o":{"a":0,"k":100,"ix":2}}]},{"ty":"tr","a":{"a":0,"k":[66.913,65.152],"ix":2},"s":{"a":0,"k":[100,100],"ix":2},"sk":{"a":0,"k":0,"ix":2},"p":{"a":1,"k":[{"o":{"x":0.167,"y":0},"i":{"x":0.833,"y":1},"s":[369.913,834.152],"t":146,"ti":[7.167,31.833],"to":[-7.167,-31.833]},{"s":[326.913,643.152],"t":246}],"ix":2},"r":{"a":0,"k":0,"ix":2},"sa":{"a":0,"k":0,"ix":2},"o":{"a":0,"k":100,"ix":2}}]}],"ind":5},{"ty":4,"nm":"Ð±ÑÐ¼2","sr":1,"st":0,"op":601,"ip":0,"hd":false,"ddd":0,"bm":0,"hasMask":false,"ao":0,"ks":{"a":{"a":0,"k":[66.913,65.152],"ix":2},"s":{"a":0,"k":[100,100],"ix":2},"sk":{"a":0,"k":0,"ix":2},"p":{"a":1,"k":[{"o":{"x":0.167,"y":0},"i":{"x":0.833,"y":1},"s":[369.913,834.152],"t":146,"ti":[7.167,31.833],"to":[-7.167,-31.833]},{"s":[326.913,643.152],"t":246}],"ix":2},"r":{"a":0,"k":0,"ix":2},"sa":{"a":0,"k":0,"ix":2},"o":{"a":0,"k":100,"ix":2}},"ef":[],"shapes":[{"ty":"gr","bm":0,"hd":false,"nm":"Ð±Ð¼2 (In/Out)","it":[{"ty":"gr","bm":0,"hd":false,"nm":"Ð±Ð¼2","it":[{"ty":"gr","bm":0,"hd":false,"nm":"Path","it":[{"ty":"sh","bm":0,"hd":false,"nm":"","d":1,"ks":{"a":0,"k":{"c":false,"i":[[0,0],[0,0]],"o":[[0,0],[0,0]],"v":[[65.881,66.566],[38.194,66.566]]}}},{"ty":"st","bm":0,"hd":false,"nm":"","lc":2,"lj":1,"ml":4,"o":{"a":0,"k":100,"ix":2},"w":{"a":0,"k":5,"ix":2},"c":{"a":0,"k":[0.7333,1,0],"ix":2}},{"ty":"tm","bm":0,"hd":false,"nm":"","e":{"a":1,"k":[{"o":{"x":0.167,"y":0.167},"i":{"x":0.833,"y":0.833},"s":[0],"t":246},{"s":[100],"t":271}],"ix":2},"o":{"a":0,"k":0,"ix":2},"s":{"a":1,"k":[{"o":{"x":0.167,"y":0.167},"i":{"x":0.833,"y":0.833},"s":[0],"t":271},{"s":[100],"t":296}],"ix":2},"m":1},{"ty":"tr","a":{"a":0,"k":[52.0375,66.566],"ix":2},"s":{"a":0,"k":[100,100],"ix":2},"sk":{"a":0,"k":0,"ix":2},"p":{"a":0,"k":[52.03749847412109,66.56600189208984],"ix":2},"r":{"a":0,"k":0,"ix":2},"sa":{"a":0,"k":0,"ix":2},"o":{"a":0,"k":100,"ix":2}}]},{"ty":"gr","bm":0,"hd":false,"nm":"Path","it":[{"ty":"sh","bm":0,"hd":false,"nm":"","d":1,"ks":{"a":0,"k":{"c":false,"i":[[0,0],[0,0]],"o":[[0,0],[0,0]],"v":[[65.881,66.566],[65.881,38.879]]}}},{"ty":"st","bm":0,"hd":false,"nm":"","lc":2,"lj":1,"ml":4,"o":{"a":0,"k":100,"ix":2},"w":{"a":0,"k":5,"ix":2},"c":{"a":0,"k":[0.7333,1,0],"ix":2}},{"ty":"tm","bm":0,"hd":false,"nm":"","e":{"a":1,"k":[{"o":{"x":0.167,"y":0.167},"i":{"x":0.833,"y":0.833},"s":[0],"t":246},{"s":[100],"t":271}],"ix":2},"o":{"a":0,"k":0,"ix":2},"s":{"a":1,"k":[{"o":{"x":0.167,"y":0.167},"i":{"x":0.833,"y":0.833},"s":[0],"t":271},{"s":[100],"t":296}],"ix":2},"m":1},{"ty":"tr","a":{"a":0,"k":[65.881,52.7225],"ix":2},"s":{"a":0,"k":[100,100],"ix":2},"sk":{"a":0,"k":0,"ix":2},"p":{"a":0,"k":[65.88099670410156,52.72249984741211],"ix":2},"r":{"a":0,"k":0,"ix":2},"sa":{"a":0,"k":0,"ix":2},"o":{"a":0,"k":100,"ix":2}}]},{"ty":"gr","bm":0,"hd":false,"nm":"Path","it":[{"ty":"sh","bm":0,"hd":false,"nm":"","d":1,"ks":{"a":0,"k":{"c":false,"i":[[0,0],[0,0]],"o":[[0,0],[0,0]],"v":[[65.881,66.566],[93.568,66.566]]}}},{"ty":"st","bm":0,"hd":false,"nm":"","lc":2,"lj":1,"ml":4,"o":{"a":0,"k":100,"ix":2},"w":{"a":0,"k":5,"ix":2},"c":{"a":0,"k":[0.7333,1,0],"ix":2}},{"ty":"tm","bm":0,"hd":false,"nm":"","e":{"a":1,"k":[{"o":{"x":0.167,"y":0.167},"i":{"x":0.833,"y":0.833},"s":[0],"t":246},{"s":[100],"t":271}],"ix":2},"o":{"a":0,"k":0,"ix":2},"s":{"a":1,"k":[{"o":{"x":0.167,"y":0.167},"i":{"x":0.833,"y":0.833},"s":[0],"t":271},{"s":[100],"t":296}],"ix":2},"m":1},{"ty":"tr","a":{"a":0,"k":[79.7245,66.566],"ix":2},"s":{"a":0,"k":[100,100],"ix":2},"sk":{"a":0,"k":0,"ix":2},"p":{"a":0,"k":[79.72450256347656,66.56600189208984],"ix":2},"r":{"a":0,"k":0,"ix":2},"sa":{"a":0,"k":0,"ix":2},"o":{"a":0,"k":100,"ix":2}}]},{"ty":"gr","bm":0,"hd":false,"nm":"Path","it":[{"ty":"sh","bm":0,"hd":false,"nm":"","d":1,"ks":{"a":0,"k":{"c":false,"i":[[0,0],[0,0]],"o":[[0,0],[0,0]],"v":[[65.881,66.566],[65.881,94.253]]}}},{"ty":"st","bm":0,"hd":false,"nm":"","lc":2,"lj":1,"ml":4,"o":{"a":0,"k":100,"ix":2},"w":{"a":0,"k":5,"ix":2},"c":{"a":0,"k":[0.7333,1,0],"ix":2}},{"ty":"tm","bm":0,"hd":false,"nm":"","e":{"a":1,"k":[{"o":{"x":0.167,"y":0.167},"i":{"x":0.833,"y":0.833},"s":[0],"t":246},{"s":[100],"t":271}],"ix":2},"o":{"a":0,"k":0,"ix":2},"s":{"a":1,"k":[{"o":{"x":0.167,"y":0.167},"i":{"x":0.833,"y":0.833},"s":[0],"t":271},{"s":[100],"t":296}],"ix":2},"m":1},{"ty":"tr","a":{"a":0,"k":[65.881,80.40950000000001],"ix":2},"s":{"a":0,"k":[100,100],"ix":2},"sk":{"a":0,"k":0,"ix":2},"p":{"a":0,"k":[65.88099670410156,80.40950012207031],"ix":2},"r":{"a":0,"k":0,"ix":2},"sa":{"a":0,"k":0,"ix":2},"o":{"a":0,"k":100,"ix":2}}]},{"ty":"tr","a":{"a":0,"k":[66.913,65.152],"ix":2},"s":{"a":0,"k":[100,100],"ix":2},"sk":{"a":0,"k":0,"ix":2},"p":{"a":0,"k":[66.913,67.152],"ix":2},"r":{"a":0,"k":0,"ix":2},"sa":{"a":0,"k":0,"ix":2},"o":{"a":0,"k":100,"ix":2}}]},{"ty":"tr","a":{"a":0,"k":[0,0],"ix":2},"s":{"a":0,"k":[100,100],"ix":2},"sk":{"a":0,"k":0,"ix":2},"p":{"a":0,"k":[0,0],"ix":2},"r":{"a":0,"k":0,"ix":2},"sa":{"a":0,"k":0,"ix":2},"o":{"a":1,"k":[{"o":{"x":0.167,"y":0.167},"i":{"x":0.833,"y":0.833},"s":[100],"t":295},{"s":[0],"t":296}],"ix":2}}]}],"ind":6},{"ty":4,"nm":"Ð±ÑÐ²2 (In/Out)","sr":1,"st":0,"op":601,"ip":0,"hd":false,"ddd":0,"bm":0,"hasMask":false,"ao":0,"ks":{"a":{"a":0,"k":[0,0],"ix":2},"s":{"a":0,"k":[100,100],"ix":2},"sk":{"a":0,"k":0,"ix":2},"p":{"a":0,"k":[0,0],"ix":2},"r":{"a":0,"k":0,"ix":2},"sa":{"a":0,"k":0,"ix":2},"o":{"a":1,"k":[{"o":{"x":0.167,"y":0.167},"i":{"x":0.833,"y":0.833},"s":[100],"t":353},{"s":[0],"t":354}],"ix":2}},"ef":[],"shapes":[{"ty":"gr","bm":0,"hd":false,"nm":"Ð±ÑÐ²2","it":[{"ty":"gr","bm":0,"hd":false,"nm":"Path","it":[{"ty":"sh","bm":0,"hd":false,"nm":"","d":1,"ks":{"a":0,"k":{"c":false,"i":[[0,0],[0,-9.894]],"o":[[9.869,0],[0,0]],"v":[[-8.941,-8.954],[8.941,8.954]]}}},{"ty":"st","bm":0,"hd":false,"nm":"","lc":2,"lj":1,"ml":4,"o":{"a":0,"k":100,"ix":2},"w":{"a":0,"k":5,"ix":2},"c":{"a":0,"k":[0.1922,0.8,0.0196],"ix":2}},{"ty":"tr","a":{"a":0,"k":[0,0],"ix":2},"s":{"a":0,"k":[100,100],"ix":2},"sk":{"a":0,"k":0,"ix":2},"p":{"a":0,"k":[74.822998046875,57.61199951171875],"ix":2},"r":{"a":0,"k":0,"ix":2},"sa":{"a":0,"k":0,"ix":2},"o":{"a":0,"k":100,"ix":2}}]},{"ty":"gr","bm":0,"hd":false,"nm":"Path","it":[{"ty":"sh","bm":0,"hd":false,"nm":"","d":1,"ks":{"a":0,"k":{"c":true,"i":[[0,0],[0,17.8],[17.773,0],[0,-17.8],[-17.773,0]],"o":[[17.773,0],[0,-17.8],[-17.773,0],[0,17.8],[0,0]],"v":[[0,32.23],[32.181,0.001],[0,-32.23],[-32.181,0.001],[0,32.23]]}}},{"ty":"st","bm":0,"hd":false,"nm":"","lc":1,"lj":1,"ml":4,"o":{"a":0,"k":100,"ix":2},"w":{"a":0,"k":5,"ix":2},"c":{"a":0,"k":[0.1922,0.8,0.0196],"ix":2}},{"ty":"fl","bm":0,"hd":false,"nm":"","c":{"a":0,"k":[0.7333,1,0],"ix":2},"r":1,"o":{"a":0,"k":100,"ix":2}},{"ty":"tr","a":{"a":0,"k":[0,0],"ix":2},"s":{"a":0,"k":[100,100],"ix":2},"sk":{"a":0,"k":0,"ix":2},"p":{"a":0,"k":[65.88300323486328,66.55599975585938],"ix":2},"r":{"a":0,"k":0,"ix":2},"sa":{"a":0,"k":0,"ix":2},"o":{"a":0,"k":100,"ix":2}}]},{"ty":"tr","a":{"a":0,"k":[66.913,65.152],"ix":2},"s":{"a":0,"k":[100,100],"ix":2},"sk":{"a":0,"k":0,"ix":2},"p":{"a":1,"k":[{"o":{"x":0.167,"y":0},"i":{"x":0.833,"y":0.833},"s":[701.913,819.152],"t":250,"ti":[-4.167,27.667],"to":[4.167,-27.667]},{"s":[726.913,653.152],"t":354}],"ix":2},"r":{"a":0,"k":0,"ix":2},"sa":{"a":0,"k":0,"ix":2},"o":{"a":0,"k":100,"ix":2}}]}],"ind":7},{"ty":4,"nm":"Ð±ÑÐ²2","sr":1,"st":0,"op":601,"ip":0,"hd":false,"ddd":0,"bm":0,"hasMask":false,"ao":0,"ks":{"a":{"a":0,"k":[66.913,65.152],"ix":2},"s":{"a":0,"k":[100,100],"ix":2},"sk":{"a":0,"k":0,"ix":2},"p":{"a":1,"k":[{"o":{"x":0.167,"y":0},"i":{"x":0.833,"y":0.833},"s":[701.913,819.152],"t":250,"ti":[-4.167,27.667],"to":[4.167,-27.667]},{"s":[726.913,653.152],"t":354}],"ix":2},"r":{"a":0,"k":0,"ix":2},"sa":{"a":0,"k":0,"ix":2},"o":{"a":0,"k":100,"ix":2}},"ef":[],"shapes":[{"ty":"gr","bm":0,"hd":false,"nm":"Ð±Ð²2 (In/Out)","it":[{"ty":"gr","bm":0,"hd":false,"nm":"Ð±Ð²2","it":[{"ty":"gr","bm":0,"hd":false,"nm":"Path","it":[{"ty":"sh","bm":0,"hd":false,"nm":"","d":1,"ks":{"a":0,"k":{"c":false,"i":[[0,0],[0,0]],"o":[[0,0],[0,0]],"v":[[13.305,-13.305],[-13.305,13.305]]}}},{"ty":"st","bm":0,"hd":false,"nm":"","lc":2,"lj":1,"ml":4,"o":{"a":0,"k":100,"ix":2},"w":{"a":0,"k":5,"ix":2},"c":{"a":0,"k":[0.7333,1,0],"ix":2}},{"ty":"tm","bm":0,"hd":false,"nm":"","e":{"a":1,"k":[{"o":{"x":0.167,"y":0.167},"i":{"x":0.833,"y":0.833},"s":[0],"t":350},{"s":[100],"t":375}],"ix":2},"o":{"a":0,"k":0,"ix":2},"s":{"a":1,"k":[{"o":{"x":0.167,"y":0.167},"i":{"x":0.833,"y":0.833},"s":[0],"t":375},{"s":[100],"t":400}],"ix":2},"m":1},{"ty":"tr","a":{"a":0,"k":[0,0],"ix":2},"s":{"a":0,"k":[100,100],"ix":2},"sk":{"a":0,"k":0,"ix":2},"p":{"a":0,"k":[52.57600021362305,79.87100219726562],"ix":2},"r":{"a":0,"k":0,"ix":2},"sa":{"a":0,"k":0,"ix":2},"o":{"a":0,"k":100,"ix":2}}]},{"ty":"gr","bm":0,"hd":false,"nm":"Path","it":[{"ty":"sh","bm":0,"hd":false,"nm":"","d":1,"ks":{"a":0,"k":{"c":false,"i":[[0,0],[0,0]],"o":[[0,0],[0,0]],"v":[[65.881,66.566],[15.881,66.566]]}}},{"ty":"st","bm":0,"hd":false,"nm":"","lc":2,"lj":1,"ml":4,"o":{"a":0,"k":100,"ix":2},"w":{"a":0,"k":5,"ix":2},"c":{"a":0,"k":[0.7333,1,0],"ix":2}},{"ty":"tm","bm":0,"hd":false,"nm":"","e":{"a":1,"k":[{"o":{"x":0.167,"y":0.167},"i":{"x":0.833,"y":0.833},"s":[0],"t":350},{"s":[100],"t":375}],"ix":2},"o":{"a":0,"k":0,"ix":2},"s":{"a":1,"k":[{"o":{"x":0.167,"y":0.167},"i":{"x":0.833,"y":0.833},"s":[0],"t":375},{"s":[100],"t":400}],"ix":2},"m":1},{"ty":"tr","a":{"a":0,"k":[40.881,66.566],"ix":2},"s":{"a":0,"k":[100,100],"ix":2},"sk":{"a":0,"k":0,"ix":2},"p":{"a":0,"k":[40.88100051879883,66.56600189208984],"ix":2},"r":{"a":0,"k":0,"ix":2},"sa":{"a":0,"k":0,"ix":2},"o":{"a":0,"k":100,"ix":2}}]},{"ty":"gr","bm":0,"hd":false,"nm":"Path","it":[{"ty":"sh","bm":0,"hd":false,"nm":"","d":1,"ks":{"a":0,"k":{"c":false,"i":[[0,0],[0,0]],"o":[[0,0],[0,0]],"v":[[13.305,13.305],[-13.305,-13.305]]}}},{"ty":"st","bm":0,"hd":false,"nm":"","lc":2,"lj":1,"ml":4,"o":{"a":0,"k":100,"ix":2},"w":{"a":0,"k":5,"ix":2},"c":{"a":0,"k":[0.7333,1,0],"ix":2}},{"ty":"tm","bm":0,"hd":false,"nm":"","e":{"a":1,"k":[{"o":{"x":0.167,"y":0.167},"i":{"x":0.833,"y":0.833},"s":[0],"t":350},{"s":[100],"t":375}],"ix":2},"o":{"a":0,"k":0,"ix":2},"s":{"a":1,"k":[{"o":{"x":0.167,"y":0.167},"i":{"x":0.833,"y":0.833},"s":[0],"t":375},{"s":[100],"t":400}],"ix":2},"m":1},{"ty":"tr","a":{"a":0,"k":[0,0],"ix":2},"s":{"a":0,"k":[100,100],"ix":2},"sk":{"a":0,"k":0,"ix":2},"p":{"a":0,"k":[52.57600021362305,53.26200103759766],"ix":2},"r":{"a":0,"k":0,"ix":2},"sa":{"a":0,"k":0,"ix":2},"o":{"a":0,"k":100,"ix":2}}]},{"ty":"gr","bm":0,"hd":false,"nm":"Path","it":[{"ty":"sh","bm":0,"hd":false,"nm":"","d":1,"ks":{"a":0,"k":{"c":false,"i":[[0,0],[0,0]],"o":[[0,0],[0,0]],"v":[[65.881,66.566],[65.881,16.566]]}}},{"ty":"st","bm":0,"hd":false,"nm":"","lc":2,"lj":1,"ml":4,"o":{"a":0,"k":100,"ix":2},"w":{"a":0,"k":5,"ix":2},"c":{"a":0,"k":[0.7333,1,0],"ix":2}},{"ty":"tm","bm":0,"hd":false,"nm":"","e":{"a":1,"k":[{"o":{"x":0.167,"y":0.167},"i":{"x":0.833,"y":0.833},"s":[0],"t":350},{"s":[100],"t":375}],"ix":2},"o":{"a":0,"k":0,"ix":2},"s":{"a":1,"k":[{"o":{"x":0.167,"y":0.167},"i":{"x":0.833,"y":0.833},"s":[0],"t":375},{"s":[100],"t":400}],"ix":2},"m":1},{"ty":"tr","a":{"a":0,"k":[65.881,41.566],"ix":2},"s":{"a":0,"k":[100,100],"ix":2},"sk":{"a":0,"k":0,"ix":2},"p":{"a":0,"k":[65.88099670410156,41.56600189208984],"ix":2},"r":{"a":0,"k":0,"ix":2},"sa":{"a":0,"k":0,"ix":2},"o":{"a":0,"k":100,"ix":2}}]},{"ty":"gr","bm":0,"hd":false,"nm":"Path","it":[{"ty":"sh","bm":0,"hd":false,"nm":"","d":1,"ks":{"a":0,"k":{"c":false,"i":[[0,0],[0,0]],"o":[[0,0],[0,0]],"v":[[-13.305,13.305],[13.305,-13.305]]}}},{"ty":"st","bm":0,"hd":false,"nm":"","lc":2,"lj":1,"ml":4,"o":{"a":0,"k":100,"ix":2},"w":{"a":0,"k":5,"ix":2},"c":{"a":0,"k":[0.7333,1,0],"ix":2}},{"ty":"tm","bm":0,"hd":false,"nm":"","e":{"a":1,"k":[{"o":{"x":0.167,"y":0.167},"i":{"x":0.833,"y":0.833},"s":[0],"t":350},{"s":[100],"t":375}],"ix":2},"o":{"a":0,"k":0,"ix":2},"s":{"a":1,"k":[{"o":{"x":0.167,"y":0.167},"i":{"x":0.833,"y":0.833},"s":[0],"t":375},{"s":[100],"t":400}],"ix":2},"m":1},{"ty":"tr","a":{"a":0,"k":[0,0],"ix":2},"s":{"a":0,"k":[100,100],"ix":2},"sk":{"a":0,"k":0,"ix":2},"p":{"a":0,"k":[79.18499755859375,53.26200103759766],"ix":2},"r":{"a":0,"k":0,"ix":2},"sa":{"a":0,"k":0,"ix":2},"o":{"a":0,"k":100,"ix":2}}]},{"ty":"gr","bm":0,"hd":false,"nm":"Path","it":[{"ty":"sh","bm":0,"hd":false,"nm":"","d":1,"ks":{"a":0,"k":{"c":false,"i":[[0,0],[0,0]],"o":[[0,0],[0,0]],"v":[[65.881,66.566],[115.881,66.566]]}}},{"ty":"st","bm":0,"hd":false,"nm":"","lc":2,"lj":1,"ml":4,"o":{"a":0,"k":100,"ix":2},"w":{"a":0,"k":5,"ix":2},"c":{"a":0,"k":[0.7333,1,0],"ix":2}},{"ty":"tm","bm":0,"hd":false,"nm":"","e":{"a":1,"k":[{"o":{"x":0.167,"y":0.167},"i":{"x":0.833,"y":0.833},"s":[0],"t":350},{"s":[100],"t":375}],"ix":2},"o":{"a":0,"k":0,"ix":2},"s":{"a":1,"k":[{"o":{"x":0.167,"y":0.167},"i":{"x":0.833,"y":0.833},"s":[0],"t":375},{"s":[100],"t":400}],"ix":2},"m":1},{"ty":"tr","a":{"a":0,"k":[90.881,66.566],"ix":2},"s":{"a":0,"k":[100,100],"ix":2},"sk":{"a":0,"k":0,"ix":2},"p":{"a":0,"k":[90.88099670410156,66.56600189208984],"ix":2},"r":{"a":0,"k":0,"ix":2},"sa":{"a":0,"k":0,"ix":2},"o":{"a":0,"k":100,"ix":2}}]},{"ty":"gr","bm":0,"hd":false,"nm":"Path","it":[{"ty":"sh","bm":0,"hd":false,"nm":"","d":1,"ks":{"a":0,"k":{"c":false,"i":[[0,0],[0,0]],"o":[[0,0],[0,0]],"v":[[-13.305,-13.305],[13.305,13.305]]}}},{"ty":"st","bm":0,"hd":false,"nm":"","lc":2,"lj":1,"ml":4,"o":{"a":0,"k":100,"ix":2},"w":{"a":0,"k":5,"ix":2},"c":{"a":0,"k":[0.7333,1,0],"ix":2}},{"ty":"tm","bm":0,"hd":false,"nm":"","e":{"a":1,"k":[{"o":{"x":0.167,"y":0.167},"i":{"x":0.833,"y":0.833},"s":[0],"t":350},{"s":[100],"t":375}],"ix":2},"o":{"a":0,"k":0,"ix":2},"s":{"a":1,"k":[{"o":{"x":0.167,"y":0.167},"i":{"x":0.833,"y":0.833},"s":[0],"t":375},{"s":[100],"t":400}],"ix":2},"m":1},{"ty":"tr","a":{"a":0,"k":[0,0],"ix":2},"s":{"a":0,"k":[100,100],"ix":2},"sk":{"a":0,"k":0,"ix":2},"p":{"a":0,"k":[79.18499755859375,79.87100219726562],"ix":2},"r":{"a":0,"k":0,"ix":2},"sa":{"a":0,"k":0,"ix":2},"o":{"a":0,"k":100,"ix":2}}]},{"ty":"gr","bm":0,"hd":false,"nm":"Path","it":[{"ty":"sh","bm":0,"hd":false,"nm":"","d":1,"ks":{"a":0,"k":{"c":false,"i":[[0,0],[0,0]],"o":[[0,0],[0,0]],"v":[[65.881,66.566],[65.881,116.566]]}}},{"ty":"st","bm":0,"hd":false,"nm":"","lc":2,"lj":1,"ml":4,"o":{"a":0,"k":100,"ix":2},"w":{"a":0,"k":5,"ix":2},"c":{"a":0,"k":[0.7333,1,0],"ix":2}},{"ty":"tm","bm":0,"hd":false,"nm":"","e":{"a":1,"k":[{"o":{"x":0.167,"y":0.167},"i":{"x":0.833,"y":0.833},"s":[0],"t":350},{"s":[100],"t":375}],"ix":2},"o":{"a":0,"k":0,"ix":2},"s":{"a":1,"k":[{"o":{"x":0.167,"y":0.167},"i":{"x":0.833,"y":0.833},"s":[0],"t":375},{"s":[100],"t":400}],"ix":2},"m":1},{"ty":"tr","a":{"a":0,"k":[65.881,91.566],"ix":2},"s":{"a":0,"k":[100,100],"ix":2},"sk":{"a":0,"k":0,"ix":2},"p":{"a":0,"k":[65.88099670410156,91.56600189208984],"ix":2},"r":{"a":0,"k":0,"ix":2},"sa":{"a":0,"k":0,"ix":2},"o":{"a":0,"k":100,"ix":2}}]},{"ty":"tr","a":{"a":0,"k":[66.913,65.152],"ix":2},"s":{"a":0,"k":[100,100],"ix":2},"sk":{"a":0,"k":0,"ix":2},"p":{"a":0,"k":[66.913,67.152],"ix":2},"r":{"a":0,"k":0,"ix":2},"sa":{"a":0,"k":0,"ix":2},"o":{"a":0,"k":100,"ix":2}}]},{"ty":"tr","a":{"a":0,"k":[0,0],"ix":2},"s":{"a":0,"k":[100,100],"ix":2},"sk":{"a":0,"k":0,"ix":2},"p":{"a":0,"k":[0,0],"ix":2},"r":{"a":0,"k":0,"ix":2},"sa":{"a":0,"k":0,"ix":2},"o":{"a":1,"k":[{"o":{"x":0.167,"y":0.167},"i":{"x":0.833,"y":0.833},"s":[100],"t":399},{"s":[0],"t":400}],"ix":2}}]}],"ind":8},{"ty":4,"nm":"12","sr":1,"st":0,"op":601,"ip":0,"hd":false,"ddd":0,"bm":0,"hasMask":false,"ao":0,"ks":{"a":{"a":0,"k":[-165.5,240.9852071005917],"ix":2},"s":{"a":0,"k":[100,100],"ix":2},"sk":{"a":0,"k":0,"ix":2},"p":{"a":0,"k":[374.5,780.9852294921875],"ix":2},"r":{"a":0,"k":0,"ix":2},"sa":{"a":0,"k":0,"ix":2},"o":{"a":0,"k":100,"ix":2}},"ef":[],"shapes":[{"ty":"sh","bm":0,"hd":false,"nm":"","d":1,"ks":{"a":0,"k":{"c":true,"i":[[0,0],[0,0],[0,0],[0,0],[28,-12]],"o":[[-28,12],[0,0],[0,0],[0,0],[0,0]],"v":[[-232,206],[-321,278],[-10,283],[-44,201],[-232,206]]}}},{"ty":"fl","bm":0,"hd":false,"nm":"","c":{"a":0,"k":[0.7333,1,0],"ix":2},"r":1,"o":{"a":0,"k":100,"ix":2}}],"ind":9},{"ty":4,"nm":"Ð±ÑÐ²1","sr":1,"st":0,"op":601,"ip":0,"hd":false,"ddd":0,"bm":0,"hasMask":false,"ao":0,"ks":{"a":{"a":0,"k":[66.913,65.152],"ix":2},"s":{"a":0,"k":[100,100],"ix":2},"sk":{"a":0,"k":0,"ix":2},"p":{"a":1,"k":[{"o":{"x":0.167,"y":0.167},"i":{"x":0.833,"y":0.833},"s":[330.913,777.152],"t":450,"ti":[8.333,45.667],"to":[-8.333,-45.667]},{"s":[280.913,503.152],"t":550}],"ix":2},"r":{"a":0,"k":0,"ix":2},"sa":{"a":0,"k":0,"ix":2},"o":{"a":0,"k":100,"ix":2}},"ef":[],"shapes":[{"ty":"gr","bm":0,"hd":false,"nm":"Ð±Ð²1","it":[{"ty":"gr","bm":0,"hd":false,"nm":"Path","it":[{"ty":"sh","bm":0,"hd":false,"nm":"","d":1,"ks":{"a":0,"k":{"c":false,"i":[[0,0],[0,0]],"o":[[0,0],[0,0]],"v":[[13.305,-13.305],[-13.305,13.305]]}}},{"ty":"st","bm":0,"hd":false,"nm":"","lc":2,"lj":1,"ml":4,"o":{"a":0,"k":100,"ix":2},"w":{"a":0,"k":5,"ix":2},"c":{"a":0,"k":[0.7333,1,0],"ix":2}},{"ty":"tm","bm":0,"hd":false,"nm":"","e":{"a":1,"k":[{"o":{"x":0.167,"y":0.167},"i":{"x":0.833,"y":0.833},"s":[0],"t":550},{"s":[100],"t":575}],"ix":2},"o":{"a":0,"k":0,"ix":2},"s":{"a":1,"k":[{"o":{"x":0.167,"y":0.167},"i":{"x":0.833,"y":0.833},"s":[0],"t":575},{"s":[100],"t":600}],"ix":2},"m":1},{"ty":"tr","a":{"a":0,"k":[0,0],"ix":2},"s":{"a":0,"k":[100,100],"ix":2},"sk":{"a":0,"k":0,"ix":2},"p":{"a":0,"k":[52.57600021362305,79.87100219726562],"ix":2},"r":{"a":0,"k":0,"ix":2},"sa":{"a":0,"k":0,"ix":2},"o":{"a":0,"k":100,"ix":2}}]},{"ty":"gr","bm":0,"hd":false,"nm":"Path","it":[{"ty":"sh","bm":0,"hd":false,"nm":"","d":1,"ks":{"a":0,"k":{"c":false,"i":[[0,0],[0,0]],"o":[[0,0],[0,0]],"v":[[65.881,66.566],[15.881,66.566]]}}},{"ty":"st","bm":0,"hd":false,"nm":"","lc":2,"lj":1,"ml":4,"o":{"a":0,"k":100,"ix":2},"w":{"a":0,"k":5,"ix":2},"c":{"a":0,"k":[0.7333,1,0],"ix":2}},{"ty":"tm","bm":0,"hd":false,"nm":"","e":{"a":1,"k":[{"o":{"x":0.167,"y":0.167},"i":{"x":0.833,"y":0.833},"s":[0],"t":550},{"s":[100],"t":575}],"ix":2},"o":{"a":0,"k":0,"ix":2},"s":{"a":1,"k":[{"o":{"x":0.167,"y":0.167},"i":{"x":0.833,"y":0.833},"s":[0],"t":575},{"s":[100],"t":600}],"ix":2},"m":1},{"ty":"tr","a":{"a":0,"k":[40.881,66.566],"ix":2},"s":{"a":0,"k":[100,100],"ix":2},"sk":{"a":0,"k":0,"ix":2},"p":{"a":0,"k":[40.88100051879883,66.56600189208984],"ix":2},"r":{"a":0,"k":0,"ix":2},"sa":{"a":0,"k":0,"ix":2},"o":{"a":0,"k":100,"ix":2}}]},{"ty":"gr","bm":0,"hd":false,"nm":"Path","it":[{"ty":"sh","bm":0,"hd":false,"nm":"","d":1,"ks":{"a":0,"k":{"c":false,"i":[[0,0],[0,0]],"o":[[0,0],[0,0]],"v":[[13.305,13.305],[-13.305,-13.305]]}}},{"ty":"st","bm":0,"hd":false,"nm":"","lc":2,"lj":1,"ml":4,"o":{"a":0,"k":100,"ix":2},"w":{"a":0,"k":5,"ix":2},"c":{"a":0,"k":[0.7333,1,0],"ix":2}},{"ty":"tm","bm":0,"hd":false,"nm":"","e":{"a":1,"k":[{"o":{"x":0.167,"y":0.167},"i":{"x":0.833,"y":0.833},"s":[0],"t":550},{"s":[100],"t":575}],"ix":2},"o":{"a":0,"k":0,"ix":2},"s":{"a":1,"k":[{"o":{"x":0.167,"y":0.167},"i":{"x":0.833,"y":0.833},"s":[0],"t":575},{"s":[100],"t":600}],"ix":2},"m":1},{"ty":"tr","a":{"a":0,"k":[0,0],"ix":2},"s":{"a":0,"k":[100,100],"ix":2},"sk":{"a":0,"k":0,"ix":2},"p":{"a":0,"k":[52.57600021362305,53.26200103759766],"ix":2},"r":{"a":0,"k":0,"ix":2},"sa":{"a":0,"k":0,"ix":2},"o":{"a":0,"k":100,"ix":2}}]},{"ty":"gr","bm":0,"hd":false,"nm":"Path","it":[{"ty":"sh","bm":0,"hd":false,"nm":"","d":1,"ks":{"a":0,"k":{"c":false,"i":[[0,0],[0,0]],"o":[[0,0],[0,0]],"v":[[65.881,66.566],[65.881,16.566]]}}},{"ty":"st","bm":0,"hd":false,"nm":"","lc":2,"lj":1,"ml":4,"o":{"a":0,"k":100,"ix":2},"w":{"a":0,"k":5,"ix":2},"c":{"a":0,"k":[0.7333,1,0],"ix":2}},{"ty":"tm","bm":0,"hd":false,"nm":"","e":{"a":1,"k":[{"o":{"x":0.167,"y":0.167},"i":{"x":0.833,"y":0.833},"s":[0],"t":550},{"s":[100],"t":575}],"ix":2},"o":{"a":0,"k":0,"ix":2},"s":{"a":1,"k":[{"o":{"x":0.167,"y":0.167},"i":{"x":0.833,"y":0.833},"s":[0],"t":575},{"s":[100],"t":600}],"ix":2},"m":1},{"ty":"tr","a":{"a":0,"k":[65.881,41.566],"ix":2},"s":{"a":0,"k":[100,100],"ix":2},"sk":{"a":0,"k":0,"ix":2},"p":{"a":0,"k":[65.88099670410156,41.56600189208984],"ix":2},"r":{"a":0,"k":0,"ix":2},"sa":{"a":0,"k":0,"ix":2},"o":{"a":0,"k":100,"ix":2}}]},{"ty":"gr","bm":0,"hd":false,"nm":"Path","it":[{"ty":"sh","bm":0,"hd":false,"nm":"","d":1,"ks":{"a":0,"k":{"c":false,"i":[[0,0],[0,0]],"o":[[0,0],[0,0]],"v":[[-13.305,13.305],[13.305,-13.305]]}}},{"ty":"st","bm":0,"hd":false,"nm":"","lc":2,"lj":1,"ml":4,"o":{"a":0,"k":100,"ix":2},"w":{"a":0,"k":5,"ix":2},"c":{"a":0,"k":[0.7333,1,0],"ix":2}},{"ty":"tm","bm":0,"hd":false,"nm":"","e":{"a":1,"k":[{"o":{"x":0.167,"y":0.167},"i":{"x":0.833,"y":0.833},"s":[0],"t":550},{"s":[100],"t":575}],"ix":2},"o":{"a":0,"k":0,"ix":2},"s":{"a":1,"k":[{"o":{"x":0.167,"y":0.167},"i":{"x":0.833,"y":0.833},"s":[0],"t":575},{"s":[100],"t":600}],"ix":2},"m":1},{"ty":"tr","a":{"a":0,"k":[0,0],"ix":2},"s":{"a":0,"k":[100,100],"ix":2},"sk":{"a":0,"k":0,"ix":2},"p":{"a":0,"k":[79.18499755859375,53.26200103759766],"ix":2},"r":{"a":0,"k":0,"ix":2},"sa":{"a":0,"k":0,"ix":2},"o":{"a":0,"k":100,"ix":2}}]},{"ty":"gr","bm":0,"hd":false,"nm":"Path","it":[{"ty":"sh","bm":0,"hd":false,"nm":"","d":1,"ks":{"a":0,"k":{"c":false,"i":[[0,0],[0,0]],"o":[[0,0],[0,0]],"v":[[65.881,66.566],[115.881,66.566]]}}},{"ty":"st","bm":0,"hd":false,"nm":"","lc":2,"lj":1,"ml":4,"o":{"a":0,"k":100,"ix":2},"w":{"a":0,"k":5,"ix":2},"c":{"a":0,"k":[0.7333,1,0],"ix":2}},{"ty":"tm","bm":0,"hd":false,"nm":"","e":{"a":1,"k":[{"o":{"x":0.167,"y":0.167},"i":{"x":0.833,"y":0.833},"s":[0],"t":550},{"s":[100],"t":575}],"ix":2},"o":{"a":0,"k":0,"ix":2},"s":{"a":1,"k":[{"o":{"x":0.167,"y":0.167},"i":{"x":0.833,"y":0.833},"s":[0],"t":575},{"s":[100],"t":600}],"ix":2},"m":1},{"ty":"tr","a":{"a":0,"k":[90.881,66.566],"ix":2},"s":{"a":0,"k":[100,100],"ix":2},"sk":{"a":0,"k":0,"ix":2},"p":{"a":0,"k":[90.88099670410156,66.56600189208984],"ix":2},"r":{"a":0,"k":0,"ix":2},"sa":{"a":0,"k":0,"ix":2},"o":{"a":0,"k":100,"ix":2}}]},{"ty":"gr","bm":0,"hd":false,"nm":"Path","it":[{"ty":"sh","bm":0,"hd":false,"nm":"","d":1,"ks":{"a":0,"k":{"c":false,"i":[[0,0],[0,0]],"o":[[0,0],[0,0]],"v":[[-13.305,-13.305],[13.305,13.305]]}}},{"ty":"st","bm":0,"hd":false,"nm":"","lc":2,"lj":1,"ml":4,"o":{"a":0,"k":100,"ix":2},"w":{"a":0,"k":5,"ix":2},"c":{"a":0,"k":[0.7333,1,0],"ix":2}},{"ty":"tm","bm":0,"hd":false,"nm":"","e":{"a":1,"k":[{"o":{"x":0.167,"y":0.167},"i":{"x":0.833,"y":0.833},"s":[0],"t":550},{"s":[100],"t":575}],"ix":2},"o":{"a":0,"k":0,"ix":2},"s":{"a":1,"k":[{"o":{"x":0.167,"y":0.167},"i":{"x":0.833,"y":0.833},"s":[0],"t":575},{"s":[100],"t":600}],"ix":2},"m":1},{"ty":"tr","a":{"a":0,"k":[0,0],"ix":2},"s":{"a":0,"k":[100,100],"ix":2},"sk":{"a":0,"k":0,"ix":2},"p":{"a":0,"k":[79.18499755859375,79.87100219726562],"ix":2},"r":{"a":0,"k":0,"ix":2},"sa":{"a":0,"k":0,"ix":2},"o":{"a":0,"k":100,"ix":2}}]},{"ty":"gr","bm":0,"hd":false,"nm":"Path","it":[{"ty":"sh","bm":0,"hd":false,"nm":"","d":1,"ks":{"a":0,"k":{"c":false,"i":[[0,0],[0,0]],"o":[[0,0],[0,0]],"v":[[65.881,66.566],[65.881,116.566]]}}},{"ty":"st","bm":0,"hd":false,"nm":"","lc":2,"lj":1,"ml":4,"o":{"a":0,"k":100,"ix":2},"w":{"a":0,"k":5,"ix":2},"c":{"a":0,"k":[0.7333,1,0],"ix":2}},{"ty":"tm","bm":0,"hd":false,"nm":"","e":{"a":1,"k":[{"o":{"x":0.167,"y":0.167},"i":{"x":0.833,"y":0.833},"s":[0],"t":550},{"s":[100],"t":575}],"ix":2},"o":{"a":0,"k":0,"ix":2},"s":{"a":1,"k":[{"o":{"x":0.167,"y":0.167},"i":{"x":0.833,"y":0.833},"s":[0],"t":575},{"s":[100],"t":600}],"ix":2},"m":1},{"ty":"tr","a":{"a":0,"k":[65.881,91.566],"ix":2},"s":{"a":0,"k":[100,100],"ix":2},"sk":{"a":0,"k":0,"ix":2},"p":{"a":0,"k":[65.88099670410156,91.56600189208984],"ix":2},"r":{"a":0,"k":0,"ix":2},"sa":{"a":0,"k":0,"ix":2},"o":{"a":0,"k":100,"ix":2}}]},{"ty":"tr","a":{"a":0,"k":[66.913,65.152],"ix":2},"s":{"a":0,"k":[100,100],"ix":2},"sk":{"a":0,"k":0,"ix":2},"p":{"a":0,"k":[66.913,67.152],"ix":2},"r":{"a":0,"k":0,"ix":2},"sa":{"a":0,"k":0,"ix":2},"o":{"a":0,"k":100,"ix":2}}]}],"ind":10},{"ty":4,"nm":"Ð±ÑÐ²1 (In/Out)","sr":1,"st":0,"op":601,"ip":0,"hd":false,"ddd":0,"bm":0,"hasMask":false,"ao":0,"ks":{"a":{"a":0,"k":[0,0],"ix":2},"s":{"a":0,"k":[100,100],"ix":2},"sk":{"a":0,"k":0,"ix":2},"p":{"a":0,"k":[0,0],"ix":2},"r":{"a":0,"k":0,"ix":2},"sa":{"a":0,"k":0,"ix":2},"o":{"a":1,"k":[{"o":{"x":0.167,"y":0.167},"i":{"x":0.833,"y":0.833},"s":[100],"t":553},{"s":[0],"t":554}],"ix":2}},"ef":[],"shapes":[{"ty":"gr","bm":0,"hd":false,"nm":"Ð±ÑÐ²1","it":[{"ty":"gr","bm":0,"hd":false,"nm":"Path","it":[{"ty":"sh","bm":0,"hd":false,"nm":"","d":1,"ks":{"a":0,"k":{"c":false,"i":[[0,0],[0,-9.894]],"o":[[9.869,0],[0,0]],"v":[[-8.941,-8.954],[8.941,8.954]]}}},{"ty":"st","bm":0,"hd":false,"nm":"","lc":2,"lj":1,"ml":4,"o":{"a":0,"k":100,"ix":2},"w":{"a":0,"k":5,"ix":2},"c":{"a":0,"k":[0.1922,0.8,0.0196],"ix":2}},{"ty":"tr","a":{"a":0,"k":[0,0],"ix":2},"s":{"a":0,"k":[100,100],"ix":2},"sk":{"a":0,"k":0,"ix":2},"p":{"a":0,"k":[74.822998046875,57.61199951171875],"ix":2},"r":{"a":0,"k":0,"ix":2},"sa":{"a":0,"k":0,"ix":2},"o":{"a":0,"k":100,"ix":2}}]},{"ty":"gr","bm":0,"hd":false,"nm":"Path","it":[{"ty":"sh","bm":0,"hd":false,"nm":"","d":1,"ks":{"a":0,"k":{"c":true,"i":[[0,0],[0,17.8],[17.773,0],[0,-17.8],[-17.773,0]],"o":[[17.773,0],[0,-17.8],[-17.773,0],[0,17.8],[0,0]],"v":[[0,32.23],[32.181,0.001],[0,-32.23],[-32.181,0.001],[0,32.23]]}}},{"ty":"st","bm":0,"hd":false,"nm":"","lc":1,"lj":1,"ml":4,"o":{"a":0,"k":100,"ix":2},"w":{"a":0,"k":5,"ix":2},"c":{"a":0,"k":[0.1922,0.8,0.0196],"ix":2}},{"ty":"fl","bm":0,"hd":false,"nm":"","c":{"a":0,"k":[0.7333,1,0],"ix":2},"r":1,"o":{"a":0,"k":100,"ix":2}},{"ty":"tr","a":{"a":0,"k":[0,0],"ix":2},"s":{"a":0,"k":[100,100],"ix":2},"sk":{"a":0,"k":0,"ix":2},"p":{"a":0,"k":[65.88300323486328,66.55599975585938],"ix":2},"r":{"a":0,"k":0,"ix":2},"sa":{"a":0,"k":0,"ix":2},"o":{"a":0,"k":100,"ix":2}}]},{"ty":"tr","a":{"a":0,"k":[66.913,65.152],"ix":2},"s":{"a":0,"k":[100,100],"ix":2},"sk":{"a":0,"k":0,"ix":2},"p":{"a":1,"k":[{"o":{"x":0.167,"y":0.167},"i":{"x":0.833,"y":0.833},"s":[330.913,777.152],"t":450,"ti":[8.333,45.667],"to":[-8.333,-45.667]},{"s":[280.913,503.152],"t":550}],"ix":2},"r":{"a":0,"k":0,"ix":2},"sa":{"a":0,"k":0,"ix":2},"o":{"a":0,"k":100,"ix":2}}]}],"ind":11},{"ty":4,"nm":"Ð±ÑÐ¼1","sr":1,"st":0,"op":601,"ip":0,"hd":false,"ddd":0,"bm":0,"hasMask":false,"ao":0,"ks":{"a":{"a":0,"k":[66.913,65.152],"ix":2},"s":{"a":0,"k":[100,100],"ix":2},"sk":{"a":0,"k":0,"ix":2},"p":{"a":1,"k":[{"o":{"x":0.333,"y":0},"i":{"x":0.833,"y":0.833},"s":[476.913,779.152],"t":379,"ti":[3.667,18.833],"to":[-3.667,-18.833]},{"s":[454.913,666.152],"t":450}],"ix":2},"r":{"a":0,"k":0,"ix":2},"sa":{"a":0,"k":0,"ix":2},"o":{"a":0,"k":100,"ix":2}},"ef":[],"shapes":[{"ty":"gr","bm":0,"hd":false,"nm":"Ð±Ð¼1 (In/Out)","it":[{"ty":"gr","bm":0,"hd":false,"nm":"Ð±Ð¼1","it":[{"ty":"gr","bm":0,"hd":false,"nm":"Path","it":[{"ty":"sh","bm":0,"hd":false,"nm":"","d":1,"ks":{"a":0,"k":{"c":false,"i":[[0,0],[0,0]],"o":[[0,0],[0,0]],"v":[[65.881,66.566],[38.194,66.566]]}}},{"ty":"st","bm":0,"hd":false,"nm":"","lc":2,"lj":1,"ml":4,"o":{"a":0,"k":100,"ix":2},"w":{"a":0,"k":5,"ix":2},"c":{"a":0,"k":[0.7333,1,0],"ix":2}},{"ty":"tm","bm":0,"hd":false,"nm":"","e":{"a":1,"k":[{"o":{"x":0.167,"y":0.167},"i":{"x":0.833,"y":0.833},"s":[0],"t":450},{"s":[100],"t":475}],"ix":2},"o":{"a":0,"k":0,"ix":2},"s":{"a":1,"k":[{"o":{"x":0.167,"y":0.167},"i":{"x":0.833,"y":0.833},"s":[0],"t":475},{"s":[100],"t":500}],"ix":2},"m":1},{"ty":"tr","a":{"a":0,"k":[52.0375,66.566],"ix":2},"s":{"a":0,"k":[100,100],"ix":2},"sk":{"a":0,"k":0,"ix":2},"p":{"a":0,"k":[52.03749847412109,66.56600189208984],"ix":2},"r":{"a":0,"k":0,"ix":2},"sa":{"a":0,"k":0,"ix":2},"o":{"a":0,"k":100,"ix":2}}]},{"ty":"gr","bm":0,"hd":false,"nm":"Path","it":[{"ty":"sh","bm":0,"hd":false,"nm":"","d":1,"ks":{"a":0,"k":{"c":false,"i":[[0,0],[0,0]],"o":[[0,0],[0,0]],"v":[[65.881,66.566],[65.881,38.879]]}}},{"ty":"st","bm":0,"hd":false,"nm":"","lc":2,"lj":1,"ml":4,"o":{"a":0,"k":100,"ix":2},"w":{"a":0,"k":5,"ix":2},"c":{"a":0,"k":[0.7333,1,0],"ix":2}},{"ty":"tm","bm":0,"hd":false,"nm":"","e":{"a":1,"k":[{"o":{"x":0.167,"y":0.167},"i":{"x":0.833,"y":0.833},"s":[0],"t":450},{"s":[100],"t":475}],"ix":2},"o":{"a":0,"k":0,"ix":2},"s":{"a":1,"k":[{"o":{"x":0.167,"y":0.167},"i":{"x":0.833,"y":0.833},"s":[0],"t":475},{"s":[100],"t":500}],"ix":2},"m":1},{"ty":"tr","a":{"a":0,"k":[65.881,52.7225],"ix":2},"s":{"a":0,"k":[100,100],"ix":2},"sk":{"a":0,"k":0,"ix":2},"p":{"a":0,"k":[65.88099670410156,52.72249984741211],"ix":2},"r":{"a":0,"k":0,"ix":2},"sa":{"a":0,"k":0,"ix":2},"o":{"a":0,"k":100,"ix":2}}]},{"ty":"gr","bm":0,"hd":false,"nm":"Path","it":[{"ty":"sh","bm":0,"hd":false,"nm":"","d":1,"ks":{"a":0,"k":{"c":false,"i":[[0,0],[0,0]],"o":[[0,0],[0,0]],"v":[[65.881,66.566],[93.568,66.566]]}}},{"ty":"st","bm":0,"hd":false,"nm":"","lc":2,"lj":1,"ml":4,"o":{"a":0,"k":100,"ix":2},"w":{"a":0,"k":5,"ix":2},"c":{"a":0,"k":[0.7333,1,0],"ix":2}},{"ty":"tm","bm":0,"hd":false,"nm":"","e":{"a":1,"k":[{"o":{"x":0.167,"y":0.167},"i":{"x":0.833,"y":0.833},"s":[0],"t":450},{"s":[100],"t":475}],"ix":2},"o":{"a":0,"k":0,"ix":2},"s":{"a":1,"k":[{"o":{"x":0.167,"y":0.167},"i":{"x":0.833,"y":0.833},"s":[0],"t":475},{"s":[100],"t":500}],"ix":2},"m":1},{"ty":"tr","a":{"a":0,"k":[79.7245,66.566],"ix":2},"s":{"a":0,"k":[100,100],"ix":2},"sk":{"a":0,"k":0,"ix":2},"p":{"a":0,"k":[79.72450256347656,66.56600189208984],"ix":2},"r":{"a":0,"k":0,"ix":2},"sa":{"a":0,"k":0,"ix":2},"o":{"a":0,"k":100,"ix":2}}]},{"ty":"gr","bm":0,"hd":false,"nm":"Path","it":[{"ty":"sh","bm":0,"hd":false,"nm":"","d":1,"ks":{"a":0,"k":{"c":false,"i":[[0,0],[0,0]],"o":[[0,0],[0,0]],"v":[[65.881,66.566],[65.881,94.253]]}}},{"ty":"st","bm":0,"hd":false,"nm":"","lc":2,"lj":1,"ml":4,"o":{"a":0,"k":100,"ix":2},"w":{"a":0,"k":5,"ix":2},"c":{"a":0,"k":[0.7333,1,0],"ix":2}},{"ty":"tm","bm":0,"hd":false,"nm":"","e":{"a":1,"k":[{"o":{"x":0.167,"y":0.167},"i":{"x":0.833,"y":0.833},"s":[0],"t":450},{"s":[100],"t":475}],"ix":2},"o":{"a":0,"k":0,"ix":2},"s":{"a":1,"k":[{"o":{"x":0.167,"y":0.167},"i":{"x":0.833,"y":0.833},"s":[0],"t":475},{"s":[100],"t":500}],"ix":2},"m":1},{"ty":"tr","a":{"a":0,"k":[65.881,80.40950000000001],"ix":2},"s":{"a":0,"k":[100,100],"ix":2},"sk":{"a":0,"k":0,"ix":2},"p":{"a":0,"k":[65.88099670410156,80.40950012207031],"ix":2},"r":{"a":0,"k":0,"ix":2},"sa":{"a":0,"k":0,"ix":2},"o":{"a":0,"k":100,"ix":2}}]},{"ty":"tr","a":{"a":0,"k":[66.913,65.152],"ix":2},"s":{"a":0,"k":[100,100],"ix":2},"sk":{"a":0,"k":0,"ix":2},"p":{"a":0,"k":[66.913,67.152],"ix":2},"r":{"a":0,"k":0,"ix":2},"sa":{"a":0,"k":0,"ix":2},"o":{"a":0,"k":100,"ix":2}}]},{"ty":"tr","a":{"a":0,"k":[0,0],"ix":2},"s":{"a":0,"k":[100,100],"ix":2},"sk":{"a":0,"k":0,"ix":2},"p":{"a":0,"k":[0,0],"ix":2},"r":{"a":0,"k":0,"ix":2},"sa":{"a":0,"k":0,"ix":2},"o":{"a":1,"k":[{"o":{"x":0.167,"y":0.167},"i":{"x":0.833,"y":0.833},"s":[100],"t":499},{"s":[0],"t":500}],"ix":2}}]}],"ind":12},{"ty":4,"nm":"Ð±ÑÐ¼1 (In/Out)","sr":1,"st":0,"op":601,"ip":0,"hd":false,"ddd":0,"bm":0,"hasMask":false,"ao":0,"ks":{"a":{"a":0,"k":[0,0],"ix":2},"s":{"a":0,"k":[100,100],"ix":2},"sk":{"a":0,"k":0,"ix":2},"p":{"a":0,"k":[0,0],"ix":2},"r":{"a":0,"k":0,"ix":2},"sa":{"a":0,"k":0,"ix":2},"o":{"a":1,"k":[{"o":{"x":0.167,"y":0.167},"i":{"x":0.833,"y":0.833},"s":[100],"t":453},{"s":[0],"t":454}],"ix":2}},"ef":[],"shapes":[{"ty":"gr","bm":0,"hd":false,"nm":"Ð±ÑÐ¼1","it":[{"ty":"gr","bm":0,"hd":false,"nm":"Path","it":[{"ty":"sh","bm":0,"hd":false,"nm":"","d":1,"ks":{"a":0,"k":{"c":false,"i":[[0,0],[0,-5.726]],"o":[[5.707,0],[0,0]],"v":[[-5.171,-5.178],[5.171,5.178]]}}},{"ty":"st","bm":0,"hd":false,"nm":"","lc":2,"lj":1,"ml":4,"o":{"a":0,"k":100,"ix":2},"w":{"a":0,"k":5,"ix":2},"c":{"a":0,"k":[0.1922,0.8,0.0196],"ix":2}},{"ty":"tr","a":{"a":0,"k":[0,0],"ix":2},"s":{"a":0,"k":[100,100],"ix":2},"sk":{"a":0,"k":0,"ix":2},"p":{"a":0,"k":[71.0510025024414,61.37799835205078],"ix":2},"r":{"a":0,"k":0,"ix":2},"sa":{"a":0,"k":0,"ix":2},"o":{"a":0,"k":100,"ix":2}}]},{"ty":"gr","bm":0,"hd":false,"nm":"Path","it":[{"ty":"sh","bm":0,"hd":false,"nm":"","d":1,"ks":{"a":0,"k":{"c":true,"i":[[0,0],[0,10.294],[10.279,0],[0,-10.295],[-10.278,0]],"o":[[10.279,0],[0,-10.295],[-10.278,0],[0,10.294],[0,0]],"v":[[0,18.639],[18.611,0.001],[0,-18.639],[-18.611,0.001],[0,18.639]]}}},{"ty":"st","bm":0,"hd":false,"nm":"","lc":1,"lj":1,"ml":4,"o":{"a":0,"k":100,"ix":2},"w":{"a":0,"k":5,"ix":2},"c":{"a":0,"k":[0.1922,0.8,0.0196],"ix":2}},{"ty":"fl","bm":0,"hd":false,"nm":"","c":{"a":0,"k":[0.7333,1,0],"ix":2},"r":1,"o":{"a":0,"k":100,"ix":2}},{"ty":"tr","a":{"a":0,"k":[0,0],"ix":2},"s":{"a":0,"k":[100,100],"ix":2},"sk":{"a":0,"k":0,"ix":2},"p":{"a":0,"k":[65.88300323486328,66.55599975585938],"ix":2},"r":{"a":0,"k":0,"ix":2},"sa":{"a":0,"k":0,"ix":2},"o":{"a":0,"k":100,"ix":2}}]},{"ty":"tr","a":{"a":0,"k":[66.913,65.152],"ix":2},"s":{"a":0,"k":[100,100],"ix":2},"sk":{"a":0,"k":0,"ix":2},"p":{"a":1,"k":[{"o":{"x":0.333,"y":0},"i":{"x":0.833,"y":0.833},"s":[476.913,779.152],"t":379,"ti":[3.667,18.833],"to":[-3.667,-18.833]},{"s":[454.913,666.152],"t":450}],"ix":2},"r":{"a":0,"k":0,"ix":2},"sa":{"a":0,"k":0,"ix":2},"o":{"a":0,"k":100,"ix":2}}]}],"ind":13},{"ty":4,"nm":"Ð¨Ð°Ñ 6 Outlines","sr":1,"st":0,"op":601,"ip":0,"hd":false,"ddd":0,"bm":0,"hasMask":false,"ao":0,"ks":{"a":{"a":0,"k":[540,540],"ix":2},"s":{"a":0,"k":[100,100],"ix":2},"sk":{"a":0,"k":0,"ix":2},"p":{"a":0,"k":[540,540],"ix":2},"r":{"a":0,"k":0,"ix":2},"sa":{"a":0,"k":0,"ix":2},"o":{"a":0,"k":100,"ix":2}},"ef":[],"shapes":[{"ty":"gr","bm":0,"hd":false,"nm":"Path","it":[{"ty":"sh","bm":0,"hd":false,"nm":"","d":1,"ks":{"a":0,"k":{"c":true,"i":[[0,0],[0,0],[0,-3.845],[0,0],[-3.839,0],[0,0],[0,3.845],[0,0],[3.839,0]],"o":[[0,0],[-3.839,0],[0,0],[0,3.845],[0,0],[3.839,0],[0,0],[0,-3.845],[0,0]],"v":[[38.698,-6.967],[-38.698,-6.967],[-45.648,-0.006],[-45.648,0.005],[-38.698,6.967],[38.698,6.967],[45.648,0.005],[45.648,-0.006],[38.698,-6.967]]}}},{"ty":"st","bm":0,"hd":false,"nm":"","lc":1,"lj":1,"ml":4,"o":{"a":0,"k":100,"ix":2},"w":{"a":0,"k":5,"ix":2},"c":{"a":0,"k":[1,1,1],"ix":2}},{"ty":"fl","bm":0,"hd":false,"nm":"","c":{"a":0,"k":[0.4824,0.4667,0.4667],"ix":2},"r":1,"o":{"a":0,"k":100,"ix":2}},{"ty":"tr","a":{"a":0,"k":[0,0],"ix":2},"s":{"a":0,"k":[100,100],"ix":2},"sk":{"a":0,"k":0,"ix":2},"p":{"a":0,"k":[650.5369873046875,892.0919799804688],"ix":2},"r":{"a":0,"k":0,"ix":2},"sa":{"a":0,"k":0,"ix":2},"o":{"a":0,"k":100,"ix":2}}]},{"ty":"gr","bm":0,"hd":false,"nm":"Path","it":[{"ty":"sh","bm":0,"hd":false,"nm":"","d":1,"ks":{"a":0,"k":{"c":true,"i":[[0,0],[0,0],[-6.501,6.671],[0,0],[-2.832,0],[0,0],[-1.985,-2.03],[0,0],[9.3,0],[0,0]],"o":[[0,0],[-9.3,0],[0,0],[1.974,-2.03],[0,0],[2.832,0],[0,0],[6.501,6.66],[0,0],[0,0]],"v":[[343.599,71.464],[-343.588,71.464],[-351.107,53.588],[-232.275,-68.295],[-224.755,-71.464],[224.755,-71.464],[232.275,-68.295],[351.107,53.588],[343.588,71.464],[343.599,71.464]]}}},{"ty":"st","bm":0,"hd":false,"nm":"","lc":1,"lj":1,"ml":4,"o":{"a":0,"k":100,"ix":2},"w":{"a":0,"k":5,"ix":2},"c":{"a":0,"k":[0.1922,0.8,0.0196],"ix":2}},{"ty":"fl","bm":0,"hd":false,"nm":"","c":{"a":0,"k":[0.7333,1,0],"ix":2},"r":1,"o":{"a":0,"k":100,"ix":2}},{"ty":"tr","a":{"a":0,"k":[5.684341886080801e-14,0],"ix":2},"s":{"a":0,"k":[100,100],"ix":2},"sk":{"a":0,"k":0,"ix":2},"p":{"a":0,"k":[524.9140014648438,800.156005859375],"ix":2},"r":{"a":0,"k":0,"ix":2},"sa":{"a":0,"k":0,"ix":2},"o":{"a":0,"k":100,"ix":2}}]},{"ty":"gr","bm":0,"hd":false,"nm":"Path","it":[{"ty":"sh","bm":0,"hd":false,"nm":"","d":1,"ks":{"a":0,"k":{"c":true,"i":[[0,0],[0,0],[0,0],[10.845,0],[0,0],[0,10.861],[0,0],[0,0]],"o":[[0,0],[0,0],[0,10.861],[0,0],[-10.845,0],[0,0],[0,0],[0,0]],"v":[[-354.116,-26.058],[354.116,-26.058],[354.116,6.376],[334.464,26.058],[-334.454,26.058],[-354.106,6.376],[-354.106,-26.058],[-354.116,-26.058]]}}},{"ty":"st","bm":0,"hd":false,"nm":"","lc":1,"lj":1,"ml":4,"o":{"a":0,"k":100,"ix":2},"w":{"a":0,"k":5,"ix":2},"c":{"a":0,"k":[1,1,1],"ix":2}},{"ty":"gf","bm":0,"hd":false,"nm":"","e":{"a":0,"k":[354.115966796875,0],"ix":2},"g":{"p":2,"k":{"a":0,"k":[0,0.1568627450980392,0.1450980392156863,0.1450980392156863,1,0.4823529411764706,0.4666666666666667,0.4666666666666667,0,1,1,0.9999400813405107],"ix":2}},"t":1,"a":{"a":0,"k":0},"h":{"a":0,"k":0},"s":{"a":0,"k":[-354.1159973144531,0],"ix":2},"r":1,"o":{"a":0,"k":100,"ix":2}},{"ty":"tr","a":{"a":0,"k":[0,0],"ix":2},"s":{"a":0,"k":[100,100],"ix":2},"sk":{"a":0,"k":0,"ix":2},"p":{"a":0,"k":[524.9429931640625,887.6010131835938],"ix":2},"r":{"a":0,"k":0,"ix":2},"sa":{"a":0,"k":0,"ix":2},"o":{"a":0,"k":100,"ix":2}}]}],"ind":14},{"ty":4,"nm":"Ð´4","sr":1,"st":0,"op":601,"ip":0,"hd":false,"ddd":0,"bm":0,"hasMask":false,"ao":0,"ks":{"a":{"a":0,"k":[540,540],"ix":2},"s":{"a":0,"k":[100,100],"ix":2},"sk":{"a":0,"k":0,"ix":2},"p":{"a":1,"k":[{"o":{"x":0.333,"y":0},"i":{"x":0.667,"y":1},"s":[468,540],"t":175,"ti":[-11.5,0],"to":[11.5,0]},{"s":[537,540],"t":250}],"ix":2},"r":{"a":0,"k":0,"ix":2},"sa":{"a":0,"k":0,"ix":2},"o":{"a":1,"k":[{"o":{"x":0.333,"y":0},"i":{"x":0.833,"y":1},"s":[100],"t":192},{"s":[1],"t":250}],"ix":2}},"ef":[],"shapes":[{"ty":"gr","bm":0,"hd":false,"nm":"Path","it":[{"ty":"sh","bm":0,"hd":false,"nm":"","d":1,"ks":{"a":0,"k":{"c":false,"i":[[0,0],[0,0],[0,-11.194],[0,0]],"o":[[0,0],[7.809,8.003],[0,0],[0,0]],"v":[[-59.416,-90.899],[47.242,18.5],[59.417,48.441],[59.417,90.899]]}}},{"ty":"st","bm":0,"hd":false,"nm":"","lc":2,"lj":2,"ml":4,"o":{"a":0,"k":100,"ix":2},"w":{"a":0,"k":5,"ix":2},"c":{"a":0,"k":[1,1,1],"ix":2}},{"ty":"tr","a":{"a":0,"k":[0.0005000000000023874,0],"ix":2},"s":{"a":0,"k":[100,100],"ix":2},"sk":{"a":0,"k":0,"ix":2},"p":{"a":0,"k":[868.8834838867188,822.760009765625],"ix":2},"r":{"a":0,"k":0,"ix":2},"sa":{"a":0,"k":0,"ix":2},"o":{"a":0,"k":100,"ix":2}}]}],"ind":15},{"ty":4,"nm":"Ð´2","sr":1,"st":0,"op":601,"ip":0,"hd":false,"ddd":0,"bm":0,"hasMask":false,"ao":0,"ks":{"a":{"a":0,"k":[540,540],"ix":2},"s":{"a":0,"k":[100,100],"ix":2},"sk":{"a":0,"k":0,"ix":2},"p":{"a":1,"k":[{"o":{"x":0.333,"y":0},"i":{"x":0.667,"y":1},"s":[468,540],"t":150,"ti":[-23.5,0],"to":[23.5,0]},{"s":[609,540],"t":250}],"ix":2},"r":{"a":0,"k":0,"ix":2},"sa":{"a":0,"k":0,"ix":2},"o":{"a":1,"k":[{"o":{"x":0.333,"y":0},"i":{"x":0.833,"y":1},"s":[100],"t":192},{"s":[1],"t":250}],"ix":2}},"ef":[],"shapes":[{"ty":"gr","bm":0,"hd":false,"nm":"Path","it":[{"ty":"sh","bm":0,"hd":false,"nm":"","d":1,"ks":{"a":0,"k":{"c":false,"i":[[0,0],[0,0],[0,-11.194],[0,0]],"o":[[0,0],[7.809,8.003],[0,0],[0,0]],"v":[[-59.416,-90.899],[47.242,18.5],[59.417,48.441],[59.417,90.899]]}}},{"ty":"st","bm":0,"hd":false,"nm":"","lc":2,"lj":2,"ml":4,"o":{"a":0,"k":100,"ix":2},"w":{"a":0,"k":5,"ix":2},"c":{"a":0,"k":[1,1,1],"ix":2}},{"ty":"tr","a":{"a":0,"k":[0.0005000000000023874,0],"ix":2},"s":{"a":0,"k":[100,100],"ix":2},"sk":{"a":0,"k":0,"ix":2},"p":{"a":0,"k":[868.8834838867188,822.760009765625],"ix":2},"r":{"a":0,"k":0,"ix":2},"sa":{"a":0,"k":0,"ix":2},"o":{"a":0,"k":100,"ix":2}}]}],"ind":16},{"ty":4,"nm":"Ð´3","sr":1,"st":0,"op":601,"ip":0,"hd":false,"ddd":0,"bm":0,"hasMask":false,"ao":0,"ks":{"a":{"a":0,"k":[540,540],"ix":2},"s":{"a":0,"k":[100,100],"ix":2},"sk":{"a":0,"k":0,"ix":2},"p":{"a":1,"k":[{"o":{"x":0.333,"y":0},"i":{"x":0.667,"y":1},"s":[600,540],"t":175,"ti":[10.833,0],"to":[-10.833,0]},{"s":[535,540],"t":250}],"ix":2},"r":{"a":0,"k":0,"ix":2},"sa":{"a":0,"k":0,"ix":2},"o":{"a":1,"k":[{"o":{"x":0.333,"y":0},"i":{"x":0.833,"y":1},"s":[100],"t":192},{"s":[1],"t":250}],"ix":2}},"ef":[],"shapes":[{"ty":"gr","bm":0,"hd":false,"nm":"Path","it":[{"ty":"sh","bm":0,"hd":false,"nm":"","d":1,"ks":{"a":0,"k":{"c":false,"i":[[0,0],[0,0],[0,-11.194],[0,0]],"o":[[0,0],[-7.809,8.003],[0,0],[0,0]],"v":[[59.416,-90.899],[-47.241,18.5],[-59.416,48.441],[-59.416,90.899]]}}},{"ty":"st","bm":0,"hd":false,"nm":"","lc":2,"lj":2,"ml":4,"o":{"a":0,"k":100,"ix":2},"w":{"a":0,"k":5,"ix":2},"c":{"a":0,"k":[1,1,1],"ix":2}},{"ty":"tr","a":{"a":0,"k":[0,0],"ix":2},"s":{"a":0,"k":[100,100],"ix":2},"sk":{"a":0,"k":0,"ix":2},"p":{"a":0,"k":[190.0709991455078,822.760009765625],"ix":2},"r":{"a":0,"k":0,"ix":2},"sa":{"a":0,"k":0,"ix":2},"o":{"a":0,"k":100,"ix":2}}]}],"ind":17},{"ty":4,"nm":"Ð´1","sr":1,"st":0,"op":601,"ip":0,"hd":false,"ddd":0,"bm":0,"hasMask":false,"ao":0,"ks":{"a":{"a":0,"k":[540,540],"ix":2},"s":{"a":0,"k":[100,100],"ix":2},"sk":{"a":0,"k":0,"ix":2},"p":{"a":1,"k":[{"o":{"x":0.333,"y":0},"i":{"x":0.667,"y":1},"s":[600,540],"t":150,"ti":[23.5,0],"to":[-23.5,0]},{"s":[459,540],"t":250}],"ix":2},"r":{"a":0,"k":0,"ix":2},"sa":{"a":0,"k":0,"ix":2},"o":{"a":1,"k":[{"o":{"x":0.333,"y":0},"i":{"x":0.833,"y":1},"s":[100],"t":192},{"s":[1],"t":250}],"ix":2}},"ef":[],"shapes":[{"ty":"gr","bm":0,"hd":false,"nm":"Path","it":[{"ty":"sh","bm":0,"hd":false,"nm":"","d":1,"ks":{"a":0,"k":{"c":false,"i":[[0,0],[0,0],[0,-11.194],[0,0]],"o":[[0,0],[-7.809,8.003],[0,0],[0,0]],"v":[[59.416,-90.899],[-47.241,18.5],[-59.416,48.441],[-59.416,90.899]]}}},{"ty":"st","bm":0,"hd":false,"nm":"","lc":2,"lj":2,"ml":4,"o":{"a":0,"k":100,"ix":2},"w":{"a":0,"k":5,"ix":2},"c":{"a":0,"k":[1,1,1],"ix":2}},{"ty":"tr","a":{"a":0,"k":[0,0],"ix":2},"s":{"a":0,"k":[100,100],"ix":2},"sk":{"a":0,"k":0,"ix":2},"p":{"a":0,"k":[190.0709991455078,822.760009765625],"ix":2},"r":{"a":0,"k":0,"ix":2},"sa":{"a":0,"k":0,"ix":2},"o":{"a":0,"k":96,"ix":2}}]}],"ind":18}],"v":"5.7.5","fr":100,"op":600,"ip":0,"assets":[]}