{"v":"5.5.2","meta":{"a":"SVGator","d":"SVGator, the ultimate SVG animation generator now supports Lottie: a thoughtfully designed, intuitive interface, right at your fingertips.","g":"Made in SVGator (https://www.svgator.com/)"},"metadata":{"filename":"???????.json","customProps":{"k":["SVGator","svgator","lottie animation","svg animation","lottie","svg"],"version":1,"app":"https://app.svgator.com/editor#/3b253babbe864554b2318c0806a64f33","site":"https://www.svgator.com/","date":"2024-08-12T13:47:58.050Z","exportId":"b284b08b57d34c878ec703f81bcf5ece","cached":"true"}},"nm":"???????","ddd":0,"assets":[],"w":161,"h":159,"ip":0,"op":48,"fr":24,"fonts":{"list":[]},"layers":[{"ty":4,"st":0,"ip":0,"op":48,"ks":{"a":{"a":0,"k":[0.001,0]},"p":{"a":0,"k":[80.044,79.044]},"s":{"a":1,"k":[{"t":0,"s":[100,100],"i":{"x":0.667,"y":1},"o":{"x":0.333,"y":0},"h":0},{"t":4.008,"s":[146,146],"i":{"x":0.667,"y":1},"o":{"x":0.333,"y":0},"h":0},{"t":12,"s":[100,100],"i":{"x":1,"y":1},"o":{"x":0,"y":0},"h":0}]},"r":{"a":0,"k":0},"o":{"a":0,"k":100},"sk":{"a":0,"k":0},"sa":{"a":0,"k":0}},"shapes":[{"ty":"gr","it":[{"ty":"gr","it":[{"ty":"sh","ks":{"a":0,"k":{"v":[[8.49,-8.49],[40,-0.005],[8.49,8.48],[0.005,40],[-8.48,8.48],[-40,-0.005],[-8.48,-8.49],[0.005,-40],[8.49,-8.49]],"i":[[0,0],[0,0],[0,0],[0,0],[0,0],[0,0],[0,0],[0,0],[0,0]],"o":[[0,0],[0,0],[0,0],[0,0],[0,0],[0,0],[0,0],[0,0],[0,0]],"c":true}},"hd":false,"bm":0,"ln":""},{"ty":"st","o":{"a":0,"k":100},"w":{"a":0,"k":5},"c":{"a":0,"k":[1,1,1]},"hd":false,"bm":0,"ln":"","lc":2,"lj":2,"ml":4,"ml2":{"a":0,"k":0},"d":[{"n":"o","nm":"offset","v":{"a":0,"k":0}}]},{"ty":"fl","o":{"a":0,"k":100},"c":{"a":0,"k":[1,1,1]},"hd":false,"bm":0,"ln":"","r":1},{"ty":"tr","o":{"a":0,"k":100},"a":{"a":0,"k":[0,0]},"p":{"a":0,"k":[0,0]},"s":{"a":0,"k":[100,100]},"r":{"a":0,"k":0},"sk":{"a":0,"k":0},"sa":{"a":0,"k":0}}],"hd":false,"bm":0,"ln":""},{"ty":"tr","o":{"a":0,"k":100},"a":{"a":0,"k":[0,0]},"p":{"a":0,"k":[0,0]},"s":{"a":0,"k":[100,100]},"r":{"a":0,"k":0},"sk":{"a":0,"k":0},"sa":{"a":0,"k":0}}],"hd":false,"bm":0,"ln":""}],"hd":false,"bm":0,"ln":"","ao":0,"hasMask":false,"tt":0,"td":0,"tp":0},{"ty":1,"ip":0,"op":48,"st":0,"ks":{},"sc":"transparent","sw":161,"sh":159}]}