{"nm":"Comp 1","ddd":0,"h":369,"w":520,"meta":{"g":"@lottiefiles/toolkit-js 0.33.2"},"layers":[{"ty":4,"nm":"Ð¨Ð°Ñ 2 Outlines","sr":1,"st":0,"op":201,"ip":0,"hd":false,"ddd":0,"bm":0,"hasMask":false,"ao":0,"ks":{"a":{"a":0,"k":[264,93.078],"ix":2},"s":{"a":0,"k":[100,100],"ix":2},"sk":{"a":0,"k":0,"ix":2},"p":{"a":1,"k":[{"o":{"x":0.333,"y":0},"i":{"x":0.667,"y":1},"s":[264,93.078],"t":0,"ti":[0,0],"to":[0,-3]},{"o":{"x":0.333,"y":0},"i":{"x":0.667,"y":1},"s":[264,75.078],"t":100,"ti":[0,-3],"to":[0,0]},{"s":[264,93.078],"t":200}],"ix":2},"r":{"a":0,"k":0,"ix":2},"sa":{"a":0,"k":0,"ix":2},"o":{"a":0,"k":100,"ix":2}},"ef":[],"shapes":[{"ty":"gr","bm":0,"hd":false,"nm":"Path","it":[{"ty":"sh","bm":0,"hd":false,"nm":"","d":1,"ks":{"a":0,"k":{"c":true,"i":[[0,0],[0,0],[0,0],[0,0],[0,0],[0,0],[0,0],[0,0],[0,0]],"o":[[0,0],[0,0],[0,0],[0,0],[0,0],[0,0],[0,0],[0,0],[0,0]],"v":[[3.43,-3.43],[16.16,0],[3.43,3.43],[0,16.16],[-3.43,3.43],[-16.16,0],[-3.43,-3.43],[0,-16.16],[3.43,-3.43]]}}},{"ty":"st","bm":0,"hd":false,"nm":"","lc":2,"lj":2,"ml":4,"o":{"a":0,"k":100,"ix":2},"w":{"a":0,"k":5,"ix":2},"c":{"a":0,"k":[0.7333,1,0],"ix":2}},{"ty":"fl","bm":0,"hd":false,"nm":"","c":{"a":0,"k":[0.7333,1,0],"ix":2},"r":1,"o":{"a":0,"k":100,"ix":2}},{"ty":"tr","a":{"a":0,"k":[0,0],"ix":2},"s":{"a":0,"k":[100,100],"ix":2},"sk":{"a":0,"k":0,"ix":2},"p":{"a":0,"k":[282.3710021972656,52.48799896240234],"ix":2},"r":{"a":0,"k":0,"ix":2},"sa":{"a":0,"k":0,"ix":2},"o":{"a":0,"k":100,"ix":2}}]},{"ty":"gr","bm":0,"hd":false,"nm":"Path","it":[{"ty":"sh","bm":0,"hd":false,"nm":"","d":1,"ks":{"a":0,"k":{"c":true,"i":[[0,0],[0,0],[0,0],[0,0],[0,0],[0,0],[0,0],[0,0],[0,0]],"o":[[0,0],[0,0],[0,0],[0,0],[0,0],[0,0],[0,0],[0,0],[0,0]],"v":[[3.43,-3.43],[16.16,0],[3.43,3.43],[0,16.16],[-3.43,3.43],[-16.16,0],[-3.43,-3.43],[0,-16.16],[3.43,-3.43]]}}},{"ty":"st","bm":0,"hd":false,"nm":"","lc":2,"lj":2,"ml":4,"o":{"a":0,"k":100,"ix":2},"w":{"a":0,"k":5,"ix":2},"c":{"a":0,"k":[0.7333,1,0],"ix":2}},{"ty":"fl","bm":0,"hd":false,"nm":"","c":{"a":0,"k":[0.7333,1,0],"ix":2},"r":1,"o":{"a":0,"k":100,"ix":2}},{"ty":"tr","a":{"a":0,"k":[0,0],"ix":2},"s":{"a":0,"k":[100,100],"ix":2},"sk":{"a":0,"k":0,"ix":2},"p":{"a":0,"k":[125.7300033569336,81.80799865722656],"ix":2},"r":{"a":0,"k":0,"ix":2},"sa":{"a":0,"k":0,"ix":2},"o":{"a":0,"k":100,"ix":2}}]},{"ty":"gr","bm":0,"hd":false,"nm":"Path","it":[{"ty":"sh","bm":0,"hd":false,"nm":"","d":1,"ks":{"a":0,"k":{"c":true,"i":[[0,0],[0,0],[0,0],[0,0],[0,0],[0,0],[0,0],[0,0],[0,0]],"o":[[0,0],[0,0],[0,0],[0,0],[0,0],[0,0],[0,0],[0,0],[0,0]],"v":[[3.43,-3.43],[16.16,0],[3.43,3.43],[0,16.16],[-3.43,3.43],[-16.16,0],[-3.43,-3.43],[0,-16.16],[3.43,-3.43]]}}},{"ty":"st","bm":0,"hd":false,"nm":"","lc":2,"lj":2,"ml":4,"o":{"a":0,"k":100,"ix":2},"w":{"a":0,"k":5,"ix":2},"c":{"a":0,"k":[0.7333,1,0],"ix":2}},{"ty":"fl","bm":0,"hd":false,"nm":"","c":{"a":0,"k":[0.7333,1,0],"ix":2},"r":1,"o":{"a":0,"k":100,"ix":2}},{"ty":"tr","a":{"a":0,"k":[0,0],"ix":2},"s":{"a":0,"k":[100,100],"ix":2},"sk":{"a":0,"k":0,"ix":2},"p":{"a":0,"k":[390.5039978027344,129.7879943847656],"ix":2},"r":{"a":0,"k":0,"ix":2},"sa":{"a":0,"k":0,"ix":2},"o":{"a":0,"k":100,"ix":2}}]}],"ind":1},{"ty":4,"nm":"Ð¨Ð°Ñ 3 Outlines","sr":1,"st":0,"op":201,"ip":0,"hd":false,"ddd":0,"bm":0,"hasMask":false,"ao":0,"ks":{"a":{"a":0,"k":[271,91.078],"ix":2},"s":{"a":0,"k":[100,100],"ix":2},"sk":{"a":0,"k":0,"ix":2},"p":{"a":1,"k":[{"o":{"x":0.333,"y":0},"i":{"x":0.667,"y":1},"s":[271,91.078],"t":0,"ti":[0,0],"to":[0,1.667]},{"o":{"x":0.167,"y":0},"i":{"x":0.667,"y":1},"s":[271,101.078],"t":67,"ti":[0,1.667],"to":[0,0]},{"s":[271,91.078],"t":133}],"ix":2},"r":{"a":0,"k":0,"ix":2},"sa":{"a":0,"k":0,"ix":2},"o":{"a":0,"k":100,"ix":2}},"ef":[],"shapes":[{"ty":"gr","bm":0,"hd":false,"nm":"Path","it":[{"ty":"sh","bm":0,"hd":false,"nm":"","d":1,"ks":{"a":0,"k":{"c":true,"i":[[0,0],[0.823,1.279],[2.946,-1.895],[-0.824,-1.279],[-2.946,1.895]],"o":[[2.945,-1.895],[-0.823,-1.28],[-2.945,1.895],[0.823,1.28],[0,0]],"v":[[1.492,2.316],[5.333,-3.432],[-1.491,-2.317],[-5.332,3.432],[1.492,2.316]]}}},{"ty":"st","bm":0,"hd":false,"nm":"","lc":2,"lj":2,"ml":4,"o":{"a":0,"k":100,"ix":2},"w":{"a":0,"k":5,"ix":2},"c":{"a":0,"k":[0.1569,0.1451,0.1451],"ix":2}},{"ty":"tr","a":{"a":0,"k":[0.00032473180751591,-0.0001579681047871873],"ix":2},"s":{"a":0,"k":[100,100],"ix":2},"sk":{"a":0,"k":0,"ix":2},"p":{"a":0,"k":[358.0263366699219,96.56584167480469],"ix":2},"r":{"a":0,"k":0,"ix":2},"sa":{"a":0,"k":0,"ix":2},"o":{"a":0,"k":100,"ix":2}}]},{"ty":"gr","bm":0,"hd":false,"nm":"Path","it":[{"ty":"sh","bm":0,"hd":false,"nm":"","d":1,"ks":{"a":0,"k":{"c":false,"i":[[0,0],[0,0],[-12.182,-0.353]],"o":[[0,0],[0,0],[0,0]],"v":[[3.284,19.127],[-11.397,-5.803],[11.397,-18.774]]}}},{"ty":"st","bm":0,"hd":false,"nm":"","lc":2,"lj":2,"ml":4,"o":{"a":0,"k":100,"ix":2},"w":{"a":0,"k":5,"ix":2},"c":{"a":0,"k":[0.1569,0.1451,0.1451],"ix":2}},{"ty":"tr","a":{"a":0,"k":[0,0.1730538506625621],"ix":2},"s":{"a":0,"k":[100,100],"ix":2},"sk":{"a":0,"k":0,"ix":2},"p":{"a":0,"k":[359.6860046386719,73.55506134033203],"ix":2},"r":{"a":0,"k":0,"ix":2},"sa":{"a":0,"k":0,"ix":2},"o":{"a":0,"k":100,"ix":2}}]},{"ty":"gr","bm":0,"hd":false,"nm":"Path","it":[{"ty":"sh","bm":0,"hd":false,"nm":"","d":1,"ks":{"a":0,"k":{"c":true,"i":[[0,0],[0.824,1.279],[2.945,-1.895],[-0.823,-1.279],[-2.946,1.895]],"o":[[2.945,-1.895],[-0.823,-1.279],[-2.946,1.895],[0.823,1.28],[0,0]],"v":[[1.491,2.316],[5.333,-3.432],[-1.49,-2.317],[-5.333,3.431],[1.491,2.316]]}}},{"ty":"st","bm":0,"hd":false,"nm":"","lc":2,"lj":2,"ml":4,"o":{"a":0,"k":100,"ix":2},"w":{"a":0,"k":5,"ix":2},"c":{"a":0,"k":[0.1569,0.1451,0.1451],"ix":2}},{"ty":"tr","a":{"a":0,"k":[0.0001776545562623966,-0.0002802441268503486],"ix":2},"s":{"a":0,"k":[100,100],"ix":2},"sk":{"a":0,"k":0,"ix":2},"p":{"a":0,"k":[194.0191802978516,100.7087173461914],"ix":2},"r":{"a":0,"k":0,"ix":2},"sa":{"a":0,"k":0,"ix":2},"o":{"a":0,"k":100,"ix":2}}]},{"ty":"gr","bm":0,"hd":false,"nm":"Path","it":[{"ty":"sh","bm":0,"hd":false,"nm":"","d":1,"ks":{"a":0,"k":{"c":true,"i":[[0,0],[0.824,1.279],[2.945,-1.895],[-0.823,-1.279],[-2.946,1.895]],"o":[[2.945,-1.895],[-0.823,-1.28],[-2.946,1.895],[0.823,1.28],[0,0]],"v":[[1.491,2.316],[5.333,-3.432],[-1.49,-2.316],[-5.333,3.432],[1.491,2.316]]}}},{"ty":"st","bm":0,"hd":false,"nm":"","lc":2,"lj":2,"ml":4,"o":{"a":0,"k":100,"ix":2},"w":{"a":0,"k":5,"ix":2},"c":{"a":0,"k":[0.1569,0.1451,0.1451],"ix":2}},{"ty":"tr","a":{"a":0,"k":[0.0001776545562623966,0],"ix":2},"s":{"a":0,"k":[100,100],"ix":2},"sk":{"a":0,"k":0,"ix":2},"p":{"a":0,"k":[171.8471832275391,114.9729995727539],"ix":2},"r":{"a":0,"k":0,"ix":2},"sa":{"a":0,"k":0,"ix":2},"o":{"a":0,"k":100,"ix":2}}]},{"ty":"gr","bm":0,"hd":false,"nm":"Path","it":[{"ty":"sh","bm":0,"hd":false,"nm":"","d":1,"ks":{"a":0,"k":{"c":false,"i":[[0,0],[0,0],[-12.182,-0.353],[0,0]],"o":[[0,0],[0,0],[0,0],[0,0]],"v":[[-3.838,19.127],[-18.518,-5.803],[4.276,-18.774],[18.519,5.046]]}}},{"ty":"st","bm":0,"hd":false,"nm":"","lc":2,"lj":2,"ml":4,"o":{"a":0,"k":100,"ix":2},"w":{"a":0,"k":5,"ix":2},"c":{"a":0,"k":[0.1569,0.1451,0.1451],"ix":2}},{"ty":"tr","a":{"a":0,"k":[0.0004999999999988347,0.1730538506625621],"ix":2},"s":{"a":0,"k":[100,100],"ix":2},"sk":{"a":0,"k":0,"ix":2},"p":{"a":0,"k":[180.6204986572266,91.9620590209961],"ix":2},"r":{"a":0,"k":0,"ix":2},"sa":{"a":0,"k":0,"ix":2},"o":{"a":0,"k":100,"ix":2}}]}],"ind":2},{"ty":4,"nm":"Ð¨Ð°Ñ 4 Outlines","sr":1,"st":0,"op":201,"ip":0,"hd":false,"ddd":0,"bm":0,"hasMask":false,"ao":0,"ks":{"a":{"a":0,"k":[307,97.078],"ix":2},"s":{"a":0,"k":[100,100],"ix":2},"sk":{"a":0,"k":0,"ix":2},"p":{"a":1,"k":[{"o":{"x":0.167,"y":0},"i":{"x":0.833,"y":1},"s":[307,97.078],"t":50,"ti":[0,0],"to":[0,-1.5]},{"o":{"x":0.167,"y":0},"i":{"x":0.833,"y":1},"s":[307,88.078],"t":133,"ti":[0,-1.5],"to":[0,0]},{"s":[307,97.078],"t":204}],"ix":2},"r":{"a":0,"k":0,"ix":2},"sa":{"a":0,"k":0,"ix":2},"o":{"a":0,"k":100,"ix":2}},"ef":[],"shapes":[{"ty":"gr","bm":0,"hd":false,"nm":"Path","it":[{"ty":"sh","bm":0,"hd":false,"nm":"","d":1,"ks":{"a":0,"k":{"c":true,"i":[[0,0],[0.823,1.279],[2.946,-1.895],[-0.823,-1.279],[-2.945,1.895]],"o":[[2.946,-1.895],[-0.823,-1.28],[-2.945,1.895],[0.824,1.28],[0,0]],"v":[[1.491,2.316],[5.333,-3.432],[-1.491,-2.316],[-5.333,3.432],[1.491,2.316]]}}},{"ty":"st","bm":0,"hd":false,"nm":"","lc":2,"lj":2,"ml":4,"o":{"a":0,"k":100,"ix":2},"w":{"a":0,"k":5,"ix":2},"c":{"a":0,"k":[0.1569,0.1451,0.1451],"ix":2}},{"ty":"tr","a":{"a":0,"k":[0.000035702128471371,0],"ix":2},"s":{"a":0,"k":[100,100],"ix":2},"sk":{"a":0,"k":0,"ix":2},"p":{"a":0,"k":[306.7450256347656,113.8099975585938],"ix":2},"r":{"a":0,"k":0,"ix":2},"sa":{"a":0,"k":0,"ix":2},"o":{"a":0,"k":100,"ix":2}}]},{"ty":"gr","bm":0,"hd":false,"nm":"Path","it":[{"ty":"sh","bm":0,"hd":false,"nm":"","d":1,"ks":{"a":0,"k":{"c":false,"i":[[0,0],[0,0],[-12.182,-0.353]],"o":[[0,0],[0,0],[0,0]],"v":[[3.283,19.127],[-11.398,-5.803],[11.397,-18.774]]}}},{"ty":"st","bm":0,"hd":false,"nm":"","lc":2,"lj":2,"ml":4,"o":{"a":0,"k":100,"ix":2},"w":{"a":0,"k":5,"ix":2},"c":{"a":0,"k":[0.1569,0.1451,0.1451],"ix":2}},{"ty":"tr","a":{"a":0,"k":[-0.0004999999999988347,0.1730538506625621],"ix":2},"s":{"a":0,"k":[100,100],"ix":2},"sk":{"a":0,"k":0,"ix":2},"p":{"a":0,"k":[308.3965148925781,90.7830581665039],"ix":2},"r":{"a":0,"k":0,"ix":2},"sa":{"a":0,"k":0,"ix":2},"o":{"a":0,"k":100,"ix":2}}]}],"ind":3},{"ty":4,"nm":"Ð¨Ð°Ñ 5 Outlines","sr":1,"st":0,"op":201,"ip":0,"hd":false,"ddd":0,"bm":0,"hasMask":false,"ao":0,"ks":{"a":{"a":0,"k":[12.30093927332213,-12.3404087333336],"ix":2},"s":{"a":0,"k":[100,100],"ix":2},"sk":{"a":0,"k":0,"ix":2},"p":{"a":0,"k":[137.4999389648438,222.3285980224609],"ix":2},"r":{"a":0,"k":0,"ix":2},"sa":{"a":0,"k":0,"ix":2},"o":{"a":0,"k":100,"ix":2}},"ef":[],"shapes":[{"ty":"sh","bm":0,"hd":false,"nm":"","d":1,"ks":{"a":1,"k":[{"o":{"x":0.333,"y":0},"i":{"x":0.833,"y":0.833},"s":[{"c":true,"i":[[0,0],[-24.623,-38.535],[-36.584,-29.983],[0,0],[-20.753,61.428],[18.015,12.727],[0,0],[13.026,-12.998],[2.94,14.693],[0.742,10.491],[-8.441,59.612],[0,0]],"o":[[0,0],[24.624,38.535],[36.585,29.982],[0,0],[0,0],[-18.016,-12.728],[0,0],[-13.027,12.999],[-2.441,-12.185],[-4.221,-59.626],[0,0],[0,0]],"v":[[-50.036,-121.814],[-47.218,-51.656],[-47.218,74.278],[10.915,87.697],[83.801,60.412],[43.24,60.412],[46.192,11.683],[12.291,28.328],[-18.387,17.905],[-13.465,-20.846],[-50.05,-121.84],[-50.036,-121.814]]}],"t":0},{"o":{"x":0.167,"y":0.167},"i":{"x":0.833,"y":0.833},"s":[{"c":true,"i":[[0,0],[-11.687,-33.809],[-28.562,-25.252],[0,0],[-20.48,44.911],[14.544,-10.044],[2.536,21.526],[7.836,-8.873],[1.034,17.5],[12.183,17.572],[-8.342,22.994],[-1.57,-32.475]],"o":[[0.92,19.025],[13.288,30.104],[28.718,25.433],[0,0],[6.323,-5.033],[-14.544,10.044],[-2.536,-21.526],[6.585,27.336],[-1.093,-12.249],[-46.516,-67.092],[0,0],[0,0]],"v":[[-64.128,-64.194],[-51.94,-19.669],[-51.21,77.545],[10.916,87.698],[80.717,70.03],[58.846,54.787],[30.837,35.357],[5.94,17.077],[-22.742,21.353],[-18.183,-22.076],[-19.356,-125.163],[-64.128,-64.194]]}],"t":50},{"o":{"x":0.167,"y":0.167},"i":{"x":0.833,"y":0.833},"s":[{"c":true,"i":[[0,0],[11.019,-25.513],[-14.481,-16.947],[0,0],[-20,15.919],[5.062,6.919],[-0.391,71.648],[-1.275,-1.632],[-2.312,22.426],[0.742,10.491],[8.351,0.672],[-1.29,-13.25]],"o":[[2.837,29.145],[-6.611,15.306],[14.91,17.449],[0,0],[17.422,-13.867],[-1.546,-2.113],[0.103,-18.856],[41.01,52.503],[1.274,-12.361],[-4.221,-59.626],[0,0],[0,0]],"v":[[-47.536,-33.313],[-54.718,32.344],[-58.218,83.279],[10.916,87.698],[75.301,86.913],[86.239,44.913],[34.193,23.184],[-5.208,-2.672],[-30.387,27.405],[-26.465,-17.347],[-66.049,-115.84],[-47.536,-33.313]]}],"t":100},{"o":{"x":0.167,"y":0.167},"i":{"x":0.833,"y":1},"s":[{"c":true,"i":[[0,0],[-11.687,-33.809],[-28.562,-25.252],[0,0],[-20.48,44.911],[14.544,-10.044],[2.536,21.526],[7.836,-8.873],[1.034,17.5],[12.183,17.572],[-8.342,22.994],[-1.57,-32.475]],"o":[[0.92,19.025],[13.288,30.104],[28.718,25.433],[0,0],[6.323,-5.033],[-14.544,10.044],[-2.536,-21.526],[6.585,27.336],[-1.093,-12.249],[-46.516,-67.092],[0,0],[0,0]],"v":[[-64.128,-64.194],[-51.94,-19.669],[-51.21,77.545],[10.916,87.698],[80.717,70.03],[58.846,54.787],[30.837,35.357],[5.94,17.077],[-22.742,21.353],[-18.183,-22.076],[-19.356,-125.163],[-64.128,-64.194]]}],"t":150},{"s":[{"c":true,"i":[[0,0],[-24.623,-38.535],[-36.584,-29.983],[0,0],[-20.753,61.428],[18.015,12.727],[0,0],[13.026,-12.998],[2.94,14.693],[0.742,10.491],[-8.441,59.612],[0,0]],"o":[[0,0],[24.624,38.535],[36.585,29.982],[0,0],[0,0],[-18.016,-12.728],[0,0],[-13.027,12.999],[-2.441,-12.185],[-4.221,-59.626],[0,0],[0,0]],"v":[[-50.036,-121.814],[-47.218,-51.656],[-47.218,74.278],[10.915,87.697],[83.801,60.412],[43.24,60.412],[46.192,11.683],[12.291,28.328],[-18.387,17.905],[-13.465,-20.846],[-50.05,-121.84],[-50.036,-121.814]]}],"t":200}],"ix":2}},{"ty":"gs","bm":0,"hd":false,"nm":"","e":{"a":0,"k":[1.5266799926757812,139.86602783203125],"ix":2},"g":{"p":2,"k":{"a":0,"k":[0,0.19215686274509805,0.8,0.0196078431372549,1,0.7333333333333333,1,0,0,1,1,0.9999400813405107],"ix":2}},"t":1,"a":{"a":0,"k":0},"h":{"a":0,"k":0},"s":{"a":0,"k":[43.157859802246094,-46.96659851074219],"ix":2},"lc":2,"lj":2,"ml":4,"o":{"a":0,"k":100,"ix":2},"w":{"a":0,"k":5,"ix":2}},{"ty":"fl","bm":0,"hd":false,"nm":"","c":{"a":0,"k":[0.7333,1,0],"ix":2},"r":1,"o":{"a":0,"k":100,"ix":2}}],"ind":4},{"ty":4,"nm":"Ð¨Ð°Ñ 6 Outlines","sr":1,"st":0,"op":201,"ip":0,"hd":false,"ddd":0,"bm":0,"hasMask":false,"ao":0,"ks":{"a":{"a":0,"k":[0.4251026384889514,-2.567008945473916],"ix":2},"s":{"a":0,"k":[100,100],"ix":2},"sk":{"a":0,"k":0,"ix":2},"p":{"a":0,"k":[375.5001220703125,228.8280029296875],"ix":2},"r":{"a":0,"k":0,"ix":2},"sa":{"a":0,"k":0,"ix":2},"o":{"a":0,"k":100,"ix":2}},"ef":[],"shapes":[{"ty":"sh","bm":0,"hd":false,"nm":"","d":1,"ks":{"a":1,"k":[{"o":{"x":0.333,"y":0},"i":{"x":0.833,"y":0.92},"s":[{"c":true,"i":[[0,0],[-39.127,6.429],[20.618,19.68],[-14.281,24.746],[0,0],[28.549,-0.284],[0,0],[-22.225,-27.487],[26.075,-0.351],[-13.754,16.668],[-3.175,-21.139],[15.794,-8.982],[-43.626,6.308],[0,0],[0,0]],"o":[[0,0],[39.127,-6.43],[-20.617,-19.68],[14.281,-24.745],[0,0],[-28.548,0.283],[0,0],[22.226,27.488],[-26.076,0.351],[0,0],[3.175,21.139],[-15.794,8.982],[14.632,-2.121],[0,0],[0,0]],"v":[[-5.641,83.968],[45.727,97.138],[65.817,44.324],[65.817,-34.14],[52.077,-103.567],[28.284,-30.087],[16.814,-57.764],[2.357,-8.665],[-1.155,42.798],[-24.583,-11.542],[-45.727,17.769],[-70.641,59.52],[-34.621,95.99],[-5.627,83.968],[-5.641,83.968]]}],"t":0},{"o":{"x":0.167,"y":0.08},"i":{"x":0.833,"y":0.92},"s":[{"c":true,"i":[[0,0],[-36.612,4.652],[15.348,9.477],[-21.217,23.475],[4.188,8.306],[19.555,-1.329],[-0.043,-10.338],[-10.323,-16.324],[17.729,-1.02],[-9.122,2.143],[3.114,-14.978],[10.496,-5.628],[-43.626,6.308],[0,0],[0,0]],"o":[[0,0],[36.612,-4.653],[-21.08,-1.547],[20.467,-22.998],[-10.399,-20.625],[-32.109,11.864],[0.04,9.752],[5.419,14.807],[-27.224,7.78],[-5.036,-25.004],[-5.42,15.657],[-20.744,3.394],[14.632,-2.121],[0,0],[0,0]],"v":[[-5.641,83.968],[45.727,97.138],[69.083,48.316],[58.921,-6.92],[59.517,-71.992],[38.809,-52.537],[37.524,-18.428],[6.349,-1.769],[-3.744,43.763],[-24.039,4.609],[-54.09,22.468],[-66.83,48.632],[-36.98,95.99],[-5.627,83.968],[-5.641,83.968]]}],"t":29},{"o":{"x":0.167,"y":0.08},"i":{"x":0.833,"y":0.92},"s":[{"c":true,"i":[[0,0],[-34.405,3.093],[10.722,0.522],[-27.304,22.36],[7.863,15.596],[11.662,-2.246],[-0.08,-19.412],[22.072,1.822],[7.875,16.824],[-5.057,-10.605],[17.334,1.236],[5.846,-2.683],[-43.626,6.308],[0,0],[0,0]],"o":[[0,0],[34.405,-3.093],[-21.486,14.367],[25.897,-21.464],[-19.525,-38.727],[-35.234,22.028],[0.076,18.31],[-9.928,-2.178],[-20.626,-38.676],[8.486,21.822],[-17.666,-2.264],[-25.089,-1.511],[14.632,-2.121],[0,0],[0,0]],"v":[[-5.641,83.968],[45.727,97.138],[71.95,51.82],[52.869,16.97],[66.047,-44.279],[48.047,-77.062],[39.169,-18.346],[12.353,20.783],[-4.449,0.781],[-19.561,31.783],[-46.408,55.368],[-63.486,39.076],[-39.051,95.99],[-5.627,83.968],[-5.641,83.968]]}],"t":67},{"o":{"x":0.167,"y":0.08},"i":{"x":0.833,"y":0.92},"s":[{"c":true,"i":[[0,0],[-32.198,1.533],[6.097,-8.433],[-33.392,21.245],[11.539,22.886],[3.768,-3.162],[-0.118,-28.486],[10.568,3.27],[3.08,-2.193],[-0.992,-23.353],[14.152,-4.164],[1.196,0.261],[-43.626,6.308],[0,0],[0,0]],"o":[[0,0],[32.198,-1.533],[-21.892,30.281],[31.326,-19.93],[-28.652,-56.828],[-38.359,32.192],[0.111,26.869],[-24.083,-7.452],[-29.239,20.819],[0.611,14.379],[-20.507,6.034],[-29.434,-6.415],[14.632,-2.121],[0,0],[0,0]],"v":[[-5.641,83.968],[45.727,97.138],[74.817,55.324],[46.817,40.86],[72.577,-16.567],[57.284,-101.587],[40.814,-18.264],[13.357,10.335],[-4.155,-37.202],[-23.083,32.958],[-46.727,58.269],[-60.141,29.52],[-41.121,95.99],[-5.627,83.968],[-5.641,83.968]]}],"t":100},{"o":{"x":0.167,"y":0.08},"i":{"x":0.833,"y":0.92},"s":[{"c":true,"i":[[0,0],[-34.405,3.093],[10.722,0.522],[-27.304,22.36],[7.863,15.596],[11.662,-2.246],[-0.08,-19.412],[9.365,-0.407],[12.375,6.324],[-5.057,-10.605],[17.334,1.236],[5.846,-2.683],[-43.626,6.308],[0,0],[0,0]],"o":[[0,0],[34.405,-3.093],[-21.486,14.367],[25.897,-21.464],[-19.525,-38.727],[-35.234,22.028],[0.076,18.31],[-18.928,0.822],[-8.626,-5.676],[8.486,21.822],[-17.666,-2.264],[-25.089,-1.511],[14.632,-2.121],[0,0],[0,0]],"v":[[-5.641,83.968],[45.727,97.138],[71.95,51.82],[52.869,16.97],[66.047,-44.279],[48.047,-77.062],[39.169,-18.346],[11.353,21.783],[-26.449,-10.219],[-23.061,26.283],[-46.408,55.368],[-63.486,39.076],[-39.051,95.99],[-5.627,83.968],[-5.641,83.968]]}],"t":150},{"o":{"x":0.167,"y":0.08},"i":{"x":0.833,"y":1},"s":[{"c":true,"i":[[0,0],[-36.612,4.652],[15.348,9.477],[-21.217,23.475],[4.188,8.306],[19.555,-1.329],[-0.043,-10.338],[-10.323,-16.324],[17.729,-1.02],[-9.122,2.143],[3.114,-14.978],[10.496,-5.628],[-43.626,6.308],[0,0],[0,0]],"o":[[0,0],[36.612,-4.653],[-21.08,-1.547],[20.467,-22.998],[-10.399,-20.625],[-32.109,11.864],[0.04,9.752],[5.419,14.807],[-27.224,7.78],[-5.036,-25.004],[-5.42,15.657],[-20.744,3.394],[14.632,-2.121],[0,0],[0,0]],"v":[[-5.641,83.968],[45.727,97.138],[69.083,48.316],[58.921,-6.92],[59.517,-71.992],[38.809,-52.537],[37.524,-18.428],[6.349,-1.769],[-3.744,43.763],[-24.039,4.609],[-54.09,22.468],[-66.83,48.632],[-36.98,95.99],[-5.627,83.968],[-5.641,83.968]]}],"t":179},{"s":[{"c":true,"i":[[0,0],[-39.127,6.429],[20.618,19.68],[-14.281,24.746],[0,0],[28.549,-0.284],[0,0],[-22.225,-27.487],[26.075,-0.351],[-13.754,16.668],[-3.175,-21.139],[15.794,-8.982],[-43.626,6.308],[0,0],[0,0]],"o":[[0,0],[39.127,-6.43],[-20.617,-19.68],[14.281,-24.745],[0,0],[-28.548,0.283],[0,0],[22.226,27.488],[-26.076,0.351],[0,0],[3.175,21.139],[-15.794,8.982],[14.632,-2.121],[0,0],[0,0]],"v":[[-5.641,83.968],[45.727,97.138],[65.817,44.324],[65.817,-34.14],[52.077,-103.567],[28.284,-30.087],[16.814,-57.764],[2.357,-8.665],[-1.155,42.798],[-24.583,-11.542],[-45.727,17.769],[-70.641,59.52],[-34.621,95.99],[-5.627,83.968],[-5.641,83.968]]}],"t":200}],"ix":2}},{"ty":"gs","bm":0,"hd":false,"nm":"","e":{"a":0,"k":[77.75164794921875,21.29266357421875],"ix":2},"g":{"p":2,"k":{"a":0,"k":[0,0.19215686274509805,0.8,0.0196078431372549,1,0.7333333333333333,1,0,0,1,1,0.9999400813405107],"ix":2}},"t":1,"a":{"a":0,"k":0},"h":{"a":0,"k":0},"s":{"a":0,"k":[-26.9932861328125,-0.3687591552734375],"ix":2},"lc":2,"lj":2,"ml":4,"o":{"a":0,"k":100,"ix":2},"w":{"a":0,"k":5,"ix":2}},{"ty":"fl","bm":0,"hd":false,"nm":"","c":{"a":0,"k":[0.7333,1,0],"ix":2},"r":1,"o":{"a":0,"k":100,"ix":2}}],"ind":5},{"ty":4,"nm":"Ð¨Ð°Ñ 7 Outlines","sr":1,"st":0,"op":201,"ip":0,"hd":false,"ddd":0,"bm":0,"hasMask":false,"ao":0,"ks":{"a":{"a":0,"k":[236,238.078],"ix":2},"s":{"a":0,"k":[100,100],"ix":2},"sk":{"a":0,"k":0,"ix":2},"p":{"a":0,"k":[236,238.078],"ix":2},"r":{"a":1,"k":[{"o":{"x":0.333,"y":0},"i":{"x":0.667,"y":1},"s":[0],"t":17},{"o":{"x":0.333,"y":0},"i":{"x":0.667,"y":0.861},"s":[5],"t":67},{"o":{"x":0.333,"y":-0.209},"i":{"x":0.667,"y":1},"s":[-5.032],"t":133},{"s":[0],"t":183}],"ix":2},"sa":{"a":0,"k":0,"ix":2},"o":{"a":0,"k":100,"ix":2}},"ef":[],"shapes":[{"ty":"gr","bm":0,"hd":false,"nm":"Path","it":[{"ty":"sh","bm":0,"hd":false,"nm":"","d":1,"ks":{"a":0,"k":{"c":true,"i":[[0,0],[-5.828,-2.322],[-0.15,-0.057],[-0.126,-0.046],[-0.644,5.598],[6.081,2.334],[5.863,-8.219],[0,0]],"o":[[-3.265,4.575],[0.149,0.058],[0.126,0.046],[5.92,2.195],[1.172,-10.311],[-6.092,-2.333],[0,0],[0,0]],"v":[[-10.586,2.684],[-5.597,16.064],[-5.137,16.248],[-4.747,16.398],[8.036,9.742],[7.771,-16.26],[-10.115,2.017],[-10.586,2.684]]}}},{"ty":"st","bm":0,"hd":false,"nm":"","lc":1,"lj":1,"ml":4,"o":{"a":0,"k":100,"ix":2},"w":{"a":0,"k":5,"ix":2},"c":{"a":0,"k":[0.8667,0.8667,0.8667],"ix":2}},{"ty":"fl","bm":0,"hd":false,"nm":"","c":{"a":0,"k":[1,1,1],"ix":2},"r":1,"o":{"a":0,"k":100,"ix":2}},{"ty":"tr","a":{"a":0,"k":[-0.6069333009212112,0.2708370016850097],"ix":2},"s":{"a":0,"k":[100,100],"ix":2},"sk":{"a":0,"k":0,"ix":2},"p":{"a":0,"k":[234.2400665283203,64.64583587646484],"ix":2},"r":{"a":0,"k":0,"ix":2},"sa":{"a":0,"k":0,"ix":2},"o":{"a":0,"k":100,"ix":2}}]},{"ty":"gr","bm":0,"hd":false,"nm":"Path","it":[{"ty":"sh","bm":0,"hd":false,"nm":"","d":1,"ks":{"a":0,"k":{"c":true,"i":[[0,0],[-0.184,-4.436],[0,0],[4.828,-8.897],[0,0],[-5.034,-1.598],[-1.173,-0.265],[-1.08,-0.161],[0.207,4.448],[0,0],[-5.575,10.012],[5.069,1.598],[1.161,0.265],[1.081,0.15],[0,0]],"o":[[-5.254,-0.77],[0,0],[0.414,10.104],[0,0],[-2.115,3.897],[1.058,0.333],[1.149,0.264],[5.265,0.782],[0,0],[-0.517,-11.414],[2.173,-3.897],[-1.035,-0.322],[-1.161,-0.264],[0,0],[0,0]],"v":[[2.581,-25.772],[-6.983,-18.841],[-6.903,-16.944],[-13.524,11.598],[-14.765,13.874],[-9.271,24.22],[-5.914,25.128],[-2.558,25.76],[7.006,18.806],[7.006,18.748],[14.708,-13.84],[9.248,-24.243],[5.949,-25.14],[2.569,-25.772],[2.581,-25.772]]}}},{"ty":"st","bm":0,"hd":false,"nm":"","lc":1,"lj":1,"ml":4,"o":{"a":0,"k":100,"ix":2},"w":{"a":0,"k":5,"ix":2},"c":{"a":0,"k":[0.8667,0.8667,0.8667],"ix":2}},{"ty":"fl","bm":0,"hd":false,"nm":"","c":{"a":0,"k":[1,1,1],"ix":2},"r":1,"o":{"a":0,"k":100,"ix":2}},{"ty":"tr","a":{"a":0,"k":[-0.01161019272669961,-0.004708155121971203],"ix":2},"s":{"a":0,"k":[100,100],"ix":2},"sk":{"a":0,"k":0,"ix":2},"p":{"a":0,"k":[225.6843872070312,102.977294921875],"ix":2},"r":{"a":0,"k":0,"ix":2},"sa":{"a":0,"k":0,"ix":2},"o":{"a":0,"k":100,"ix":2}}]},{"ty":"gr","bm":0,"hd":false,"nm":"Path","it":[{"ty":"sh","bm":0,"hd":false,"nm":"","d":1,"ks":{"a":0,"k":{"c":true,"i":[[0,0],[-0.656,-6.403],[0,0],[4.162,-16.024],[0,0],[-7.678,-0.541],[-0.103,-0.012],[-0.08,-0.011],[0.679,6.403],[0,0],[-4.69,17.472],[0,0],[7.713,0.54],[0.092,0.011],[0.08,0.012],[0,0]],"o":[[-7.725,-0.414],[0,0],[1.678,16.381],[0,0],[-1.621,6.231],[0.104,0],[0.081,0],[7.736,0.425],[0,0],[-1.885,-17.874],[0,0],[1.678,-6.242],[-0.092,0],[-0.08,0],[0,0],[0,0]],"v":[[3.156,-42.917],[-10.201,-31.514],[-9.592,-25.57],[-13.317,23.111],[-15.11,29.997],[-3.707,42.872],[-3.385,42.895],[-3.155,42.906],[10.202,31.48],[9.765,27.329],[13.996,-25.995],[15.053,-29.962],[3.673,-42.904],[3.397,-42.927],[3.156,-42.939],[3.156,-42.917]]}}},{"ty":"st","bm":0,"hd":false,"nm":"","lc":1,"lj":1,"ml":4,"o":{"a":0,"k":100,"ix":2},"w":{"a":0,"k":5,"ix":2},"c":{"a":0,"k":[0.8667,0.8667,0.8667],"ix":2}},{"ty":"fl","bm":0,"hd":false,"nm":"","c":{"a":0,"k":[1,1,1],"ix":2},"r":1,"o":{"a":0,"k":100,"ix":2}},{"ty":"tr","a":{"a":0,"k":[-0.0192409962215816,-0.004986888016297542],"ix":2},"s":{"a":0,"k":[100,100],"ix":2},"sk":{"a":0,"k":0,"ix":2},"p":{"a":0,"k":[216.6857604980469,165.8710174560547],"ix":2},"r":{"a":0,"k":0,"ix":2},"sa":{"a":0,"k":0,"ix":2},"o":{"a":0,"k":100,"ix":2}}]},{"ty":"gr","bm":0,"hd":false,"nm":"Path","it":[{"ty":"sh","bm":0,"hd":false,"nm":"","d":1,"ks":{"a":0,"k":{"c":true,"i":[[0,0],[3.92,-5.092],[0,0],[4.863,-15.817],[0,0],[6.817,3.575],[0.103,0.046],[0.058,0.035],[-3.943,5.092],[0,0],[-5.184,17.323],[0,0],[-6.839,-3.598],[-0.081,-0.046],[0,0]],"o":[[6.793,3.702],[0,0],[-10.036,13.059],[0,0],[-1.897,6.15],[-0.092,-0.046],[-0.069,-0.035],[-6.805,-3.713],[0,0],[10.989,-14.22],[0,0],[1.851,-6.195],[0.081,0.046],[0.069,0.035],[0,0]],"v":[[19.853,-38.164],[25.232,-21.45],[21.589,-16.714],[-0.805,26.668],[-2.896,33.473],[-19.357,38.439],[-19.645,38.29],[-19.84,38.186],[-25.208,21.45],[-22.656,18.151],[1.747,-29.45],[2.919,-33.382],[19.404,-38.416],[19.646,-38.29],[19.853,-38.164]]}}},{"ty":"st","bm":0,"hd":false,"nm":"","lc":1,"lj":1,"ml":4,"o":{"a":0,"k":100,"ix":2},"w":{"a":0,"k":5,"ix":2},"c":{"a":0,"k":[0.8667,0.8667,0.8667],"ix":2}},{"ty":"fl","bm":0,"hd":false,"nm":"","c":{"a":0,"k":[1,1,1],"ix":2},"r":1,"o":{"a":0,"k":100,"ix":2}},{"ty":"tr","a":{"a":0,"k":[0.004274630079333264,0.00986379420992023],"ix":2},"s":{"a":0,"k":[100,100],"ix":2},"sk":{"a":0,"k":0,"ix":2},"p":{"a":0,"k":[250.6022796630859,180.6048583984375],"ix":2},"r":{"a":0,"k":0,"ix":2},"sa":{"a":0,"k":0,"ix":2},"o":{"a":0,"k":100,"ix":2}}]},{"ty":"gr","bm":0,"hd":false,"nm":"Path","it":[{"ty":"sh","bm":0,"hd":false,"nm":"","d":1,"ks":{"a":0,"k":{"c":true,"i":[[0,0],[4.001,-4.747],[0,0],[5.518,-15.001],[0,0],[6.264,3.678],[0.092,0.046],[0.057,0.046],[-4.035,4.747],[0,0],[-5.909,16.426],[0,0],[-6.288,-3.69],[-0.069,-0.035],[0,0]],"o":[[6.242,3.805],[0,0],[-10.265,12.162],[0,0],[-2.15,5.828],[-0.092,-0.046],[-0.057,-0.035],[-6.254,-3.805],[0,0],[11.242,-13.242],[0,0],[2.115,-5.874],[0.069,0.046],[0.069,0.034],[0,0]],"v":[[21.019,-35.893],[25.18,-19.662],[21.456,-15.248],[-2.27,25.548],[-4.649,31.997],[-20.558,36.158],[-20.823,36.009],[-21.006,35.894],[-25.145,19.64],[-22.535,16.57],[3.34,-28.191],[4.685,-31.915],[20.617,-36.146],[20.835,-36.019],[21.019,-35.893]]}}},{"ty":"st","bm":0,"hd":false,"nm":"","lc":1,"lj":1,"ml":4,"o":{"a":0,"k":100,"ix":2},"w":{"a":0,"k":5,"ix":2},"c":{"a":0,"k":[0.8667,0.8667,0.8667],"ix":2}},{"ty":"fl","bm":0,"hd":false,"nm":"","c":{"a":0,"k":[1,1,1],"ix":2},"r":1,"o":{"a":0,"k":100,"ix":2}},{"ty":"tr","a":{"a":0,"k":[0.005321481608643097,0.007499318110198772],"ix":2},"s":{"a":0,"k":[100,100],"ix":2},"sk":{"a":0,"k":0,"ix":2},"p":{"a":0,"k":[273.3543090820312,194.00048828125],"ix":2},"r":{"a":0,"k":0,"ix":2},"sa":{"a":0,"k":0,"ix":2},"o":{"a":0,"k":100,"ix":2}}]},{"ty":"gr","bm":0,"hd":false,"nm":"Path","it":[{"ty":"sh","bm":0,"hd":false,"nm":"","d":1,"ks":{"a":0,"k":{"c":true,"i":[[0,0],[0,0],[4.609,3.575],[0.126,0.091],[0.104,0.081],[-4.012,2.896],[-4.747,-3.77],[3.529,-8.116],[0,0]],"o":[[0,0],[-1.965,4.518],[-0.127,-0.092],[-0.104,-0.081],[-4.563,-3.701],[7.403,-5.345],[4.747,3.771],[0,0],[0,0]],"v":[[4.265,9.776],[3.977,10.443],[-8.77,12.271],[-9.138,11.984],[-9.449,11.742],[-10.483,-1.132],[9.748,-12.076],[4.253,9.788],[4.265,9.776]]}}},{"ty":"st","bm":0,"hd":false,"nm":"","lc":1,"lj":1,"ml":4,"o":{"a":0,"k":100,"ix":2},"w":{"a":0,"k":5,"ix":2},"c":{"a":0,"k":[0.8667,0.8667,0.8667],"ix":2}},{"ty":"fl","bm":0,"hd":false,"nm":"","c":{"a":0,"k":[1,1,1],"ix":2},"r":1,"o":{"a":0,"k":100,"ix":2}},{"ty":"tr","a":{"a":0,"k":[-0.9089981807933842,0.7649156587752408],"ix":2},"s":{"a":0,"k":[100,100],"ix":2},"sk":{"a":0,"k":0,"ix":2},"p":{"a":0,"k":[358.9150085449219,153.8129272460938],"ix":2},"r":{"a":0,"k":0,"ix":2},"sa":{"a":0,"k":0,"ix":2},"o":{"a":0,"k":100,"ix":2}}]},{"ty":"gr","bm":0,"hd":false,"nm":"Path","it":[{"ty":"sh","bm":0,"hd":false,"nm":"","d":1,"ks":{"a":0,"k":{"c":true,"i":[[0,0],[2.736,-1.552],[0,0],[2.805,-6.552],[0,0],[3.54,2.758],[0.77,0.69],[0.656,0.667],[-2.747,1.529],[0,0],[-3.081,7.483],[-3.563,-2.781],[-0.747,-0.667],[-0.655,-0.667],[0,0]],"o":[[3.173,3.207],[0,0],[-6.23,3.517],[0,0],[-1.23,2.874],[-0.748,-0.575],[-0.748,-0.667],[-3.184,-3.219],[0,0],[7.058,-3.943],[1.196,-2.908],[0.724,0.564],[0.759,0.678],[0,0],[0,0]],"v":[[14.023,-11.374],[14.828,-2.397],[13.655,-1.741],[0.08,13.386],[-0.644,15.064],[-9.633,15.283],[-11.909,13.386],[-14.025,11.386],[-14.818,2.408],[-14.783,2.385],[0.643,-14.995],[9.655,-15.26],[11.885,-13.397],[14.012,-11.386],[14.023,-11.374]]}}},{"ty":"st","bm":0,"hd":false,"nm":"","lc":1,"lj":1,"ml":4,"o":{"a":0,"k":100,"ix":2},"w":{"a":0,"k":5,"ix":2},"c":{"a":0,"k":[0.8667,0.8667,0.8667],"ix":2}},{"ty":"fl","bm":0,"hd":false,"nm":"","c":{"a":0,"k":[1,1,1],"ix":2},"r":1,"o":{"a":0,"k":100,"ix":2}},{"ty":"tr","a":{"a":0,"k":[-0.001646709099755839,0.01183755878705384],"ix":2},"s":{"a":0,"k":[100,100],"ix":2},"sk":{"a":0,"k":0,"ix":2},"p":{"a":0,"k":[339.2573547363281,178.8888397216797],"ix":2},"r":{"a":0,"k":0,"ix":2},"sa":{"a":0,"k":0,"ix":2},"o":{"a":0,"k":100,"ix":2}}]},{"ty":"gr","bm":0,"hd":false,"nm":"Path","it":[{"ty":"sh","bm":0,"hd":false,"nm":"","d":1,"ks":{"a":0,"k":{"c":true,"i":[[0,0],[4.54,-3.012],[0,0],[7.977,-11.438],[0,0],[4.862,4.863],[0,0],[0.046,0.057],[-4.552,3],[0,0],[-8.609,12.564],[0,0],[-4.874,-4.897],[-0.058,-0.057],[-0.046,-0.057]],"o":[[4.805,4.978],[0,0],[-11.644,7.69],[0,0],[-3.103,4.449],[0,0],[0,0],[-4.816,-4.977],[0,0],[12.725,-8.368],[0,0],[3.08,-4.495],[0.057,0.057],[0,0],[0,0]],"v":[[26.048,-25.26],[26.474,-10.132],[22.254,-7.339],[-7.219,21.399],[-10.645,26.318],[-25.702,25.594],[-25.909,25.387],[-26.047,25.238],[-26.461,10.099],[-23.508,8.156],[8.678,-23.42],[10.634,-26.271],[25.727,-25.593],[25.898,-25.421],[26.048,-25.26]]}}},{"ty":"st","bm":0,"hd":false,"nm":"","lc":1,"lj":1,"ml":4,"o":{"a":0,"k":100,"ix":2},"w":{"a":0,"k":5,"ix":2},"c":{"a":0,"k":[0.8667,0.8667,0.8667],"ix":2}},{"ty":"fl","bm":0,"hd":false,"nm":"","c":{"a":0,"k":[1,1,1],"ix":2},"r":1,"o":{"a":0,"k":100,"ix":2}},{"ty":"tr","a":{"a":0,"k":[-0.0006758416255223665,-0.002161370486035707],"ix":2},"s":{"a":0,"k":[100,100],"ix":2},"sk":{"a":0,"k":0,"ix":2},"p":{"a":0,"k":[301.6133422851562,218.8318328857422],"ix":2},"r":{"a":0,"k":0,"ix":2},"sa":{"a":0,"k":0,"ix":2},"o":{"a":0,"k":100,"ix":2}}]},{"ty":"gr","bm":0,"hd":false,"nm":"Path","it":[{"ty":"sh","bm":0,"hd":false,"nm":"","d":1,"ks":{"a":0,"k":{"c":true,"i":[[0,0],[-7.851,20.243],[-4.414,-4.069],[9.185,-15.61],[0.149,-0.229],[0,0]],"o":[[-11.759,18.243],[3.357,-8.667],[8.23,7.61],[-0.137,0.241],[0,0],[0,0]],"v":[[15.087,7.925],[-16.869,-8.881],[-0.063,-22.099],[15.535,7.201],[15.099,7.913],[15.087,7.925]]}}},{"ty":"st","bm":0,"hd":false,"nm":"","lc":1,"lj":1,"ml":4,"o":{"a":0,"k":100,"ix":2},"w":{"a":0,"k":5,"ix":2},"c":{"a":0,"k":[0.8667,0.8667,0.8667],"ix":2}},{"ty":"fl","bm":0,"hd":false,"nm":"","c":{"a":0,"k":[1,1,1],"ix":2},"r":1,"o":{"a":0,"k":100,"ix":2}},{"ty":"tr","a":{"a":0,"k":[-0.00112448816371824,-3.473286355825959],"ix":2},"s":{"a":0,"k":[100,100],"ix":2},"sk":{"a":0,"k":0,"ix":2},"p":{"a":0,"k":[261.9678649902344,248.167724609375],"ix":2},"r":{"a":0,"k":0,"ix":2},"sa":{"a":0,"k":0,"ix":2},"o":{"a":0,"k":100,"ix":2}}]},{"ty":"gr","bm":0,"hd":false,"nm":"Path","it":[{"ty":"sh","bm":0,"hd":false,"nm":"","d":1,"ks":{"a":0,"k":{"c":true,"i":[[0,0],[8.92,-19.61],[2.587,3.001],[-9.184,15.61],[-0.149,0.241],[0,0]],"o":[[11.483,-18.404],[-3.828,8.403],[-4.85,-5.621],[0.138,-0.242],[0,0],[0,0]],"v":[[-10.064,-4.742],[10.753,5.511],[-3.639,20.144],[-10.49,-4.006],[-10.053,-4.73],[-10.064,-4.742]]}}},{"ty":"st","bm":0,"hd":false,"nm":"","lc":1,"lj":1,"ml":4,"o":{"a":0,"k":100,"ix":2},"w":{"a":0,"k":5,"ix":2},"c":{"a":0,"k":[0.8667,0.8667,0.8667],"ix":2}},{"ty":"fl","bm":0,"hd":false,"nm":"","c":{"a":0,"k":[1,1,1],"ix":2},"r":1,"o":{"a":0,"k":100,"ix":2}},{"ty":"tr","a":{"a":0,"k":[-0.4362396986398043,2.982781462502601],"ix":2},"s":{"a":0,"k":[100,100],"ix":2},"sk":{"a":0,"k":0,"ix":2},"p":{"a":0,"k":[273.3527526855469,137.7987823486328],"ix":2},"r":{"a":0,"k":0,"ix":2},"sa":{"a":0,"k":0,"ix":2},"o":{"a":0,"k":100,"ix":2}}]},{"ty":"gr","bm":0,"hd":false,"nm":"Path","it":[{"ty":"sh","bm":0,"hd":false,"nm":"","d":1,"ks":{"a":0,"k":{"c":true,"i":[[0,0],[8.921,-19.611],[2.586,3],[-9.185,15.61],[-0.15,0.242],[0,0]],"o":[[11.484,-18.404],[-3.827,8.402],[-4.851,-5.621],[0.138,-0.242],[0,0],[0,0]],"v":[[-10.064,-4.742],[10.753,5.512],[-3.638,20.145],[-10.489,-4.006],[-10.052,-4.731],[-10.064,-4.742]]}}},{"ty":"st","bm":0,"hd":false,"nm":"","lc":1,"lj":1,"ml":4,"o":{"a":0,"k":100,"ix":2},"w":{"a":0,"k":5,"ix":2},"c":{"a":0,"k":[0.8667,0.8667,0.8667],"ix":2}},{"ty":"fl","bm":0,"hd":false,"nm":"","c":{"a":0,"k":[1,1,1],"ix":2},"r":1,"o":{"a":0,"k":100,"ix":2}},{"ty":"tr","a":{"a":0,"k":[-0.4358119923313541,2.983136986233482],"ix":2},"s":{"a":0,"k":[100,100],"ix":2},"sk":{"a":0,"k":0,"ix":2},"p":{"a":0,"k":[296.7991638183594,155.5371398925781],"ix":2},"r":{"a":0,"k":0,"ix":2},"sa":{"a":0,"k":0,"ix":2},"o":{"a":0,"k":100,"ix":2}}]},{"ty":"gr","bm":0,"hd":false,"nm":"Path","it":[{"ty":"sh","bm":0,"hd":false,"nm":"","d":1,"ks":{"a":0,"k":{"c":true,"i":[[0,0],[-7.851,20.243],[-4.414,-4.069],[9.184,-15.611],[0.149,-0.23],[0,0]],"o":[[-11.759,18.242],[3.357,-8.667],[8.23,7.609],[-0.138,0.241],[0,0],[0,0]],"v":[[15.087,7.926],[-16.869,-8.88],[-0.063,-22.099],[15.536,7.202],[15.099,7.914],[15.087,7.926]]}}},{"ty":"st","bm":0,"hd":false,"nm":"","lc":1,"lj":1,"ml":4,"o":{"a":0,"k":100,"ix":2},"w":{"a":0,"k":5,"ix":2},"c":{"a":0,"k":[0.8667,0.8667,0.8667],"ix":2}},{"ty":"fl","bm":0,"hd":false,"nm":"","c":{"a":0,"k":[1,1,1],"ix":2},"r":1,"o":{"a":0,"k":100,"ix":2}},{"ty":"tr","a":{"a":0,"k":[-0.0008748626244710067,-3.472967349321774],"ix":2},"s":{"a":0,"k":[100,100],"ix":2},"sk":{"a":0,"k":0,"ix":2},"p":{"a":0,"k":[239.6711273193359,231.3850402832031],"ix":2},"r":{"a":0,"k":0,"ix":2},"sa":{"a":0,"k":0,"ix":2},"o":{"a":0,"k":100,"ix":2}}]},{"ty":"gr","bm":0,"hd":false,"nm":"Path","it":[{"ty":"sh","bm":0,"hd":false,"nm":"","d":1,"ks":{"a":0,"k":{"c":true,"i":[[0,0],[-7.851,20.243],[-4.414,-4.069],[9.184,-15.61],[0.15,-0.229],[0,0]],"o":[[-11.76,18.242],[3.357,-8.667],[8.231,7.61],[-0.138,0.241],[0,0],[0,0]],"v":[[15.088,7.926],[-16.869,-8.88],[-0.063,-22.099],[15.536,7.202],[15.099,7.914],[15.088,7.926]]}}},{"ty":"st","bm":0,"hd":false,"nm":"","lc":1,"lj":1,"ml":4,"o":{"a":0,"k":100,"ix":2},"w":{"a":0,"k":5,"ix":2},"c":{"a":0,"k":[0.8667,0.8667,0.8667],"ix":2}},{"ty":"fl","bm":0,"hd":false,"nm":"","c":{"a":0,"k":[1,1,1],"ix":2},"r":1,"o":{"a":0,"k":100,"ix":2}},{"ty":"tr","a":{"a":0,"k":[-0.000823166664336128,-3.472967349321774],"ix":2},"s":{"a":0,"k":[100,100],"ix":2},"sk":{"a":0,"k":0,"ix":2},"p":{"a":0,"k":[228.1631774902344,254.6270446777344],"ix":2},"r":{"a":0,"k":0,"ix":2},"sa":{"a":0,"k":0,"ix":2},"o":{"a":0,"k":100,"ix":2}}]},{"ty":"gr","bm":0,"hd":false,"nm":"Path","it":[{"ty":"sh","bm":0,"hd":false,"nm":"","d":1,"ks":{"a":0,"k":{"c":true,"i":[[0,0],[-7.851,20.243],[-4.414,-4.069],[9.185,-15.61],[0.149,-0.23],[0,0]],"o":[[-11.759,18.243],[3.356,-8.667],[8.23,7.61],[-0.138,0.241],[0,0],[0,0]],"v":[[15.087,7.926],[-16.869,-8.88],[-0.063,-22.099],[15.535,7.202],[15.099,7.914],[15.087,7.926]]}}},{"ty":"st","bm":0,"hd":false,"nm":"","lc":1,"lj":1,"ml":4,"o":{"a":0,"k":100,"ix":2},"w":{"a":0,"k":5,"ix":2},"c":{"a":0,"k":[0.8667,0.8667,0.8667],"ix":2}},{"ty":"fl","bm":0,"hd":false,"nm":"","c":{"a":0,"k":[1,1,1],"ix":2},"r":1,"o":{"a":0,"k":100,"ix":2}},{"ty":"tr","a":{"a":0,"k":[-0.00112448816371824,-3.472745469775202],"ix":2},"s":{"a":0,"k":[100,100],"ix":2},"sk":{"a":0,"k":0,"ix":2},"p":{"a":0,"k":[250.6008758544922,267.8252563476562],"ix":2},"r":{"a":0,"k":0,"ix":2},"sa":{"a":0,"k":0,"ix":2},"o":{"a":0,"k":100,"ix":2}}]},{"ty":"gr","bm":0,"hd":false,"nm":"Path","it":[{"ty":"sh","bm":0,"hd":false,"nm":"","d":1,"ks":{"a":0,"k":{"c":true,"i":[[0,0],[-7.851,20.242],[-4.414,-4.069],[9.185,-15.61],[0.149,-0.23],[0,0]],"o":[[-11.759,18.243],[3.357,-8.668],[8.23,7.61],[-0.138,0.241],[0,0],[0,0]],"v":[[15.087,7.925],[-16.869,-8.88],[-0.063,-22.1],[15.535,7.201],[15.099,7.915],[15.087,7.925]]}}},{"ty":"st","bm":0,"hd":false,"nm":"","lc":1,"lj":1,"ml":4,"o":{"a":0,"k":100,"ix":2},"w":{"a":0,"k":5,"ix":2},"c":{"a":0,"k":[0.8667,0.8667,0.8667],"ix":2}},{"ty":"fl","bm":0,"hd":false,"nm":"","c":{"a":0,"k":[1,1,1],"ix":2},"r":1,"o":{"a":0,"k":100,"ix":2}},{"ty":"tr","a":{"a":0,"k":[-0.00112448816371824,-3.473726628539001],"ix":2},"s":{"a":0,"k":[100,100],"ix":2},"sk":{"a":0,"k":0,"ix":2},"p":{"a":0,"k":[214.5538635253906,220.2802734375],"ix":2},"r":{"a":0,"k":0,"ix":2},"sa":{"a":0,"k":0,"ix":2},"o":{"a":0,"k":100,"ix":2}}]},{"ty":"gr","bm":0,"hd":false,"nm":"Path","it":[{"ty":"sh","bm":0,"hd":false,"nm":"","d":1,"ks":{"a":0,"k":{"c":true,"i":[[0,0],[-12.76,-0.862],[3.299,-12.989],[0,0]],"o":[[-12.69,-1.932],[12.759,0.873],[-3.3,12.99],[0,0]],"v":[[-9.645,13.133],[-9.886,-14.662],[19.346,2.534],[-9.645,13.133]]}}},{"ty":"st","bm":0,"hd":false,"nm":"","lc":1,"lj":1,"ml":4,"o":{"a":0,"k":100,"ix":2},"w":{"a":0,"k":5,"ix":2},"c":{"a":0,"k":[0.8667,0.8667,0.8667],"ix":2}},{"ty":"fl","bm":0,"hd":false,"nm":"","c":{"a":0,"k":[1,1,1],"ix":2},"r":1,"o":{"a":0,"k":100,"ix":2}},{"ty":"tr","a":{"a":0,"k":[0.2006366515105853,-0.6881468405606075],"ix":2},"s":{"a":0,"k":[100,100],"ix":2},"sk":{"a":0,"k":0,"ix":2},"p":{"a":0,"k":[208.7366333007812,248.5618591308594],"ix":2},"r":{"a":0,"k":0,"ix":2},"sa":{"a":0,"k":0,"ix":2},"o":{"a":0,"k":100,"ix":2}}]},{"ty":"gr","bm":0,"hd":false,"nm":"Path","it":[{"ty":"sh","bm":0,"hd":false,"nm":"","d":1,"ks":{"a":0,"k":{"c":true,"i":[[0,0],[0,0],[-5.104,3.012],[-0.138,0.08],[-0.104,0.069],[4.828,5.369],[5.253,-3.219],[0,0]],"o":[[0,0],[2.552,6.736],[0.138,-0.08],[0.115,-0.069],[5.034,-3.196],[-8.897,-9.874],[-5.253,3.219],[0,0]],"v":[[-4.109,11.524],[-3.73,12.513],[11.121,19.731],[11.523,19.49],[11.857,19.283],[12.247,2.592],[-11.823,-19.524],[-4.109,11.524]]}}},{"ty":"st","bm":0,"hd":false,"nm":"","lc":1,"lj":1,"ml":4,"o":{"a":0,"k":100,"ix":2},"w":{"a":0,"k":5,"ix":2},"c":{"a":0,"k":[0.8667,0.8667,0.8667],"ix":2}},{"ty":"fl","bm":0,"hd":false,"nm":"","c":{"a":0,"k":[1,1,1],"ix":2},"r":1,"o":{"a":0,"k":100,"ix":2}},{"ty":"tr","a":{"a":0,"k":[1.338854370522542,0.4321400465440597],"ix":2},"s":{"a":0,"k":[100,100],"ix":2},"sk":{"a":0,"k":0,"ix":2},"p":{"a":0,"k":[141.0848541259766,143.3411407470703],"ix":2},"r":{"a":0,"k":0,"ix":2},"sa":{"a":0,"k":0,"ix":2},"o":{"a":0,"k":100,"ix":2}}]},{"ty":"gr","bm":0,"hd":false,"nm":"Path","it":[{"ty":"sh","bm":0,"hd":false,"nm":"","d":1,"ks":{"a":0,"k":{"c":true,"i":[[0,0],[-2.552,-3.494],[0,0],[-1.609,-11.047],[0,0],[-6.517,2.725],[-0.092,0.035],[-0.069,0.023],[2.575,3.483],[0,0],[1.633,12.104],[0,0],[6.553,-2.747],[0.081,-0.023],[0.069,-0.034]],"o":[[-6.518,2.828],[0,0],[6.564,8.931],[0,0],[0.632,4.299],[0.092,-0.034],[0.069,-0.022],[6.529,-2.828],[0,0],[-7.196,-9.736],[0,0],[-0.587,-4.322],[-0.08,0.035],[-0.068,0.035],[0,0]],"v":[[-10.931,-26.41],[-18.38,-14.421],[-16.001,-11.179],[-3.725,18.846],[-3.035,23.593],[10.449,26.616],[10.725,26.501],[10.921,26.421],[18.357,14.42],[16.691,12.167],[3.368,-20.777],[3.001,-23.525],[-10.495,-26.594],[-10.725,-26.502],[-10.931,-26.41]]}}},{"ty":"st","bm":0,"hd":false,"nm":"","lc":1,"lj":1,"ml":4,"o":{"a":0,"k":100,"ix":2},"w":{"a":0,"k":5,"ix":2},"c":{"a":0,"k":[0.8667,0.8667,0.8667],"ix":2}},{"ty":"fl","bm":0,"hd":false,"nm":"","c":{"a":0,"k":[1,1,1],"ix":2},"r":1,"o":{"a":0,"k":100,"ix":2}},{"ty":"tr","a":{"a":0,"k":[-0.005360826738495916,0.009738002286134417],"ix":2},"s":{"a":0,"k":[100,100],"ix":2},"sk":{"a":0,"k":0,"ix":2},"p":{"a":0,"k":[160.1056365966797,184.1057281494141],"ix":2},"r":{"a":0,"k":0,"ix":2},"sa":{"a":0,"k":0,"ix":2},"o":{"a":0,"k":100,"ix":2}}]},{"ty":"gr","bm":0,"hd":false,"nm":"Path","it":[{"ty":"sh","bm":0,"hd":false,"nm":"","d":1,"ks":{"a":0,"k":{"c":true,"i":[[0,0],[-4.782,-12.978],[14.886,-12.644],[7.932,14.15],[-12.081,12.035]],"o":[[6.322,-6.299],[7.966,21.588],[-7.173,6.093],[-7.92,-14.162],[0,0]],"v":[[-17.599,-22.053],[5.632,-17.995],[14.794,24.88],[-5.357,4.156],[-17.599,-22.053]]}}},{"ty":"st","bm":0,"hd":false,"nm":"","lc":1,"lj":1,"ml":4,"o":{"a":0,"k":100,"ix":2},"w":{"a":0,"k":5,"ix":2},"c":{"a":0,"k":[0.8667,0.8667,0.8667],"ix":2}},{"ty":"fl","bm":0,"hd":false,"nm":"","c":{"a":0,"k":[1,1,1],"ix":2},"r":1,"o":{"a":0,"k":100,"ix":2}},{"ty":"tr","a":{"a":0,"k":[-0.5054766866938998,-0.4075010233918803],"ix":2},"s":{"a":0,"k":[100,100],"ix":2},"sk":{"a":0,"k":0,"ix":2},"p":{"a":0,"k":[181.5015258789062,228.3934936523438],"ix":2},"r":{"a":0,"k":0,"ix":2},"sa":{"a":0,"k":0,"ix":2},"o":{"a":0,"k":100,"ix":2}}]}],"ind":6}],"v":"5.7.5","fr":100,"op":200,"ip":0,"assets":[]}