{"nm":"Comp 1","ddd":0,"h":369,"w":520,"meta":{"g":"@lottiefiles/toolkit-js 0.33.2"},"layers":[{"ty":4,"nm":"Ð¨Ð°Ñ 8 Outlines","sr":1,"st":0,"op":201,"ip":0,"hd":false,"ddd":0,"bm":0,"hasMask":false,"ao":0,"ks":{"a":{"a":0,"k":[407.4010009765625,117.6599998474121],"ix":2},"s":{"a":0,"k":[100.000001346257,-100.000001346257],"ix":2},"sk":{"a":0,"k":0,"ix":2},"p":{"a":0,"k":[99.30900573730469,115.8268890380859],"ix":2},"r":{"a":0,"k":178.0000000934656,"ix":2},"sa":{"a":0,"k":0,"ix":2},"o":{"a":0,"k":100,"ix":2}},"ef":[],"shapes":[{"ty":"gr","bm":0,"hd":false,"nm":"Path","it":[{"ty":"sh","bm":0,"hd":false,"nm":"","d":1,"ks":{"a":0,"k":{"c":true,"i":[[0,0],[0,0],[0,0],[0,0],[0,0],[0,0],[0,0],[0,0]],"o":[[0,0],[0,0],[0,0],[0,0],[0,0],[0,0],[0,0],[0,0]],"v":[[-36.562,45.029],[-24.167,-3.717],[-3.927,14.454],[2.682,-45.029],[36.562,0],[0,45.029],[-15.076,27.43],[-36.562,45.029]]}}},{"ty":"gs","bm":0,"hd":false,"nm":"","e":{"a":0,"k":[50,0],"ix":2},"g":{"p":2,"k":{"a":0,"k":[0,0.19215686274509805,0.8,0.0196078431372549,1,0.7333333333333333,1,0,0,1,1,0.9999400813405107],"ix":2}},"t":1,"a":{"a":0,"k":0},"h":{"a":0,"k":0},"s":{"a":0,"k":[-38.088008880615234,1.3300682306289673],"ix":2},"lc":2,"lj":2,"ml":4,"o":{"a":0,"k":100,"ix":2},"w":{"a":0,"k":5,"ix":2}},{"ty":"fl","bm":0,"hd":false,"nm":"","c":{"a":0,"k":[0.7333,1,0],"ix":2},"r":1,"o":{"a":0,"k":100,"ix":2}},{"ty":"tr","a":{"a":0,"k":[0,0],"ix":2},"s":{"a":0,"k":[100,100],"ix":2},"sk":{"a":0,"k":0,"ix":2},"p":{"a":0,"k":[407.401,117.66],"ix":2},"r":{"a":1,"k":[{"o":{"x":0.333,"y":0},"i":{"x":0.833,"y":1},"s":[0],"t":0},{"o":{"x":0.167,"y":0},"i":{"x":0.833,"y":1},"s":[-6],"t":67},{"o":{"x":0.167,"y":0},"i":{"x":0.667,"y":1},"s":[6],"t":138},{"s":[0],"t":200}],"ix":2},"sa":{"a":0,"k":0,"ix":2},"o":{"a":0,"k":100,"ix":2}}]}],"ind":1},{"ty":4,"nm":"Ð¨Ð°Ñ 8 Outlines","sr":1,"st":0,"op":201,"ip":0,"hd":false,"ddd":0,"bm":0,"hasMask":false,"ao":0,"ks":{"a":{"a":0,"k":[407.4010009765625,117.6599998474121],"ix":2},"s":{"a":0,"k":[100.00000389083709,-100.00000389083709],"ix":2},"sk":{"a":0,"k":0,"ix":2},"p":{"a":0,"k":[78.29601287841797,200.9527587890625],"ix":2},"r":{"a":0,"k":126.9999998789154,"ix":2},"sa":{"a":0,"k":0,"ix":2},"o":{"a":0,"k":100,"ix":2}},"ef":[],"shapes":[{"ty":"gr","bm":0,"hd":false,"nm":"Path","it":[{"ty":"sh","bm":0,"hd":false,"nm":"","d":1,"ks":{"a":0,"k":{"c":true,"i":[[0,0],[0,0],[0,0],[0,0],[0,0],[0,0],[0,0],[0,0]],"o":[[0,0],[0,0],[0,0],[0,0],[0,0],[0,0],[0,0],[0,0]],"v":[[-36.562,45.029],[-24.167,-3.717],[-3.927,14.454],[2.682,-45.029],[36.562,0],[0,45.029],[-15.076,27.43],[-36.562,45.029]]}}},{"ty":"gs","bm":0,"hd":false,"nm":"","e":{"a":0,"k":[50,0],"ix":2},"g":{"p":2,"k":{"a":0,"k":[0,0.19215686274509805,0.8,0.0196078431372549,1,0.7333333333333333,1,0,0,1,1,0.9999400813405107],"ix":2}},"t":1,"a":{"a":0,"k":0},"h":{"a":0,"k":0},"s":{"a":0,"k":[-50,0],"ix":2},"lc":2,"lj":2,"ml":4,"o":{"a":0,"k":100,"ix":2},"w":{"a":0,"k":5,"ix":2}},{"ty":"fl","bm":0,"hd":false,"nm":"","c":{"a":0,"k":[0.7333,1,0],"ix":2},"r":1,"o":{"a":0,"k":100,"ix":2}},{"ty":"tr","a":{"a":0,"k":[0,0],"ix":2},"s":{"a":0,"k":[100,100],"ix":2},"sk":{"a":0,"k":0,"ix":2},"p":{"a":0,"k":[407.401,117.66],"ix":2},"r":{"a":1,"k":[{"o":{"x":0.333,"y":0},"i":{"x":0.833,"y":1},"s":[0],"t":0},{"o":{"x":0.167,"y":0},"i":{"x":0.833,"y":1},"s":[-6],"t":67},{"o":{"x":0.167,"y":0},"i":{"x":0.667,"y":1},"s":[6],"t":138},{"s":[0],"t":200}],"ix":2},"sa":{"a":0,"k":0,"ix":2},"o":{"a":0,"k":100,"ix":2}}]}],"ind":2},{"ty":4,"nm":"Ð¨Ð°Ñ 8 Outlines","sr":1,"st":0,"op":201,"ip":0,"hd":false,"ddd":0,"bm":0,"hasMask":false,"ao":0,"ks":{"a":{"a":0,"k":[407.4010009765625,117.6599998474121],"ix":2},"s":{"a":0,"k":[100.00000222390379,-100.00000222390379],"ix":2},"sk":{"a":0,"k":0,"ix":2},"p":{"a":0,"k":[89.56590270996094,286.5513916015625],"ix":2},"r":{"a":0,"k":94.9999999854767,"ix":2},"sa":{"a":0,"k":0,"ix":2},"o":{"a":0,"k":100,"ix":2}},"ef":[],"shapes":[{"ty":"gr","bm":0,"hd":false,"nm":"Path","it":[{"ty":"sh","bm":0,"hd":false,"nm":"","d":1,"ks":{"a":0,"k":{"c":true,"i":[[0,0],[0,0],[0,0],[0,0],[0,0],[0,0],[0,0],[0,0]],"o":[[0,0],[0,0],[0,0],[0,0],[0,0],[0,0],[0,0],[0,0]],"v":[[-36.562,45.029],[-24.167,-3.717],[-3.927,14.454],[2.682,-45.029],[36.562,0],[0,45.029],[-15.076,27.43],[-36.562,45.029]]}}},{"ty":"gs","bm":0,"hd":false,"nm":"","e":{"a":0,"k":[10.604625701904297,-40.90245819091797],"ix":2},"g":{"p":2,"k":{"a":0,"k":[0,0.19215686274509805,0.8,0.0196078431372549,1,0.7333333333333333,1,0,0,1,1,0.9999400813405107],"ix":2}},"t":1,"a":{"a":0,"k":0},"h":{"a":0,"k":0},"s":{"a":0,"k":[-4.187331676483154,47.86140441894531],"ix":2},"lc":2,"lj":2,"ml":4,"o":{"a":0,"k":100,"ix":2},"w":{"a":0,"k":5,"ix":2}},{"ty":"fl","bm":0,"hd":false,"nm":"","c":{"a":0,"k":[0.7333,1,0],"ix":2},"r":1,"o":{"a":0,"k":100,"ix":2}},{"ty":"tr","a":{"a":0,"k":[0,0],"ix":2},"s":{"a":0,"k":[100,100],"ix":2},"sk":{"a":0,"k":0,"ix":2},"p":{"a":0,"k":[407.401,117.66],"ix":2},"r":{"a":1,"k":[{"o":{"x":0.333,"y":0},"i":{"x":0.833,"y":1},"s":[0],"t":0},{"o":{"x":0.167,"y":0},"i":{"x":0.833,"y":1},"s":[-6],"t":67},{"o":{"x":0.167,"y":0},"i":{"x":0.667,"y":1},"s":[6],"t":138},{"s":[0],"t":200}],"ix":2},"sa":{"a":0,"k":0,"ix":2},"o":{"a":0,"k":100,"ix":2}}]}],"ind":3},{"ty":4,"nm":"Ð¨Ð°Ñ 8 Outlines","sr":1,"st":0,"op":201,"ip":0,"hd":false,"ddd":0,"bm":0,"hasMask":false,"ao":0,"ks":{"a":{"a":0,"k":[407.4010009765625,117.6599998474121],"ix":2},"s":{"a":0,"k":[100.00000222390379,100.00000222390379],"ix":2},"sk":{"a":0,"k":0,"ix":2},"p":{"a":0,"k":[417.4341125488281,286.5513916015625],"ix":2},"r":{"a":0,"k":85.00000001452331,"ix":2},"sa":{"a":0,"k":0,"ix":2},"o":{"a":0,"k":100,"ix":2}},"ef":[],"shapes":[{"ty":"gr","bm":0,"hd":false,"nm":"Path","it":[{"ty":"sh","bm":0,"hd":false,"nm":"","d":1,"ks":{"a":0,"k":{"c":true,"i":[[0,0],[0,0],[0,0],[0,0],[0,0],[0,0],[0,0],[0,0]],"o":[[0,0],[0,0],[0,0],[0,0],[0,0],[0,0],[0,0],[0,0]],"v":[[-36.562,45.029],[-24.167,-3.717],[-3.927,14.454],[2.682,-45.029],[36.562,0],[0,45.029],[-15.076,27.43],[-36.562,45.029]]}}},{"ty":"gs","bm":0,"hd":false,"nm":"","e":{"a":0,"k":[-3.6318700313568115,41.512474060058594],"ix":2},"g":{"p":2,"k":{"a":0,"k":[0,0.7333333333333333,1,0,1,0.19215686274509805,0.8,0.0196078431372549,0,1,1,0.9999400813405107],"ix":2}},"t":1,"a":{"a":0,"k":0},"h":{"a":0,"k":0},"s":{"a":0,"k":[3.6318721771240234,-41.512481689453125],"ix":2},"lc":2,"lj":2,"ml":4,"o":{"a":0,"k":100,"ix":2},"w":{"a":0,"k":5,"ix":2}},{"ty":"fl","bm":0,"hd":false,"nm":"","c":{"a":0,"k":[0.7333,1,0],"ix":2},"r":1,"o":{"a":0,"k":100,"ix":2}},{"ty":"tr","a":{"a":0,"k":[0,0],"ix":2},"s":{"a":0,"k":[100,100],"ix":2},"sk":{"a":0,"k":0,"ix":2},"p":{"a":0,"k":[407.401,117.66],"ix":2},"r":{"a":1,"k":[{"o":{"x":0.333,"y":0},"i":{"x":0.833,"y":1},"s":[0],"t":0},{"o":{"x":0.167,"y":0},"i":{"x":0.833,"y":1},"s":[-6],"t":67},{"o":{"x":0.167,"y":0},"i":{"x":0.667,"y":1},"s":[6],"t":138},{"s":[0],"t":200}],"ix":2},"sa":{"a":0,"k":0,"ix":2},"o":{"a":0,"k":100,"ix":2}}]}],"ind":4},{"ty":4,"nm":"Ð¨Ð°Ñ 8 Outlines","sr":1,"st":0,"op":201,"ip":0,"hd":false,"ddd":0,"bm":0,"hasMask":false,"ao":0,"ks":{"a":{"a":0,"k":[407.4010009765625,117.6599998474121],"ix":2},"s":{"a":0,"k":[100.0000000009496,100.0000000009496],"ix":2},"sk":{"a":0,"k":0,"ix":2},"p":{"a":0,"k":[429.1649475097656,201.7006988525391],"ix":2},"r":{"a":0,"k":47.99999869121278,"ix":2},"sa":{"a":0,"k":0,"ix":2},"o":{"a":0,"k":100,"ix":2}},"ef":[],"shapes":[{"ty":"gr","bm":0,"hd":false,"nm":"Path","it":[{"ty":"sh","bm":0,"hd":false,"nm":"","d":1,"ks":{"a":0,"k":{"c":true,"i":[[0,0],[0,0],[0,0],[0,0],[0,0],[0,0],[0,0],[0,0]],"o":[[0,0],[0,0],[0,0],[0,0],[0,0],[0,0],[0,0],[0,0]],"v":[[-36.562,45.029],[-24.167,-3.717],[-3.927,14.454],[2.682,-45.029],[36.562,0],[0,45.029],[-15.076,27.43],[-36.562,45.029]]}}},{"ty":"gs","bm":0,"hd":false,"nm":"","e":{"a":0,"k":[28.661954879760742,-31.83232879638672],"ix":2},"g":{"p":2,"k":{"a":0,"k":[0,0.19215686274509805,0.8,0.0196078431372549,1,0.7333333333333333,1,0,0,1,1,0.9999400813405107],"ix":2}},"t":1,"a":{"a":0,"k":0},"h":{"a":0,"k":0},"s":{"a":0,"k":[-23.642011642456055,42.81474685668945],"ix":2},"lc":2,"lj":2,"ml":4,"o":{"a":0,"k":100,"ix":2},"w":{"a":0,"k":5,"ix":2}},{"ty":"fl","bm":0,"hd":false,"nm":"","c":{"a":0,"k":[0.7333,1,0],"ix":2},"r":1,"o":{"a":0,"k":100,"ix":2}},{"ty":"tr","a":{"a":0,"k":[0,0],"ix":2},"s":{"a":0,"k":[100,100],"ix":2},"sk":{"a":0,"k":0,"ix":2},"p":{"a":0,"k":[407.401,117.66],"ix":2},"r":{"a":1,"k":[{"o":{"x":0.333,"y":0},"i":{"x":0.833,"y":1},"s":[0],"t":0},{"o":{"x":0.167,"y":0},"i":{"x":0.833,"y":1},"s":[-6],"t":67},{"o":{"x":0.167,"y":0},"i":{"x":0.667,"y":1},"s":[6],"t":138},{"s":[0],"t":200}],"ix":2},"sa":{"a":0,"k":0,"ix":2},"o":{"a":0,"k":100,"ix":2}}]}],"ind":5},{"ty":4,"nm":"Ð¨Ð°Ñ 8 Outlines","sr":1,"st":0,"op":201,"ip":0,"hd":false,"ddd":0,"bm":0,"hasMask":false,"ao":0,"ks":{"a":{"a":0,"k":[407.4010009765625,117.6599998474121],"ix":2},"s":{"a":0,"k":[100.00000234520141,100.0000023452015],"ix":2},"sk":{"a":0,"k":0,"ix":2},"p":{"a":0,"k":[403.5601501464844,110.2517547607422],"ix":2},"r":{"a":0,"k":-11.99999938000042,"ix":2},"sa":{"a":0,"k":0,"ix":2},"o":{"a":0,"k":100,"ix":2}},"ef":[],"shapes":[{"ty":"gr","bm":0,"hd":false,"nm":"Path","it":[{"ty":"sh","bm":0,"hd":false,"nm":"","d":1,"ks":{"a":0,"k":{"c":true,"i":[[0,0],[0,0],[0,0],[0,0],[0,0],[0,0],[0,0],[0,0]],"o":[[0,0],[0,0],[0,0],[0,0],[0,0],[0,0],[0,0],[0,0]],"v":[[-36.562,45.029],[-24.167,-3.717],[-3.927,14.454],[2.682,-45.029],[36.562,0],[0,45.029],[-15.076,27.43],[-36.562,45.029]]}}},{"ty":"gs","bm":0,"hd":false,"nm":"","e":{"a":0,"k":[38.07863235473633,3.5682151317596436],"ix":2},"g":{"p":2,"k":{"a":0,"k":[0,0.19215686274509805,0.8,0.0196078431372549,1,0.19215686274509805,0.8,0.0196078431372549,0,1,1,0],"ix":2}},"t":1,"a":{"a":0,"k":0},"h":{"a":0,"k":0},"s":{"a":0,"k":[-36.40915298461914,30.890722274780273],"ix":2},"lc":2,"lj":2,"ml":4,"o":{"a":0,"k":100,"ix":2},"w":{"a":0,"k":5,"ix":2}},{"ty":"fl","bm":0,"hd":false,"nm":"","c":{"a":0,"k":[0.7333,1,0],"ix":2},"r":1,"o":{"a":0,"k":100,"ix":2}},{"ty":"tr","a":{"a":0,"k":[0,0],"ix":2},"s":{"a":0,"k":[100,100],"ix":2},"sk":{"a":0,"k":0,"ix":2},"p":{"a":0,"k":[407.401,117.66],"ix":2},"r":{"a":1,"k":[{"o":{"x":0.333,"y":0},"i":{"x":0.833,"y":1},"s":[0],"t":0},{"o":{"x":0.167,"y":0},"i":{"x":0.833,"y":1},"s":[-6],"t":67},{"o":{"x":0.167,"y":0},"i":{"x":0.667,"y":1},"s":[6],"t":138},{"s":[0],"t":200}],"ix":2},"sa":{"a":0,"k":0,"ix":2},"o":{"a":0,"k":100,"ix":2}}]}],"ind":6},{"ty":4,"nm":"Ð¨Ð°Ñ 11 Outlines","sr":1,"st":0,"op":201,"ip":0,"hd":false,"ddd":0,"bm":0,"hasMask":false,"ao":0,"ks":{"a":{"a":0,"k":[260,184.078],"ix":2},"s":{"a":0,"k":[100,100],"ix":2},"sk":{"a":0,"k":0,"ix":2},"p":{"a":0,"k":[260,184.078],"ix":2},"r":{"a":1,"k":[{"o":{"x":0.333,"y":0},"i":{"x":0.667,"y":1},"s":[-2],"t":17},{"o":{"x":0.333,"y":0},"i":{"x":0.667,"y":1},"s":[-10],"t":67},{"o":{"x":0.333,"y":0},"i":{"x":0.667,"y":1},"s":[5],"t":133},{"s":[-2],"t":183}],"ix":2},"sa":{"a":0,"k":0,"ix":2},"o":{"a":0,"k":100,"ix":2}},"ef":[],"shapes":[{"ty":"gr","bm":0,"hd":false,"nm":"Ð¨Ð°Ñ 9 Outlines","it":[{"ty":"gr","bm":0,"hd":false,"nm":"Path","it":[{"ty":"sh","bm":0,"hd":false,"nm":"","d":1,"ks":{"a":0,"k":{"c":true,"i":[[0,0],[0,6.875],[6.875,0],[0,-6.875],[-6.874,0]],"o":[[6.875,0],[0,-6.875],[-6.874,0],[0,6.875],[0,0]],"v":[[0,12.448],[12.448,0],[0,-12.448],[-12.448,0],[0,12.448]]}}},{"ty":"st","bm":0,"hd":false,"nm":"","lc":2,"lj":2,"ml":4,"o":{"a":0,"k":100,"ix":2},"w":{"a":0,"k":5,"ix":2},"c":{"a":0,"k":[0.2902,0.3333,0.4078],"ix":2}},{"ty":"fl","bm":0,"hd":false,"nm":"","c":{"a":0,"k":[0.1569,0.1451,0.1451],"ix":2},"r":1,"o":{"a":0,"k":100,"ix":2}},{"ty":"tr","a":{"a":0,"k":[0,0],"ix":2},"s":{"a":0,"k":[100,100],"ix":2},"sk":{"a":0,"k":0,"ix":2},"p":{"a":0,"k":[297.3099975585938,157.5379943847656],"ix":2},"r":{"a":0,"k":0,"ix":2},"sa":{"a":0,"k":0,"ix":2},"o":{"a":0,"k":100,"ix":2}}]},{"ty":"gr","bm":0,"hd":false,"nm":"Path","it":[{"ty":"sh","bm":0,"hd":false,"nm":"","d":1,"ks":{"a":0,"k":{"c":true,"i":[[0,0],[9.471,-9.027],[4.498,5.121],[-9.354,39.73]],"o":[[2.481,-10.537],[-9.47,9.027],[-4.497,-5.11],[0,0]],"v":[[26.163,-10.384],[4.128,-20.319],[-24.146,-19.506],[26.163,-10.384]]}}},{"ty":"st","bm":0,"hd":false,"nm":"","lc":2,"lj":2,"ml":4,"o":{"a":0,"k":100,"ix":2},"w":{"a":0,"k":5,"ix":2},"c":{"a":0,"k":[0.2902,0.3333,0.4078],"ix":2}},{"ty":"fl","bm":0,"hd":false,"nm":"","c":{"a":0,"k":[0.1569,0.1451,0.1451],"ix":2},"r":1,"o":{"a":0,"k":100,"ix":2}},{"ty":"tr","a":{"a":0,"k":[0.9886173331251271,-9.915447688655462],"ix":2},"s":{"a":0,"k":[100,100],"ix":2},"sk":{"a":0,"k":0,"ix":2},"p":{"a":0,"k":[266.4886169433594,146.3495483398438],"ix":2},"r":{"a":0,"k":0,"ix":2},"sa":{"a":0,"k":0,"ix":2},"o":{"a":0,"k":100,"ix":2}}]},{"ty":"gr","bm":0,"hd":false,"nm":"Path","it":[{"ty":"sh","bm":0,"hd":false,"nm":"","d":1,"ks":{"a":0,"k":{"c":true,"i":[[0,0],[-2.66,12.807],[-6.609,-1.647],[-14.876,-38.008]],"o":[[3.948,10.083],[2.661,-12.807],[6.61,1.647],[0,0]],"v":[[-19.158,13.962],[4.618,9.624],[27.423,-7.111],[-19.158,13.962]]}}},{"ty":"st","bm":0,"hd":false,"nm":"","lc":2,"lj":2,"ml":4,"o":{"a":0,"k":100,"ix":2},"w":{"a":0,"k":5,"ix":2},"c":{"a":0,"k":[0.2902,0.3333,0.4078],"ix":2}},{"ty":"fl","bm":0,"hd":false,"nm":"","c":{"a":0,"k":[0.1569,0.1451,0.1451],"ix":2},"r":1,"o":{"a":0,"k":100,"ix":2}},{"ty":"tr","a":{"a":0,"k":[3.293097328387777,5.147712153969564],"ix":2},"s":{"a":0,"k":[100,100],"ix":2},"sk":{"a":0,"k":0,"ix":2},"p":{"a":0,"k":[324.7030944824219,145.1967010498047],"ix":2},"r":{"a":0,"k":0,"ix":2},"sa":{"a":0,"k":0,"ix":2},"o":{"a":0,"k":100,"ix":2}}]},{"ty":"tr","a":{"a":0,"k":[260,184.078],"ix":2},"s":{"a":0,"k":[100,100],"ix":2},"sk":{"a":0,"k":0,"ix":2},"p":{"a":0,"k":[260,184.078],"ix":2},"r":{"a":0,"k":0,"ix":2},"sa":{"a":0,"k":0,"ix":2},"o":{"a":0,"k":100,"ix":2}}]},{"ty":"gr","bm":0,"hd":false,"nm":"Ð¨Ð°Ñ 10 Outlines","it":[{"ty":"gr","bm":0,"hd":false,"nm":"Path","it":[{"ty":"sh","bm":0,"hd":false,"nm":"","d":1,"ks":{"a":0,"k":{"c":true,"i":[[0,0],[-11.339,-9.365],[17.178,3.959],[22.583,-22.679]],"o":[[0,0],[3.907,1.573],[0,0],[0,0]],"v":[[-35.327,8.71],[16.132,12.396],[18.149,-6.925],[-35.327,8.71]]}}},{"ty":"st","bm":0,"hd":false,"nm":"","lc":2,"lj":2,"ml":4,"o":{"a":0,"k":100,"ix":2},"w":{"a":0,"k":5,"ix":2},"c":{"a":0,"k":[0.2902,0.3333,0.4078],"ix":2}},{"ty":"fl","bm":0,"hd":false,"nm":"","c":{"a":0,"k":[0.1569,0.1451,0.1451],"ix":2},"r":1,"o":{"a":0,"k":100,"ix":2}},{"ty":"tr","a":{"a":0,"k":[-4.595524624552034,2.269815779508415],"ix":2},"s":{"a":0,"k":[100,100],"ix":2},"sk":{"a":0,"k":0,"ix":2},"p":{"a":0,"k":[318.1174926757812,155.7428283691406],"ix":2},"r":{"a":0,"k":0,"ix":2},"sa":{"a":0,"k":0,"ix":2},"o":{"a":0,"k":100,"ix":2}}]},{"ty":"gr","bm":0,"hd":false,"nm":"Path","it":[{"ty":"sh","bm":0,"hd":false,"nm":"","d":1,"ks":{"a":0,"k":{"c":true,"i":[[0,0],[-91.717,-2.481],[92.372,-13.081],[0,0],[-20.947,-0.898]],"o":[[0,0],[0,0],[-42.633,6.039],[0,0],[0,0]],"v":[[-53.83,32.941],[58.021,-10.358],[-17.595,-19.86],[-74.407,12.236],[-53.83,32.941]]}}},{"ty":"st","bm":0,"hd":false,"nm":"","lc":2,"lj":2,"ml":4,"o":{"a":0,"k":100,"ix":2},"w":{"a":0,"k":5,"ix":2},"c":{"a":0,"k":[0.2902,0.3333,0.4078],"ix":2}},{"ty":"fl","bm":0,"hd":false,"nm":"","c":{"a":0,"k":[0.1569,0.1451,0.1451],"ix":2},"r":1,"o":{"a":0,"k":100,"ix":2}},{"ty":"tr","a":{"a":0,"k":[-7.599470372396482,4.502156605062112],"ix":2},"s":{"a":0,"k":[100,100],"ix":2},"sk":{"a":0,"k":0,"ix":2},"p":{"a":0,"k":[228.7955322265625,177.1381530761719],"ix":2},"r":{"a":0,"k":0,"ix":2},"sa":{"a":0,"k":0,"ix":2},"o":{"a":0,"k":100,"ix":2}}]},{"ty":"tr","a":{"a":0,"k":[260,184.078],"ix":2},"s":{"a":0,"k":[100,100],"ix":2},"sk":{"a":0,"k":0,"ix":2},"p":{"a":0,"k":[260,184.078],"ix":2},"r":{"a":0,"k":0,"ix":2},"sa":{"a":0,"k":0,"ix":2},"o":{"a":0,"k":100,"ix":2}}]},{"ty":"gr","bm":0,"hd":false,"nm":"Group 1","it":[{"ty":"gr","bm":0,"hd":false,"nm":"Path","it":[{"ty":"sh","bm":0,"hd":false,"nm":"","d":1,"ks":{"a":0,"k":{"c":true,"i":[[0,0],[-5.786,-1.658],[-1.204,-7.802],[10.97,-2.798],[2.777,11.159],[-2.724,2.587]],"o":[[3.083,-2.935],[14.19,4.065],[1.742,11.371],[-10.97,2.798],[-1.299,-5.237],[0,0]],"v":[[0.987,-0.254],[14.976,19.839],[40.991,20.936],[26.136,46.212],[1.251,31.072],[0.987,-0.254]]}}},{"ty":"tr","a":{"a":0,"k":[0,0],"ix":2},"s":{"a":0,"k":[100,100],"ix":2},"sk":{"a":0,"k":0,"ix":2},"p":{"a":0,"k":[0,0],"ix":2},"r":{"a":0,"k":0,"ix":2},"sa":{"a":0,"k":0,"ix":2},"o":{"a":0,"k":100,"ix":2}}]},{"ty":"gr","bm":0,"hd":false,"nm":"Path","it":[{"ty":"sh","bm":0,"hd":false,"nm":"","d":1,"ks":{"a":0,"k":{"c":true,"i":[[0,0],[-2.618,0.116],[-3.146,-2.471],[-0.19,-4.223],[5.142,-0.232],[0.328,7.306],[-2.46,3.886]],"o":[[2.555,-4.033],[2.165,-0.095],[4.329,3.399],[0.328,7.296],[-5.141,0.233],[-0.158,-3.579],[0,0]],"v":[[49.501,62.324],[53.312,36.805],[65.876,61.574],[72.918,68.816],[58.802,78.54],[43.208,71.688],[49.501,62.324]]}}},{"ty":"tr","a":{"a":0,"k":[0,0],"ix":2},"s":{"a":0,"k":[100,100],"ix":2},"sk":{"a":0,"k":0,"ix":2},"p":{"a":0,"k":[0,0],"ix":2},"r":{"a":0,"k":0,"ix":2},"sa":{"a":0,"k":0,"ix":2},"o":{"a":0,"k":100,"ix":2}}]},{"ty":"gr","bm":0,"hd":false,"nm":"Path","it":[{"ty":"sh","bm":0,"hd":false,"nm":"","d":1,"ks":{"a":1,"k":[{"o":{"x":0.333,"y":0},"i":{"x":0.667,"y":1},"s":[{"c":true,"i":[[0,0],[6.609,-4.677],[6.335,-4.128],[6.61,-5.226],[9.766,15.542],[-5.564,-2.006],[-6.113,1.088],[-16.249,6.06],[-11.287,5.279],[-8.542,4.962],[-7.707,6.884],[-6.969,8.753],[-0.19,0.929],[2.756,11.36],[0.158,0.981],[4.434,-0.211],[1.562,11.402],[-12.437,8.035],[-0.866,5.026],[0.623,3.716],[-0.539,4.319],[6.313,11.877],[0.126,-0.074],[-0.919,-16.502],[-1.5,6.282],[5.363,3.78],[1.246,-1.446],[-2.787,-17.874],[0.19,0.697],[7.074,8.468],[0.76,-1.214],[-0.845,-5.153],[0.179,-1.499],[-0.876,5.997],[7.729,11.149],[-2.956,6.81],[-0.243,-0.602],[5.268,-4.593],[4.191,-8.288],[-0.496,-1.785],[5.1,0.042],[2.333,10.653],[-3.421,11.994],[-0.412,-2.914],[6.598,-5.501],[0.876,-5.363],[-0.834,-2.798],[13.757,6.525],[-0.58,5.955],[-0.042,-0.317],[2.46,-3.674],[0.401,0.411],[0.348,-0.274],[-1.488,-5.163],[2.164,-8.911],[-0.802,-4.339],[-4.16,-14.739],[-6.324,-7.971],[-5.564,-3.41],[-5.353,-5.733],[-4.92,-2.112],[-8.161,-1.436],[-8.172,1.911],[-3.896,0.971],[-1.932,1.9],[-0.148,3.22],[-1.457,6.736],[0,0],[4.35,-1.383],[1.341,-0.908],[0,0]],"o":[[0,0],[0,0],[0,0],[-4.708,3.727],[-3.146,-5.015],[4.35,1.563],[0,0],[0,0],[0,0],[0,0],[0,0],[0.591,-0.739],[3.537,-17.315],[-0.148,-0.634],[-3.242,2.586],[-11.308,0.518],[-1.066,-7.824],[2.418,-1.562],[-0.539,-4.381],[1.193,-4.033],[1.921,-15.119],[-12.353,-23.217],[-13.335,7.697],[0.295,5.269],[7.538,-31.568],[-13.356,-9.407],[-14.717,17.146],[2.376,15.246],[-4.012,-14.76],[-7.084,-8.467],[-11.551,18.403],[0.855,5.152],[-0.19,1.499],[0.876,-5.987],[-4.001,-5.776],[7.021,-16.206],[3.167,7.728],[-2.661,2.312],[-6.208,12.29],[0.496,1.784],[-5.099,-0.042],[-3.601,-16.407],[3.42,-11.994],[1.52,10.558],[-6.599,5.501],[-2.862,17.674],[0.823,2.798],[-13.757,-6.525],[2.471,-25.033],[4.582,30.681],[-12.596,18.814],[-9.101,-9.27],[-5.754,4.424],[2.292,7.908],[-2.829,7.633],[2.597,14.011],[4.275,15.15],[8.024,10.104],[11.212,6.873],[9.629,10.325],[7.38,3.167],[8.964,1.562],[3.389,-0.792],[2.777,-0.697],[2.091,-2.059],[0.232,-5.195],[0,0],[0.982,-4.466],[-1.235,0.39],[0,0],[0,0]],"v":[[69.255,112.368],[50.525,112.368],[35.649,112.368],[17.193,110.436],[-13.034,88.232],[-5.686,78.921],[10.025,80.145],[27.931,93.913],[44.729,95.063],[60.154,95.011],[74.196,93.638],[86.528,89.235],[87.721,86.691],[91.384,38.399],[90.92,35.971],[79.211,40.395],[57.81,20.514],[82.41,11.878],[86.76,-0.137],[85.018,-12.448],[87.531,-25.076],[74.038,-69.482],[70.406,-105.253],[66.774,-50.773],[58.486,-61.87],[48.086,-118.565],[36.662,-144.539],[43.926,-93.861],[38.214,-63.548],[20.572,-90.556],[16.423,-110.721],[17.975,-75.12],[16.423,-62.724],[11.756,-63.633],[7.089,-88.01],[6.055,-107.923],[2.423,-133.263],[-3.806,-111.862],[-15.747,-95.624],[-15.23,-68.974],[-19.897,-61.532],[-32.872,-88.676],[-24.563,-122.948],[-26.643,-148.677],[-38.056,-121.438],[-49.997,-98.422],[-41.688,-53.92],[-52.067,-47.986],[-54.147,-83.112],[-62.456,-118.228],[-71.282,-71.995],[-78.546,-36.594],[-84.258,-60.012],[-89.453,-36.964],[-89.801,-14.76],[-93.338,5.29],[-69.318,34.99],[-53.154,88.318],[-33.907,100.374],[-12.327,122.863],[7.375,139.651],[31.742,144.232],[58.38,149.68],[69.529,146.651],[75.114,143.419],[77.564,136.229],[80.678,117.636],[80.678,117.584],[73.119,110.49],[69.244,112.389],[69.255,112.368]]}],"t":17},{"o":{"x":0.333,"y":0},"i":{"x":0.667,"y":1},"s":[{"c":true,"i":[[0,0],[6.609,-4.677],[6.335,-4.128],[6.61,-5.226],[-1.326,29.418],[-5.564,-2.006],[-6.113,1.088],[-16.249,6.06],[-11.287,5.279],[-8.542,4.962],[-7.707,6.884],[-6.969,8.753],[-0.19,0.929],[2.756,11.36],[0.158,0.981],[4.434,-0.211],[1.562,11.402],[-12.437,8.035],[-0.866,5.026],[0.623,3.716],[-0.539,4.319],[6.313,11.877],[0.126,-0.074],[-0.919,-16.502],[-1.5,6.282],[5.363,3.78],[1.246,-1.446],[-2.787,-17.874],[0.19,0.697],[7.074,8.468],[0.76,-1.214],[-0.845,-5.153],[0.179,-1.499],[-0.876,5.997],[7.729,11.149],[-2.956,6.81],[-0.243,-0.602],[5.268,-4.593],[4.191,-8.288],[-0.496,-1.785],[5.1,0.042],[2.333,10.653],[-3.421,11.994],[-0.412,-2.914],[6.598,-5.501],[0.876,-5.363],[-0.834,-2.798],[13.757,6.525],[-0.58,5.955],[-0.042,-0.317],[2.46,-3.674],[0.401,0.411],[0.348,-0.274],[-1.488,-5.163],[2.164,-8.911],[-0.802,-4.339],[-4.16,-14.739],[-6.324,-7.971],[-5.564,-3.41],[-5.353,-5.733],[-4.92,-2.112],[-8.161,-1.436],[-8.172,1.911],[-3.896,0.971],[-1.932,1.9],[-0.148,3.22],[-1.457,6.736],[0,0],[4.35,-1.383],[1.341,-0.908],[0,0]],"o":[[0,0],[0,0],[0,0],[-4.708,3.727],[0.409,-9.079],[4.35,1.563],[0,0],[0,0],[0,0],[0,0],[0,0],[0.591,-0.739],[3.537,-17.315],[-0.148,-0.634],[-3.242,2.586],[-11.308,0.518],[-1.066,-7.824],[2.418,-1.562],[-0.539,-4.381],[1.193,-4.033],[1.921,-15.119],[-12.353,-23.217],[-13.335,7.697],[0.295,5.269],[7.538,-31.568],[-13.356,-9.407],[-14.717,17.146],[2.376,15.246],[-4.012,-14.76],[-7.084,-8.467],[-11.551,18.403],[0.855,5.152],[-0.19,1.499],[0.876,-5.987],[-4.001,-5.776],[7.021,-16.206],[3.167,7.728],[-2.661,2.312],[-6.208,12.29],[0.496,1.784],[-5.099,-0.042],[-3.601,-16.407],[3.42,-11.994],[1.52,10.558],[-6.599,5.501],[-2.862,17.674],[0.823,2.798],[-13.757,-6.525],[2.471,-25.033],[4.582,30.681],[-12.596,18.814],[-9.101,-9.27],[-5.754,4.424],[2.292,7.908],[-2.829,7.633],[2.597,14.011],[4.275,15.15],[8.024,10.104],[11.212,6.873],[9.629,10.325],[7.38,3.167],[8.964,1.562],[3.389,-0.792],[2.777,-0.697],[2.091,-2.059],[0.232,-5.195],[0,0],[0.982,-4.466],[-1.235,0.39],[0,0],[0,0]],"v":[[68.255,130.368],[49.525,130.368],[34.649,130.368],[16.193,128.436],[-13.034,88.233],[-5.686,78.92],[10.025,80.145],[27.931,93.913],[44.729,95.063],[60.154,95.011],[74.196,93.638],[86.528,89.235],[87.721,86.691],[91.384,38.4],[90.92,35.971],[79.211,40.395],[57.81,20.514],[82.41,11.878],[86.76,-0.137],[85.018,-12.448],[87.531,-25.076],[74.038,-69.482],[70.406,-105.253],[66.774,-50.774],[58.486,-61.869],[48.086,-118.565],[36.662,-144.539],[43.926,-93.861],[38.214,-63.548],[20.572,-90.556],[16.423,-110.721],[17.975,-75.12],[16.423,-62.724],[11.756,-63.633],[7.089,-88.01],[6.055,-107.923],[2.423,-133.263],[-3.806,-111.862],[-15.747,-95.624],[-15.23,-68.975],[-19.897,-61.531],[-32.872,-88.676],[-24.563,-122.948],[-26.643,-148.677],[-38.056,-121.438],[-49.997,-98.422],[-41.688,-53.92],[-52.067,-47.986],[-54.147,-83.112],[-62.456,-118.228],[-71.282,-71.994],[-78.546,-36.594],[-84.258,-60.012],[-89.453,-36.964],[-89.801,-14.76],[-93.338,5.29],[-69.318,34.989],[-54.154,106.318],[-34.907,118.374],[-13.327,140.863],[6.375,157.651],[30.742,162.232],[57.38,167.68],[68.529,164.651],[74.114,161.419],[76.564,154.229],[79.678,135.636],[79.678,135.584],[72.119,128.49],[68.244,130.389],[68.255,130.368]]}],"t":67},{"o":{"x":0.333,"y":0},"i":{"x":0.667,"y":1},"s":[{"c":true,"i":[[0,0],[6.609,-4.677],[6.335,-4.128],[6.61,-5.226],[1.909,25.371],[-5.564,-2.006],[-6.113,1.088],[-16.249,6.06],[-11.287,5.279],[-8.542,4.962],[-7.707,6.884],[-6.969,8.753],[-0.19,0.929],[2.756,11.36],[0.158,0.981],[4.434,-0.211],[1.562,11.402],[-12.437,8.035],[-0.866,5.026],[0.623,3.716],[-0.539,4.319],[6.313,11.877],[0.126,-0.074],[-0.919,-16.502],[-1.5,6.282],[5.363,3.78],[1.246,-1.446],[-2.787,-17.874],[0.19,0.697],[7.074,8.468],[0.76,-1.214],[-0.845,-5.153],[0.179,-1.499],[-0.876,5.997],[7.729,11.149],[-2.956,6.81],[-0.243,-0.602],[5.268,-4.593],[4.191,-8.288],[-0.496,-1.785],[5.1,0.042],[2.333,10.653],[-3.421,11.994],[-0.412,-2.914],[6.598,-5.501],[0.876,-5.363],[-0.834,-2.798],[13.757,6.525],[-0.58,5.955],[-0.042,-0.317],[2.46,-3.674],[0.401,0.411],[0.348,-0.274],[-1.488,-5.163],[2.164,-8.911],[-0.802,-4.339],[-4.16,-14.739],[-6.324,-7.971],[-5.564,-3.41],[-5.353,-5.733],[-4.92,-2.112],[-8.161,-1.436],[-8.172,1.911],[-3.896,0.971],[-1.932,1.9],[-0.148,3.22],[-1.457,6.736],[0,0],[4.35,-1.383],[1.341,-0.908],[0,0]],"o":[[0,0],[0,0],[0,0],[-4.708,3.727],[-0.628,-7.894],[4.35,1.563],[0,0],[0,0],[0,0],[0,0],[0,0],[0.591,-0.739],[3.537,-17.315],[-0.148,-0.634],[-3.242,2.586],[-11.308,0.518],[-1.066,-7.824],[2.418,-1.562],[-0.539,-4.381],[1.193,-4.033],[1.921,-15.119],[-12.353,-23.217],[-13.335,7.697],[0.295,5.269],[7.538,-31.568],[-13.356,-9.407],[-14.717,17.146],[2.376,15.246],[-4.012,-14.76],[-7.084,-8.467],[-11.551,18.403],[0.855,5.152],[-0.19,1.499],[0.876,-5.987],[-4.001,-5.776],[7.021,-16.206],[3.167,7.728],[-2.661,2.312],[-6.208,12.29],[0.496,1.784],[-5.099,-0.042],[-3.601,-16.407],[3.42,-11.994],[1.52,10.558],[-6.599,5.501],[-2.862,17.674],[0.823,2.798],[-13.757,-6.525],[2.471,-25.033],[4.582,30.681],[-12.596,18.814],[-9.101,-9.27],[-5.754,4.424],[2.292,7.908],[-2.829,7.633],[2.597,14.011],[4.275,15.15],[8.024,10.104],[11.212,6.873],[9.629,10.325],[7.38,3.167],[8.964,1.562],[3.389,-0.792],[2.777,-0.697],[2.091,-2.059],[0.232,-5.195],[0,0],[0.982,-4.466],[-1.235,0.39],[0,0],[0,0]],"v":[[68.547,125.118],[49.817,125.118],[34.941,125.118],[16.485,123.186],[-13.034,88.233],[-5.686,78.92],[10.025,80.145],[27.931,93.913],[44.729,95.063],[60.154,95.011],[74.196,93.638],[86.528,89.235],[87.721,86.691],[91.384,38.4],[90.92,35.971],[79.211,40.395],[57.81,20.514],[82.41,11.878],[86.76,-0.137],[85.018,-12.448],[87.531,-25.076],[74.038,-69.482],[70.406,-105.253],[66.774,-50.774],[58.486,-61.869],[48.086,-118.565],[36.662,-144.539],[43.926,-93.861],[38.214,-63.548],[20.572,-90.556],[16.423,-110.721],[17.975,-75.12],[16.423,-62.724],[11.756,-63.633],[7.089,-88.01],[6.055,-107.923],[2.423,-133.263],[-3.806,-111.862],[-15.747,-95.624],[-15.23,-68.975],[-19.897,-61.531],[-32.872,-88.676],[-24.563,-122.948],[-26.643,-148.677],[-38.056,-121.438],[-49.997,-98.422],[-41.688,-53.92],[-52.067,-47.986],[-54.147,-83.112],[-62.456,-118.228],[-71.282,-71.994],[-78.546,-36.594],[-84.258,-60.012],[-89.453,-36.964],[-89.801,-14.76],[-93.338,5.29],[-69.318,34.989],[-53.862,101.068],[-34.615,113.124],[-13.035,135.613],[6.667,152.401],[31.034,156.982],[57.672,162.43],[68.821,159.401],[74.406,156.169],[76.856,148.979],[79.97,130.386],[79.97,130.334],[72.411,123.24],[68.536,125.139],[68.547,125.118]]}],"t":94},{"o":{"x":0.333,"y":0},"i":{"x":0.667,"y":1},"s":[{"c":true,"i":[[0,0],[6.609,-4.677],[6.335,-4.128],[6.61,-5.226],[-1.326,29.418],[-5.564,-2.006],[-6.113,1.088],[-16.249,6.06],[-11.287,5.279],[-8.542,4.962],[-7.707,6.884],[-6.969,8.753],[-0.19,0.929],[2.756,11.36],[0.158,0.981],[4.434,-0.211],[1.562,11.402],[-12.437,8.035],[-0.866,5.026],[0.623,3.716],[-0.539,4.319],[6.313,11.877],[0.126,-0.074],[-0.919,-16.502],[-1.5,6.282],[5.363,3.78],[1.246,-1.446],[-2.787,-17.874],[0.19,0.697],[7.074,8.468],[0.76,-1.214],[-0.845,-5.153],[0.179,-1.499],[-0.876,5.997],[7.729,11.149],[-2.956,6.81],[-0.243,-0.602],[5.268,-4.593],[4.191,-8.288],[-0.496,-1.785],[5.1,0.042],[2.333,10.653],[-3.421,11.994],[-0.412,-2.914],[6.598,-5.501],[0.876,-5.363],[-0.834,-2.798],[13.757,6.525],[-0.58,5.955],[-0.042,-0.317],[2.46,-3.674],[0.401,0.411],[0.348,-0.274],[-1.488,-5.163],[2.164,-8.911],[-0.802,-4.339],[-4.16,-14.739],[-6.324,-7.971],[-5.564,-3.41],[-5.353,-5.733],[-4.92,-2.112],[-8.161,-1.436],[-8.172,1.911],[-3.896,0.971],[-1.932,1.9],[-0.148,3.22],[-1.457,6.736],[0,0],[4.35,-1.383],[1.341,-0.908],[0,0]],"o":[[0,0],[0,0],[0,0],[-4.708,3.727],[0.409,-9.079],[4.35,1.563],[0,0],[0,0],[0,0],[0,0],[0,0],[0.591,-0.739],[3.537,-17.315],[-0.148,-0.634],[-3.242,2.586],[-11.308,0.518],[-1.066,-7.824],[2.418,-1.562],[-0.539,-4.381],[1.193,-4.033],[1.921,-15.119],[-12.353,-23.217],[-13.335,7.697],[0.295,5.269],[7.538,-31.568],[-13.356,-9.407],[-14.717,17.146],[2.376,15.246],[-4.012,-14.76],[-7.084,-8.467],[-11.551,18.403],[0.855,5.152],[-0.19,1.499],[0.876,-5.987],[-4.001,-5.776],[7.021,-16.206],[3.167,7.728],[-2.661,2.312],[-6.208,12.29],[0.496,1.784],[-5.099,-0.042],[-3.601,-16.407],[3.42,-11.994],[1.52,10.558],[-6.599,5.501],[-2.862,17.674],[0.823,2.798],[-13.757,-6.525],[2.471,-25.033],[4.582,30.681],[-12.596,18.814],[-9.101,-9.27],[-5.754,4.424],[2.292,7.908],[-2.829,7.633],[2.597,14.011],[4.275,15.15],[8.024,10.104],[11.212,6.873],[9.629,10.325],[7.38,3.167],[8.964,1.562],[3.389,-0.792],[2.777,-0.697],[2.091,-2.059],[0.232,-5.195],[0,0],[0.982,-4.466],[-1.235,0.39],[0,0],[0,0]],"v":[[68.255,130.368],[49.525,130.368],[34.649,130.368],[16.193,128.436],[-13.034,88.233],[-5.686,78.92],[10.025,80.145],[27.931,93.913],[44.729,95.063],[60.154,95.011],[74.196,93.638],[86.528,89.235],[87.721,86.691],[91.384,38.4],[90.92,35.971],[79.211,40.395],[57.81,20.514],[82.41,11.878],[86.76,-0.137],[85.018,-12.448],[87.531,-25.076],[74.038,-69.482],[70.406,-105.253],[66.774,-50.774],[58.486,-61.869],[48.086,-118.565],[36.662,-144.539],[43.926,-93.861],[38.214,-63.548],[20.572,-90.556],[16.423,-110.721],[17.975,-75.12],[16.423,-62.724],[11.756,-63.633],[7.089,-88.01],[6.055,-107.923],[2.423,-133.263],[-3.806,-111.862],[-15.747,-95.624],[-15.23,-68.975],[-19.897,-61.531],[-32.872,-88.676],[-24.563,-122.948],[-26.643,-148.677],[-38.056,-121.438],[-49.997,-98.422],[-41.688,-53.92],[-52.067,-47.986],[-54.147,-83.112],[-62.456,-118.228],[-71.282,-71.994],[-78.546,-36.594],[-84.258,-60.012],[-89.453,-36.964],[-89.801,-14.76],[-93.338,5.29],[-69.318,34.989],[-54.154,106.318],[-34.907,118.374],[-13.327,140.863],[6.375,157.651],[30.742,162.232],[57.38,167.68],[68.529,164.651],[74.114,161.419],[76.564,154.229],[79.678,135.636],[79.678,135.584],[72.119,128.49],[68.244,130.389],[68.255,130.368]]}],"t":122},{"o":{"x":0.333,"y":0},"i":{"x":0.667,"y":1},"s":[{"c":true,"i":[[0,0],[6.609,-4.677],[6.335,-4.128],[6.61,-5.226],[1.909,25.371],[-5.564,-2.006],[-6.113,1.088],[-16.249,6.06],[-11.287,5.279],[-8.542,4.962],[-7.707,6.884],[-6.969,8.753],[-0.19,0.929],[2.756,11.36],[0.158,0.981],[4.434,-0.211],[1.562,11.402],[-12.437,8.035],[-0.866,5.026],[0.623,3.716],[-0.539,4.319],[6.313,11.877],[0.126,-0.074],[-0.919,-16.502],[-1.5,6.282],[5.363,3.78],[1.246,-1.446],[-2.787,-17.874],[0.19,0.697],[7.074,8.468],[0.76,-1.214],[-0.845,-5.153],[0.179,-1.499],[-0.876,5.997],[7.729,11.149],[-2.956,6.81],[-0.243,-0.602],[5.268,-4.593],[4.191,-8.288],[-0.496,-1.785],[5.1,0.042],[2.333,10.653],[-3.421,11.994],[-0.412,-2.914],[6.598,-5.501],[0.876,-5.363],[-0.834,-2.798],[13.757,6.525],[-0.58,5.955],[-0.042,-0.317],[2.46,-3.674],[0.401,0.411],[0.348,-0.274],[-1.488,-5.163],[2.164,-8.911],[-0.802,-4.339],[-4.16,-14.739],[-6.324,-7.971],[-5.564,-3.41],[-5.353,-5.733],[-4.92,-2.112],[-8.161,-1.436],[-8.172,1.911],[-3.896,0.971],[-1.932,1.9],[-0.148,3.22],[-1.457,6.736],[0,0],[4.35,-1.383],[1.341,-0.908],[0,0]],"o":[[0,0],[0,0],[0,0],[-4.708,3.727],[-0.628,-7.894],[4.35,1.563],[0,0],[0,0],[0,0],[0,0],[0,0],[0.591,-0.739],[3.537,-17.315],[-0.148,-0.634],[-3.242,2.586],[-11.308,0.518],[-1.066,-7.824],[2.418,-1.562],[-0.539,-4.381],[1.193,-4.033],[1.921,-15.119],[-12.353,-23.217],[-13.335,7.697],[0.295,5.269],[7.538,-31.568],[-13.356,-9.407],[-14.717,17.146],[2.376,15.246],[-4.012,-14.76],[-7.084,-8.467],[-11.551,18.403],[0.855,5.152],[-0.19,1.499],[0.876,-5.987],[-4.001,-5.776],[7.021,-16.206],[3.167,7.728],[-2.661,2.312],[-6.208,12.29],[0.496,1.784],[-5.099,-0.042],[-3.601,-16.407],[3.42,-11.994],[1.52,10.558],[-6.599,5.501],[-2.862,17.674],[0.823,2.798],[-13.757,-6.525],[2.471,-25.033],[4.582,30.681],[-12.596,18.814],[-9.101,-9.27],[-5.754,4.424],[2.292,7.908],[-2.829,7.633],[2.597,14.011],[4.275,15.15],[8.024,10.104],[11.212,6.873],[9.629,10.325],[7.38,3.167],[8.964,1.562],[3.389,-0.792],[2.777,-0.697],[2.091,-2.059],[0.232,-5.195],[0,0],[0.982,-4.466],[-1.235,0.39],[0,0],[0,0]],"v":[[68.547,125.118],[49.817,125.118],[34.941,125.118],[16.485,123.186],[-13.034,88.233],[-5.686,78.92],[10.025,80.145],[27.931,93.913],[44.729,95.063],[60.154,95.011],[74.196,93.638],[86.528,89.235],[87.721,86.691],[91.384,38.4],[90.92,35.971],[79.211,40.395],[57.81,20.514],[82.41,11.878],[86.76,-0.137],[85.018,-12.448],[87.531,-25.076],[74.038,-69.482],[70.406,-105.253],[66.774,-50.774],[58.486,-61.869],[48.086,-118.565],[36.662,-144.539],[43.926,-93.861],[38.214,-63.548],[20.572,-90.556],[16.423,-110.721],[17.975,-75.12],[16.423,-62.724],[11.756,-63.633],[7.089,-88.01],[6.055,-107.923],[2.423,-133.263],[-3.806,-111.862],[-15.747,-95.624],[-15.23,-68.975],[-19.897,-61.531],[-32.872,-88.676],[-24.563,-122.948],[-26.643,-148.677],[-38.056,-121.438],[-49.997,-98.422],[-41.688,-53.92],[-52.067,-47.986],[-54.147,-83.112],[-62.456,-118.228],[-71.282,-71.994],[-78.546,-36.594],[-84.258,-60.012],[-89.453,-36.964],[-89.801,-14.76],[-93.338,5.29],[-69.318,34.989],[-53.862,101.068],[-34.615,113.124],[-13.035,135.613],[6.667,152.401],[31.034,156.982],[57.672,162.43],[68.821,159.401],[74.406,156.169],[76.856,148.979],[79.97,130.386],[79.97,130.334],[72.411,123.24],[68.536,125.139],[68.547,125.118]]}],"t":150},{"s":[{"c":true,"i":[[0,0],[6.609,-4.677],[6.335,-4.128],[6.61,-5.226],[9.766,15.542],[-5.564,-2.006],[-6.113,1.088],[-16.249,6.06],[-11.287,5.279],[-8.542,4.962],[-7.707,6.884],[-6.969,8.753],[-0.19,0.929],[2.756,11.36],[0.158,0.981],[4.434,-0.211],[1.562,11.402],[-12.437,8.035],[-0.866,5.026],[0.623,3.716],[-0.539,4.319],[6.313,11.877],[0.126,-0.074],[-0.919,-16.502],[-1.5,6.282],[5.363,3.78],[1.246,-1.446],[-2.787,-17.874],[0.19,0.697],[7.074,8.468],[0.76,-1.214],[-0.845,-5.153],[0.179,-1.499],[-0.876,5.997],[7.729,11.149],[-2.956,6.81],[-0.243,-0.602],[5.268,-4.593],[4.191,-8.288],[-0.496,-1.785],[5.1,0.042],[2.333,10.653],[-3.421,11.994],[-0.412,-2.914],[6.598,-5.501],[0.876,-5.363],[-0.834,-2.798],[13.757,6.525],[-0.58,5.955],[-0.042,-0.317],[2.46,-3.674],[0.401,0.411],[0.348,-0.274],[-1.488,-5.163],[2.164,-8.911],[-0.802,-4.339],[-4.16,-14.739],[-6.324,-7.971],[-5.564,-3.41],[-5.353,-5.733],[-4.92,-2.112],[-8.161,-1.436],[-8.172,1.911],[-3.896,0.971],[-1.932,1.9],[-0.148,3.22],[-1.457,6.736],[0,0],[4.35,-1.383],[1.341,-0.908],[0,0]],"o":[[0,0],[0,0],[0,0],[-4.708,3.727],[-3.146,-5.015],[4.35,1.563],[0,0],[0,0],[0,0],[0,0],[0,0],[0.591,-0.739],[3.537,-17.315],[-0.148,-0.634],[-3.242,2.586],[-11.308,0.518],[-1.066,-7.824],[2.418,-1.562],[-0.539,-4.381],[1.193,-4.033],[1.921,-15.119],[-12.353,-23.217],[-13.335,7.697],[0.295,5.269],[7.538,-31.568],[-13.356,-9.407],[-14.717,17.146],[2.376,15.246],[-4.012,-14.76],[-7.084,-8.467],[-11.551,18.403],[0.855,5.152],[-0.19,1.499],[0.876,-5.987],[-4.001,-5.776],[7.021,-16.206],[3.167,7.728],[-2.661,2.312],[-6.208,12.29],[0.496,1.784],[-5.099,-0.042],[-3.601,-16.407],[3.42,-11.994],[1.52,10.558],[-6.599,5.501],[-2.862,17.674],[0.823,2.798],[-13.757,-6.525],[2.471,-25.033],[4.582,30.681],[-12.596,18.814],[-9.101,-9.27],[-5.754,4.424],[2.292,7.908],[-2.829,7.633],[2.597,14.011],[4.275,15.15],[8.024,10.104],[11.212,6.873],[9.629,10.325],[7.38,3.167],[8.964,1.562],[3.389,-0.792],[2.777,-0.697],[2.091,-2.059],[0.232,-5.195],[0,0],[0.982,-4.466],[-1.235,0.39],[0,0],[0,0]],"v":[[69.255,112.368],[50.525,112.368],[35.649,112.368],[17.193,110.436],[-13.034,88.232],[-5.686,78.921],[10.025,80.145],[27.931,93.913],[44.729,95.063],[60.154,95.011],[74.196,93.638],[86.528,89.235],[87.721,86.691],[91.384,38.399],[90.92,35.971],[79.211,40.395],[57.81,20.514],[82.41,11.878],[86.76,-0.137],[85.018,-12.448],[87.531,-25.076],[74.038,-69.482],[70.406,-105.253],[66.774,-50.773],[58.486,-61.87],[48.086,-118.565],[36.662,-144.539],[43.926,-93.861],[38.214,-63.548],[20.572,-90.556],[16.423,-110.721],[17.975,-75.12],[16.423,-62.724],[11.756,-63.633],[7.089,-88.01],[6.055,-107.923],[2.423,-133.263],[-3.806,-111.862],[-15.747,-95.624],[-15.23,-68.974],[-19.897,-61.532],[-32.872,-88.676],[-24.563,-122.948],[-26.643,-148.677],[-38.056,-121.438],[-49.997,-98.422],[-41.688,-53.92],[-52.067,-47.986],[-54.147,-83.112],[-62.456,-118.228],[-71.282,-71.995],[-78.546,-36.594],[-84.258,-60.012],[-89.453,-36.964],[-89.801,-14.76],[-93.338,5.29],[-69.318,34.99],[-53.154,88.318],[-33.907,100.374],[-12.327,122.863],[7.375,139.651],[31.742,144.232],[58.38,149.68],[69.529,146.651],[75.114,143.419],[77.564,136.229],[80.678,117.636],[80.678,117.584],[73.119,110.49],[69.244,112.389],[69.255,112.368]]}],"t":183}],"ix":2}},{"ty":"tr","a":{"a":0,"k":[0,0],"ix":2},"s":{"a":0,"k":[100,100],"ix":2},"sk":{"a":0,"k":0,"ix":2},"p":{"a":0,"k":[0,0],"ix":2},"r":{"a":0,"k":0,"ix":2},"sa":{"a":0,"k":0,"ix":2},"o":{"a":0,"k":100,"ix":2}}]},{"ty":"st","bm":0,"hd":false,"nm":"","lc":2,"lj":2,"ml":4,"o":{"a":0,"k":100,"ix":2},"w":{"a":0,"k":5,"ix":2},"c":{"a":0,"k":[0.7608,0.7804,0.949],"ix":2}},{"ty":"gf","bm":0,"hd":false,"nm":"","e":{"a":0,"k":[55.320457458496094,136.30458068847656],"ix":2},"g":{"p":2,"k":{"a":0,"k":[0,1,1,1,1,0.9490196078431372,0.9254901960784314,0.9254901960784314,0,1,1,0.9999400813405107],"ix":2}},"t":1,"a":{"a":0,"k":0},"h":{"a":0,"k":0},"s":{"a":0,"k":[-50,0],"ix":2},"r":1,"o":{"a":0,"k":100,"ix":2}},{"ty":"tr","a":{"a":0,"k":[0,0],"ix":2},"s":{"a":0,"k":[100,100],"ix":2},"sk":{"a":0,"k":0,"ix":2},"p":{"a":0,"k":[253.11,173.85],"ix":2},"r":{"a":0,"k":0,"ix":2},"sa":{"a":0,"k":0,"ix":2},"o":{"a":0,"k":100,"ix":2}}]}],"ind":7}],"v":"5.7.5","fr":100,"op":200,"ip":0,"assets":[]}