{"nm":"Comp 1","ddd":0,"h":369,"w":520,"meta":{"g":"@lottiefiles/toolkit-js 0.33.2"},"layers":[{"ty":4,"nm":"Ð¨Ð°Ñ 2 Outlines","sr":1,"st":0,"op":201,"ip":0,"hd":false,"ddd":0,"bm":0,"hasMask":false,"ao":0,"ks":{"a":{"a":0,"k":[80.04400253295898,79.0440034866333],"ix":2},"s":{"a":0,"k":[100,100],"ix":2},"sk":{"a":0,"k":0,"ix":2},"p":{"a":0,"k":[87.54400634765625,86.04400634765625],"ix":2},"r":{"a":0,"k":0,"ix":2},"sa":{"a":0,"k":0,"ix":2},"o":{"a":0,"k":100,"ix":2}},"ef":[],"shapes":[{"ty":"gr","bm":0,"hd":false,"nm":"Path","it":[{"ty":"sh","bm":0,"hd":false,"nm":"","d":1,"ks":{"a":0,"k":{"c":false,"i":[[0,0],[0,0]],"o":[[0,0],[0,0]],"v":[[79.544,17.544],[79.544,44.544]]}}},{"ty":"st","bm":0,"hd":false,"nm":"","lc":2,"lj":1,"ml":4,"o":{"a":0,"k":100,"ix":2},"w":{"a":0,"k":5,"ix":2},"c":{"a":0,"k":[0.7333,1,0],"ix":2}},{"ty":"tm","bm":0,"hd":false,"nm":"","e":{"a":1,"k":[{"o":{"x":0.167,"y":0.167},"i":{"x":0.833,"y":0.833},"s":[100],"t":17},{"s":[0],"t":38}],"ix":2},"o":{"a":0,"k":0,"ix":2},"s":{"a":1,"k":[{"o":{"x":0.167,"y":0.167},"i":{"x":0.833,"y":0.833},"s":[100],"t":0},{"s":[0],"t":17}],"ix":2},"m":1},{"ty":"tr","a":{"a":0,"k":[79.544,31.044],"ix":2},"s":{"a":0,"k":[100,100],"ix":2},"sk":{"a":0,"k":0,"ix":2},"p":{"a":0,"k":[79.54399871826172,31.04400062561035],"ix":2},"r":{"a":0,"k":0,"ix":2},"sa":{"a":0,"k":0,"ix":2},"o":{"a":0,"k":100,"ix":2}}]},{"ty":"gr","bm":0,"hd":false,"nm":"Path","it":[{"ty":"sh","bm":0,"hd":false,"nm":"","d":1,"ks":{"a":0,"k":{"c":false,"i":[[0,0],[0,0]],"o":[[0,0],[0,0]],"v":[[79.544,140.544],[79.544,113.544]]}}},{"ty":"st","bm":0,"hd":false,"nm":"","lc":2,"lj":1,"ml":4,"o":{"a":0,"k":100,"ix":2},"w":{"a":0,"k":5,"ix":2},"c":{"a":0,"k":[0.7333,1,0],"ix":2}},{"ty":"tm","bm":0,"hd":false,"nm":"","e":{"a":1,"k":[{"o":{"x":0.167,"y":0.167},"i":{"x":0.833,"y":0.833},"s":[100],"t":17},{"s":[0],"t":38}],"ix":2},"o":{"a":0,"k":0,"ix":2},"s":{"a":1,"k":[{"o":{"x":0.167,"y":0.167},"i":{"x":0.833,"y":0.833},"s":[100],"t":0},{"s":[0],"t":17}],"ix":2},"m":1},{"ty":"tr","a":{"a":0,"k":[79.544,127.044],"ix":2},"s":{"a":0,"k":[100,100],"ix":2},"sk":{"a":0,"k":0,"ix":2},"p":{"a":0,"k":[79.54399871826172,127.0439987182617],"ix":2},"r":{"a":0,"k":0,"ix":2},"sa":{"a":0,"k":0,"ix":2},"o":{"a":0,"k":100,"ix":2}}]},{"ty":"gr","bm":0,"hd":false,"nm":"Path","it":[{"ty":"sh","bm":0,"hd":false,"nm":"","d":1,"ks":{"a":0,"k":{"c":false,"i":[[0,0],[0,0]],"o":[[0,0],[0,0]],"v":[[18.544,78.544],[45.544,78.544]]}}},{"ty":"st","bm":0,"hd":false,"nm":"","lc":2,"lj":1,"ml":4,"o":{"a":0,"k":100,"ix":2},"w":{"a":0,"k":5,"ix":2},"c":{"a":0,"k":[0.7333,1,0],"ix":2}},{"ty":"tm","bm":0,"hd":false,"nm":"","e":{"a":1,"k":[{"o":{"x":0.167,"y":0.167},"i":{"x":0.833,"y":0.833},"s":[100],"t":17},{"s":[0],"t":38}],"ix":2},"o":{"a":0,"k":0,"ix":2},"s":{"a":1,"k":[{"o":{"x":0.167,"y":0.167},"i":{"x":0.833,"y":0.833},"s":[100],"t":0},{"s":[0],"t":17}],"ix":2},"m":1},{"ty":"tr","a":{"a":0,"k":[32.044,78.544],"ix":2},"s":{"a":0,"k":[100,100],"ix":2},"sk":{"a":0,"k":0,"ix":2},"p":{"a":0,"k":[32.04399871826172,78.54399871826172],"ix":2},"r":{"a":0,"k":0,"ix":2},"sa":{"a":0,"k":0,"ix":2},"o":{"a":0,"k":100,"ix":2}}]},{"ty":"gr","bm":0,"hd":false,"nm":"Path","it":[{"ty":"sh","bm":0,"hd":false,"nm":"","d":1,"ks":{"a":0,"k":{"c":false,"i":[[0,0],[0,0]],"o":[[0,0],[0,0]],"v":[[141.544,78.544],[114.544,78.544]]}}},{"ty":"st","bm":0,"hd":false,"nm":"","lc":2,"lj":1,"ml":4,"o":{"a":0,"k":100,"ix":2},"w":{"a":0,"k":5,"ix":2},"c":{"a":0,"k":[0.7333,1,0],"ix":2}},{"ty":"tm","bm":0,"hd":false,"nm":"","e":{"a":1,"k":[{"o":{"x":0.167,"y":0.167},"i":{"x":0.833,"y":0.833},"s":[100],"t":17},{"s":[0],"t":38}],"ix":2},"o":{"a":0,"k":0,"ix":2},"s":{"a":1,"k":[{"o":{"x":0.167,"y":0.167},"i":{"x":0.833,"y":0.833},"s":[100],"t":0},{"s":[0],"t":17}],"ix":2},"m":1},{"ty":"tr","a":{"a":0,"k":[128.044,78.544],"ix":2},"s":{"a":0,"k":[100,100],"ix":2},"sk":{"a":0,"k":0,"ix":2},"p":{"a":0,"k":[128.0440063476562,78.54399871826172],"ix":2},"r":{"a":0,"k":0,"ix":2},"sa":{"a":0,"k":0,"ix":2},"o":{"a":0,"k":100,"ix":2}}]},{"ty":"gr","bm":0,"hd":false,"nm":"Path","it":[{"ty":"sh","bm":0,"hd":false,"nm":"","d":1,"ks":{"a":0,"k":{"c":false,"i":[[0,0],[0,0]],"o":[[0,0],[0,0]],"v":[[-6.5,-6.5],[6.5,6.5]]}}},{"ty":"st","bm":0,"hd":false,"nm":"","lc":2,"lj":1,"ml":4,"o":{"a":0,"k":100,"ix":2},"w":{"a":0,"k":5,"ix":2},"c":{"a":0,"k":[0.7333,1,0],"ix":2}},{"ty":"tm","bm":0,"hd":false,"nm":"","e":{"a":1,"k":[{"o":{"x":0.167,"y":0.167},"i":{"x":0.833,"y":0.833},"s":[100],"t":17},{"s":[0],"t":38}],"ix":2},"o":{"a":0,"k":0,"ix":2},"s":{"a":1,"k":[{"o":{"x":0.167,"y":0.167},"i":{"x":0.833,"y":0.833},"s":[100],"t":0},{"s":[0],"t":17}],"ix":2},"m":1},{"ty":"tr","a":{"a":0,"k":[0,0],"ix":2},"s":{"a":0,"k":[100,100],"ix":2},"sk":{"a":0,"k":0,"ix":2},"p":{"a":0,"k":[57.04299926757812,58.04399871826172],"ix":2},"r":{"a":0,"k":0,"ix":2},"sa":{"a":0,"k":0,"ix":2},"o":{"a":0,"k":100,"ix":2}}]},{"ty":"gr","bm":0,"hd":false,"nm":"Path","it":[{"ty":"sh","bm":0,"hd":false,"nm":"","d":1,"ks":{"a":0,"k":{"c":false,"i":[[0,0],[0,0]],"o":[[0,0],[0,0]],"v":[[6.5,6.5],[-6.5,-6.5]]}}},{"ty":"st","bm":0,"hd":false,"nm":"","lc":2,"lj":1,"ml":4,"o":{"a":0,"k":100,"ix":2},"w":{"a":0,"k":5,"ix":2},"c":{"a":0,"k":[0.7333,1,0],"ix":2}},{"ty":"tm","bm":0,"hd":false,"nm":"","e":{"a":1,"k":[{"o":{"x":0.167,"y":0.167},"i":{"x":0.833,"y":0.833},"s":[100],"t":17},{"s":[0],"t":38}],"ix":2},"o":{"a":0,"k":0,"ix":2},"s":{"a":1,"k":[{"o":{"x":0.167,"y":0.167},"i":{"x":0.833,"y":0.833},"s":[100],"t":0},{"s":[0],"t":17}],"ix":2},"m":1},{"ty":"tr","a":{"a":0,"k":[0,0],"ix":2},"s":{"a":0,"k":[100,100],"ix":2},"sk":{"a":0,"k":0,"ix":2},"p":{"a":0,"k":[103.0439987182617,104.0439987182617],"ix":2},"r":{"a":0,"k":0,"ix":2},"sa":{"a":0,"k":0,"ix":2},"o":{"a":0,"k":100,"ix":2}}]},{"ty":"gr","bm":0,"hd":false,"nm":"Path","it":[{"ty":"sh","bm":0,"hd":false,"nm":"","d":1,"ks":{"a":0,"k":{"c":false,"i":[[0,0],[0,0]],"o":[[0,0],[0,0]],"v":[[-6.5,6.5],[6.5,-6.5]]}}},{"ty":"st","bm":0,"hd":false,"nm":"","lc":2,"lj":1,"ml":4,"o":{"a":0,"k":100,"ix":2},"w":{"a":0,"k":5,"ix":2},"c":{"a":0,"k":[0.7333,1,0],"ix":2}},{"ty":"tm","bm":0,"hd":false,"nm":"","e":{"a":1,"k":[{"o":{"x":0.167,"y":0.167},"i":{"x":0.833,"y":0.833},"s":[100],"t":17},{"s":[0],"t":38}],"ix":2},"o":{"a":0,"k":0,"ix":2},"s":{"a":1,"k":[{"o":{"x":0.167,"y":0.167},"i":{"x":0.833,"y":0.833},"s":[100],"t":0},{"s":[0],"t":17}],"ix":2},"m":1},{"ty":"tr","a":{"a":0,"k":[0,0],"ix":2},"s":{"a":0,"k":[100,100],"ix":2},"sk":{"a":0,"k":0,"ix":2},"p":{"a":0,"k":[57.04299926757812,104.0439987182617],"ix":2},"r":{"a":0,"k":0,"ix":2},"sa":{"a":0,"k":0,"ix":2},"o":{"a":0,"k":100,"ix":2}}]},{"ty":"gr","bm":0,"hd":false,"nm":"Path","it":[{"ty":"sh","bm":0,"hd":false,"nm":"","d":1,"ks":{"a":0,"k":{"c":false,"i":[[0,0],[0,0]],"o":[[0,0],[0,0]],"v":[[6.5,-6.5],[-6.5,6.5]]}}},{"ty":"st","bm":0,"hd":false,"nm":"","lc":2,"lj":1,"ml":4,"o":{"a":0,"k":100,"ix":2},"w":{"a":0,"k":5,"ix":2},"c":{"a":0,"k":[0.7333,1,0],"ix":2}},{"ty":"tm","bm":0,"hd":false,"nm":"","e":{"a":1,"k":[{"o":{"x":0.167,"y":0.167},"i":{"x":0.833,"y":0.833},"s":[100],"t":17},{"s":[0],"t":38}],"ix":2},"o":{"a":0,"k":0,"ix":2},"s":{"a":1,"k":[{"o":{"x":0.167,"y":0.167},"i":{"x":0.833,"y":0.833},"s":[100],"t":0},{"s":[0],"t":17}],"ix":2},"m":1},{"ty":"tr","a":{"a":0,"k":[0,0],"ix":2},"s":{"a":0,"k":[100,100],"ix":2},"sk":{"a":0,"k":0,"ix":2},"p":{"a":0,"k":[103.0439987182617,58.04399871826172],"ix":2},"r":{"a":0,"k":0,"ix":2},"sa":{"a":0,"k":0,"ix":2},"o":{"a":0,"k":100,"ix":2}}]}],"ind":1},{"ty":4,"nm":"Ð¨Ð°Ñ 4 Outlines","sr":1,"st":0,"op":201,"ip":0,"hd":false,"ddd":0,"bm":0,"hasMask":false,"ao":0,"ks":{"a":{"a":0,"k":[260,184.078],"ix":2},"s":{"a":0,"k":[100,100],"ix":2},"sk":{"a":0,"k":0,"ix":2},"p":{"a":1,"k":[{"o":{"x":0.333,"y":0},"i":{"x":0.667,"y":1},"s":[260,184.078],"t":0,"ti":[0,0],"to":[0,1.333]},{"o":{"x":0.167,"y":0},"i":{"x":0.667,"y":1},"s":[260,192.078],"t":100,"ti":[0,1.333],"to":[0,0]},{"s":[260,184.078],"t":200}],"ix":2},"r":{"a":0,"k":0,"ix":2},"sa":{"a":0,"k":0,"ix":2},"o":{"a":0,"k":100,"ix":2}},"ef":[],"shapes":[{"ty":"gr","bm":0,"hd":false,"nm":"Path","it":[{"ty":"sh","bm":0,"hd":false,"nm":"","d":1,"ks":{"a":0,"k":{"c":true,"i":[[0,0],[0,0],[0,0],[0,0],[0,0],[0,0],[0,0],[0,0],[0,0]],"o":[[0,0],[0,0],[0,0],[0,0],[0,0],[0,0],[0,0],[0,0],[0,0]],"v":[[3.43,-3.43],[16.16,0],[3.43,3.43],[0,16.16],[-3.43,3.43],[-16.16,0],[-3.43,-3.43],[0,-16.16],[3.43,-3.43]]}}},{"ty":"st","bm":0,"hd":false,"nm":"","lc":2,"lj":2,"ml":4,"o":{"a":0,"k":100,"ix":2},"w":{"a":0,"k":5,"ix":2},"c":{"a":0,"k":[0.7333,1,0],"ix":2}},{"ty":"fl","bm":0,"hd":false,"nm":"","c":{"a":0,"k":[0.7333,1,0],"ix":2},"r":1,"o":{"a":0,"k":100,"ix":2}},{"ty":"tr","a":{"a":0,"k":[0,0],"ix":2},"s":{"a":0,"k":[100,100],"ix":2},"sk":{"a":0,"k":0,"ix":2},"p":{"a":0,"k":[77.35299682617188,168.3780059814453],"ix":2},"r":{"a":0,"k":0,"ix":2},"sa":{"a":0,"k":0,"ix":2},"o":{"a":0,"k":100,"ix":2}}]},{"ty":"gr","bm":0,"hd":false,"nm":"Path","it":[{"ty":"sh","bm":0,"hd":false,"nm":"","d":1,"ks":{"a":0,"k":{"c":true,"i":[[0,0],[0,0],[0,0],[0,0],[0,0],[0,0],[0,0],[0,0],[0,0]],"o":[[0,0],[0,0],[0,0],[0,0],[0,0],[0,0],[0,0],[0,0],[0,0]],"v":[[3.43,-3.43],[16.16,0],[3.43,3.43],[0,16.16],[-3.43,3.43],[-16.16,0],[-3.43,-3.43],[0,-16.16],[3.43,-3.43]]}}},{"ty":"st","bm":0,"hd":false,"nm":"","lc":2,"lj":2,"ml":4,"o":{"a":0,"k":100,"ix":2},"w":{"a":0,"k":5,"ix":2},"c":{"a":0,"k":[0.7333,1,0],"ix":2}},{"ty":"fl","bm":0,"hd":false,"nm":"","c":{"a":0,"k":[0.7333,1,0],"ix":2},"r":1,"o":{"a":0,"k":100,"ix":2}},{"ty":"tr","a":{"a":0,"k":[0,0],"ix":2},"s":{"a":0,"k":[100,100],"ix":2},"sk":{"a":0,"k":0,"ix":2},"p":{"a":0,"k":[454.3609924316406,168.3780059814453],"ix":2},"r":{"a":0,"k":0,"ix":2},"sa":{"a":0,"k":0,"ix":2},"o":{"a":0,"k":100,"ix":2}}]},{"ty":"gr","bm":0,"hd":false,"nm":"Path","it":[{"ty":"sh","bm":0,"hd":false,"nm":"","d":1,"ks":{"a":0,"k":{"c":true,"i":[[0,0],[0,0],[0,0],[0,0],[0,0],[0,0],[0,0],[0,0],[0,0]],"o":[[0,0],[0,0],[0,0],[0,0],[0,0],[0,0],[0,0],[0,0],[0,0]],"v":[[3.43,-3.43],[16.16,0],[3.43,3.43],[0,16.16],[-3.43,3.43],[-16.16,0],[-3.43,-3.43],[0,-16.16],[3.43,-3.43]]}}},{"ty":"st","bm":0,"hd":false,"nm":"","lc":2,"lj":2,"ml":4,"o":{"a":0,"k":100,"ix":2},"w":{"a":0,"k":5,"ix":2},"c":{"a":0,"k":[0.7333,1,0],"ix":2}},{"ty":"fl","bm":0,"hd":false,"nm":"","c":{"a":0,"k":[0.7333,1,0],"ix":2},"r":1,"o":{"a":0,"k":100,"ix":2}},{"ty":"tr","a":{"a":0,"k":[0,0],"ix":2},"s":{"a":0,"k":[100,100],"ix":2},"sk":{"a":0,"k":0,"ix":2},"p":{"a":0,"k":[312.5719909667969,43.6879997253418],"ix":2},"r":{"a":0,"k":0,"ix":2},"sa":{"a":0,"k":0,"ix":2},"o":{"a":0,"k":100,"ix":2}}]}],"ind":2},{"ty":4,"nm":"Ð¨Ð°Ñ 5 Outlines","sr":1,"st":0,"op":201,"ip":0,"hd":false,"ddd":0,"bm":0,"hasMask":false,"ao":0,"ks":{"a":{"a":0,"k":[413,68.078],"ix":2},"s":{"a":0,"k":[100,100],"ix":2},"sk":{"a":0,"k":0,"ix":2},"p":{"a":0,"k":[413,68.078],"ix":2},"r":{"a":1,"k":[{"o":{"x":0.333,"y":0},"i":{"x":0.833,"y":1},"s":[0],"t":0},{"o":{"x":0.167,"y":0},"i":{"x":0.667,"y":1},"s":[-7],"t":100},{"s":[0],"t":200}],"ix":2},"sa":{"a":0,"k":0,"ix":2},"o":{"a":0,"k":100,"ix":2}},"ef":[],"shapes":[{"ty":"gr","bm":0,"hd":false,"nm":"Path","it":[{"ty":"sh","bm":0,"hd":false,"nm":"","d":1,"ks":{"a":0,"k":{"c":false,"i":[[0,0],[32.77,-8.51],[1.09,4.2]],"o":[[1.09,4.2],[-32.77,8.51],[0,0]],"v":[[58.79,-17.505],[1.43,5.505],[-59.88,13.305]]}}},{"ty":"st","bm":0,"hd":false,"nm":"","lc":2,"lj":2,"ml":4,"o":{"a":0,"k":100,"ix":2},"w":{"a":0,"k":5,"ix":2},"c":{"a":0,"k":[0.1922,0.8,0.0196],"ix":2}},{"ty":"tr","a":{"a":0,"k":[-0.5282728589405679,-1.2104652811806],"ix":2},"s":{"a":0,"k":[100,100],"ix":2},"sk":{"a":0,"k":0,"ix":2},"p":{"a":0,"k":[413.7947387695312,67.81253814697266],"ix":2},"r":{"a":0,"k":0,"ix":2},"sa":{"a":0,"k":0,"ix":2},"o":{"a":0,"k":100,"ix":2}}]},{"ty":"gr","bm":0,"hd":false,"nm":"Path","it":[{"ty":"sh","bm":0,"hd":false,"nm":"","d":1,"ks":{"a":0,"k":{"c":true,"i":[[0,0],[0,15.127],[15.127,0],[0,-15.127],[-15.127,0]],"o":[[15.127,0],[0,-15.127],[-15.127,0],[0,15.127],[0,0]],"v":[[0,27.39],[27.39,0],[0,-27.39],[-27.39,0],[0,27.39]]}}},{"ty":"gs","bm":0,"hd":false,"nm":"","e":{"a":0,"k":[50,0],"ix":2},"g":{"p":2,"k":{"a":0,"k":[0,0.19215686274509805,0.8,0.0196078431372549,1,0.7333333333333333,1,0,0,1,1,0.9999400813405107],"ix":2}},"t":1,"a":{"a":0,"k":0},"h":{"a":0,"k":0},"s":{"a":0,"k":[-50,0],"ix":2},"lc":2,"lj":2,"ml":4,"o":{"a":0,"k":100,"ix":2},"w":{"a":0,"k":5,"ix":2}},{"ty":"fl","bm":0,"hd":false,"nm":"","c":{"a":0,"k":[0.7333,1,0],"ix":2},"r":1,"o":{"a":0,"k":100,"ix":2}},{"ty":"tr","a":{"a":0,"k":[0,0],"ix":2},"s":{"a":0,"k":[100,100],"ix":2},"sk":{"a":0,"k":0,"ix":2},"p":{"a":0,"k":[413.7860107421875,66.91799926757812],"ix":2},"r":{"a":0,"k":0,"ix":2},"sa":{"a":0,"k":0,"ix":2},"o":{"a":0,"k":100,"ix":2}}]},{"ty":"gr","bm":0,"hd":false,"nm":"Path","it":[{"ty":"sh","bm":0,"hd":false,"nm":"","d":1,"ks":{"a":0,"k":{"c":false,"i":[[0,0],[-32.77,8.51],[-1.09,-4.2]],"o":[[-1.09,-4.2],[32.77,-8.51],[0,0]],"v":[[-58.79,17.505],[-1.43,-5.505],[59.88,-13.305]]}}},{"ty":"st","bm":0,"hd":false,"nm":"","lc":2,"lj":2,"ml":4,"o":{"a":0,"k":100,"ix":2},"w":{"a":0,"k":5,"ix":2},"c":{"a":0,"k":[0.1922,0.8,0.0196],"ix":2}},{"ty":"tr","a":{"a":0,"k":[0.5282728589405679,1.210465281180598],"ix":2},"s":{"a":0,"k":[100,100],"ix":2},"sk":{"a":0,"k":0,"ix":2},"p":{"a":0,"k":[413.7632446289062,66.02346801757812],"ix":2},"r":{"a":0,"k":0,"ix":2},"sa":{"a":0,"k":0,"ix":2},"o":{"a":0,"k":100,"ix":2}}]}],"ind":3},{"ty":4,"nm":"Ð¨Ð°Ñ 8 Outlines","sr":1,"st":0,"op":201,"ip":0,"hd":false,"ddd":0,"bm":0,"hasMask":false,"ao":0,"ks":{"a":{"a":0,"k":[285,258.078],"ix":2},"s":{"a":0,"k":[100,100],"ix":2},"sk":{"a":0,"k":0,"ix":2},"p":{"a":0,"k":[285,258.078],"ix":2},"r":{"a":1,"k":[{"o":{"x":0.187,"y":0},"i":{"x":0.563,"y":1},"s":[0],"t":17},{"o":{"x":0.319,"y":0},"i":{"x":0.681,"y":1.123},"s":[-3],"t":67},{"o":{"x":0.437,"y":0.254},"i":{"x":0.813,"y":1},"s":[3],"t":133},{"s":[0],"t":183}],"ix":2},"sa":{"a":0,"k":0,"ix":2},"o":{"a":0,"k":100,"ix":2}},"ef":[],"shapes":[{"ty":"gr","bm":0,"hd":false,"nm":"Ð¨Ð°Ñ 6 Outlines","it":[{"ty":"gr","bm":0,"hd":false,"nm":"Path","it":[{"ty":"sh","bm":0,"hd":false,"nm":"","d":1,"ks":{"a":0,"k":{"c":false,"i":[[0,0],[0,0]],"o":[[0,0],[0,0]],"v":[[-15.018,-8.935],[15.018,8.934]]}}},{"ty":"gs","bm":0,"hd":false,"nm":"","e":{"a":0,"k":[-15.3460054397583,0.6037838459014893],"ix":2},"g":{"p":2,"k":{"a":0,"k":[0,0.19215686274509805,0.8,0.0196078431372549,1,0.7333333333333333,1,0,0,1,1,0.9999400813405107],"ix":2}},"t":1,"a":{"a":0,"k":0},"h":{"a":0,"k":0},"s":{"a":0,"k":[15.72054672241211,8.906341552734375],"ix":2},"lc":2,"lj":2,"ml":4,"o":{"a":0,"k":100,"ix":2},"w":{"a":0,"k":5,"ix":2}},{"ty":"tm","bm":0,"hd":false,"nm":"","e":{"a":1,"k":[{"o":{"x":0.167,"y":0.167},"i":{"x":0.833,"y":0.833},"s":[0],"t":0},{"o":{"x":0.167,"y":0.167},"i":{"x":0.833,"y":0.833},"s":[100],"t":33},{"o":{"x":0.167,"y":0.167},"i":{"x":0.833,"y":0.833},"s":[100],"t":67},{"o":{"x":0.167,"y":0.167},"i":{"x":0.833,"y":0.833},"s":[0],"t":117},{"s":[100],"t":150}],"ix":2},"o":{"a":0,"k":0,"ix":2},"s":{"a":1,"k":[{"o":{"x":0.167,"y":0.167},"i":{"x":0.833,"y":0.833},"s":[0],"t":0},{"o":{"x":0.167,"y":0.167},"i":{"x":0.833,"y":0.833},"s":[0],"t":33},{"o":{"x":0.167,"y":0.167},"i":{"x":0.833,"y":0.833},"s":[100],"t":67},{"o":{"x":0.167,"y":0.167},"i":{"x":0.833,"y":0.833},"s":[0],"t":117},{"o":{"x":0.167,"y":0.167},"i":{"x":0.833,"y":0.833},"s":[0],"t":150},{"s":[100],"t":183}],"ix":2},"m":1},{"ty":"tr","a":{"a":0,"k":[0,-0.0005000000000006111],"ix":2},"s":{"a":0,"k":[100,100],"ix":2},"sk":{"a":0,"k":0,"ix":2},"p":{"a":0,"k":[430.343994140625,219.1324920654297],"ix":2},"r":{"a":0,"k":0,"ix":2},"sa":{"a":0,"k":0,"ix":2},"o":{"a":0,"k":100,"ix":2}}]},{"ty":"gr","bm":0,"hd":false,"nm":"Path","it":[{"ty":"sh","bm":0,"hd":false,"nm":"","d":1,"ks":{"a":0,"k":{"c":false,"i":[[0,0],[0,0]],"o":[[0,0],[0,0]],"v":[[-11.936,-12.533],[11.936,12.533]]}}},{"ty":"gs","bm":0,"hd":false,"nm":"","e":{"a":0,"k":[-6.808396816253662,-11.794916152954102],"ix":2},"g":{"p":2,"k":{"a":0,"k":[0,0.19215686274509805,0.8,0.0196078431372549,1,0.7333333333333333,1,0,0,1,1,0.9999400813405107],"ix":2}},"t":1,"a":{"a":0,"k":0},"h":{"a":0,"k":0},"s":{"a":0,"k":[1.119820475578308,28.43840980529785],"ix":2},"lc":2,"lj":2,"ml":4,"o":{"a":0,"k":100,"ix":2},"w":{"a":0,"k":5,"ix":2}},{"ty":"tm","bm":0,"hd":false,"nm":"","e":{"a":1,"k":[{"o":{"x":0.167,"y":0.167},"i":{"x":0.833,"y":0.833},"s":[0],"t":0},{"o":{"x":0.167,"y":0.167},"i":{"x":0.833,"y":0.833},"s":[100],"t":33},{"o":{"x":0.167,"y":0.167},"i":{"x":0.833,"y":0.833},"s":[100],"t":67},{"o":{"x":0.167,"y":0.167},"i":{"x":0.833,"y":0.833},"s":[0],"t":117},{"s":[100],"t":150}],"ix":2},"o":{"a":0,"k":0,"ix":2},"s":{"a":1,"k":[{"o":{"x":0.167,"y":0.167},"i":{"x":0.833,"y":0.833},"s":[0],"t":0},{"o":{"x":0.167,"y":0.167},"i":{"x":0.833,"y":0.833},"s":[0],"t":33},{"o":{"x":0.167,"y":0.167},"i":{"x":0.833,"y":0.833},"s":[100],"t":67},{"o":{"x":0.167,"y":0.167},"i":{"x":0.833,"y":0.833},"s":[0],"t":117},{"o":{"x":0.167,"y":0.167},"i":{"x":0.833,"y":0.833},"s":[0],"t":150},{"s":[100],"t":183}],"ix":2},"m":1},{"ty":"tr","a":{"a":0,"k":[0,0],"ix":2},"s":{"a":0,"k":[100,100],"ix":2},"sk":{"a":0,"k":0,"ix":2},"p":{"a":0,"k":[386.8869934082031,254.5639953613281],"ix":2},"r":{"a":0,"k":0,"ix":2},"sa":{"a":0,"k":0,"ix":2},"o":{"a":0,"k":100,"ix":2}}]},{"ty":"gr","bm":0,"hd":false,"nm":"Path","it":[{"ty":"sh","bm":0,"hd":false,"nm":"","d":1,"ks":{"a":0,"k":{"c":false,"i":[[0,0],[0,0]],"o":[[0,0],[0,0]],"v":[[-9.128,-14.599],[9.128,14.599]]}}},{"ty":"gs","bm":0,"hd":false,"nm":"","e":{"a":0,"k":[-8.562989234924316,-2.1672792434692383],"ix":2},"g":{"p":2,"k":{"a":0,"k":[0,0.19215686274509805,0.8,0.0196078431372549,1,0.7333333333333333,1,0,0,1,1,0.9999400813405107],"ix":2}},"t":1,"a":{"a":0,"k":0},"h":{"a":0,"k":0},"s":{"a":0,"k":[-0.3929416239261627,-8.645401000976562],"ix":2},"lc":2,"lj":2,"ml":4,"o":{"a":0,"k":100,"ix":2},"w":{"a":0,"k":5,"ix":2}},{"ty":"tm","bm":0,"hd":false,"nm":"","e":{"a":1,"k":[{"o":{"x":0.167,"y":0.167},"i":{"x":0.833,"y":0.833},"s":[0],"t":0},{"o":{"x":0.167,"y":0.167},"i":{"x":0.833,"y":0.833},"s":[100],"t":33},{"o":{"x":0.167,"y":0.167},"i":{"x":0.833,"y":0.833},"s":[100],"t":67},{"o":{"x":0.167,"y":0.167},"i":{"x":0.833,"y":0.833},"s":[0],"t":117},{"s":[100],"t":150}],"ix":2},"o":{"a":0,"k":0,"ix":2},"s":{"a":1,"k":[{"o":{"x":0.167,"y":0.167},"i":{"x":0.833,"y":0.833},"s":[0],"t":0},{"o":{"x":0.167,"y":0.167},"i":{"x":0.833,"y":0.833},"s":[0],"t":33},{"o":{"x":0.167,"y":0.167},"i":{"x":0.833,"y":0.833},"s":[100],"t":67},{"o":{"x":0.167,"y":0.167},"i":{"x":0.833,"y":0.833},"s":[0],"t":117},{"o":{"x":0.167,"y":0.167},"i":{"x":0.833,"y":0.833},"s":[0],"t":150},{"s":[100],"t":183}],"ix":2},"m":1},{"ty":"tr","a":{"a":0,"k":[0,0],"ix":2},"s":{"a":0,"k":[100,100],"ix":2},"sk":{"a":0,"k":0,"ix":2},"p":{"a":0,"k":[340.6180114746094,281.8569946289062],"ix":2},"r":{"a":0,"k":0,"ix":2},"sa":{"a":0,"k":0,"ix":2},"o":{"a":0,"k":100,"ix":2}}]},{"ty":"gr","bm":0,"hd":false,"nm":"Path","it":[{"ty":"sh","bm":0,"hd":false,"nm":"","d":1,"ks":{"a":0,"k":{"c":false,"i":[[0,0],[0,0]],"o":[[0,0],[0,0]],"v":[[6.294,-16.304],[-6.294,16.304]]}}},{"ty":"gs","bm":0,"hd":false,"nm":"","e":{"a":0,"k":[-3.330141067504883,-6.167775630950928],"ix":2},"g":{"p":2,"k":{"a":0,"k":[0,0.19215686274509805,0.8,0.0196078431372549,1,0.7333333333333333,1,0,0,1,1,0.9999400813405107],"ix":2}},"t":1,"a":{"a":0,"k":0},"h":{"a":0,"k":0},"s":{"a":0,"k":[7.02053165435791,-0.31907621026039124],"ix":2},"lc":2,"lj":2,"ml":4,"o":{"a":0,"k":100,"ix":2},"w":{"a":0,"k":5,"ix":2}},{"ty":"tm","bm":0,"hd":false,"nm":"","e":{"a":1,"k":[{"o":{"x":0.167,"y":0.167},"i":{"x":0.833,"y":0.833},"s":[0],"t":0},{"o":{"x":0.167,"y":0.167},"i":{"x":0.833,"y":0.833},"s":[100],"t":33},{"o":{"x":0.167,"y":0.167},"i":{"x":0.833,"y":0.833},"s":[100],"t":67},{"o":{"x":0.167,"y":0.167},"i":{"x":0.833,"y":0.833},"s":[0],"t":117},{"s":[100],"t":150}],"ix":2},"o":{"a":0,"k":0,"ix":2},"s":{"a":1,"k":[{"o":{"x":0.167,"y":0.167},"i":{"x":0.833,"y":0.833},"s":[0],"t":0},{"o":{"x":0.167,"y":0.167},"i":{"x":0.833,"y":0.833},"s":[0],"t":33},{"o":{"x":0.167,"y":0.167},"i":{"x":0.833,"y":0.833},"s":[100],"t":67},{"o":{"x":0.167,"y":0.167},"i":{"x":0.833,"y":0.833},"s":[0],"t":117},{"o":{"x":0.167,"y":0.167},"i":{"x":0.833,"y":0.833},"s":[0],"t":150},{"s":[100],"t":183}],"ix":2},"m":1},{"ty":"tr","a":{"a":0,"k":[0,0],"ix":2},"s":{"a":0,"k":[100,100],"ix":2},"sk":{"a":0,"k":0,"ix":2},"p":{"a":0,"k":[131.7910003662109,322.3880004882812],"ix":2},"r":{"a":0,"k":0,"ix":2},"sa":{"a":0,"k":0,"ix":2},"o":{"a":0,"k":100,"ix":2}}]},{"ty":"gr","bm":0,"hd":false,"nm":"Path","it":[{"ty":"sh","bm":0,"hd":false,"nm":"","d":1,"ks":{"a":0,"k":{"c":false,"i":[[0,0],[0,0]],"o":[[0,0],[0,0]],"v":[[1.646,-17.229],[-1.646,17.228]]}}},{"ty":"gs","bm":0,"hd":false,"nm":"","e":{"a":0,"k":[3.840167760848999,2.5814731121063232],"ix":2},"g":{"p":2,"k":{"a":0,"k":[0,0.19215686274509805,0.8,0.0196078431372549,1,0.7333333333333333,1,0,0,1,1,0.9999400813405107],"ix":2}},"t":1,"a":{"a":0,"k":0},"h":{"a":0,"k":0},"s":{"a":0,"k":[-2.3082985877990723,2.655967950820923],"ix":2},"lc":2,"lj":2,"ml":4,"o":{"a":0,"k":100,"ix":2},"w":{"a":0,"k":5,"ix":2}},{"ty":"tm","bm":0,"hd":false,"nm":"","e":{"a":1,"k":[{"o":{"x":0.167,"y":0.167},"i":{"x":0.833,"y":0.833},"s":[0],"t":0},{"o":{"x":0.167,"y":0.167},"i":{"x":0.833,"y":0.833},"s":[100],"t":33},{"o":{"x":0.167,"y":0.167},"i":{"x":0.833,"y":0.833},"s":[100],"t":67},{"o":{"x":0.167,"y":0.167},"i":{"x":0.833,"y":0.833},"s":[0],"t":117},{"s":[100],"t":150}],"ix":2},"o":{"a":0,"k":0,"ix":2},"s":{"a":1,"k":[{"o":{"x":0.167,"y":0.167},"i":{"x":0.833,"y":0.833},"s":[0],"t":0},{"o":{"x":0.167,"y":0.167},"i":{"x":0.833,"y":0.833},"s":[0],"t":33},{"o":{"x":0.167,"y":0.167},"i":{"x":0.833,"y":0.833},"s":[100],"t":67},{"o":{"x":0.167,"y":0.167},"i":{"x":0.833,"y":0.833},"s":[0],"t":117},{"o":{"x":0.167,"y":0.167},"i":{"x":0.833,"y":0.833},"s":[0],"t":150},{"s":[100],"t":183}],"ix":2},"m":1},{"ty":"tr","a":{"a":0,"k":[0,-0.0004999999999988347],"ix":2},"s":{"a":0,"k":[100,100],"ix":2},"sk":{"a":0,"k":0,"ix":2},"p":{"a":0,"k":[187.8470001220703,323.3995056152344],"ix":2},"r":{"a":0,"k":0,"ix":2},"sa":{"a":0,"k":0,"ix":2},"o":{"a":0,"k":100,"ix":2}}]},{"ty":"gr","bm":0,"hd":false,"nm":"Path","it":[{"ty":"sh","bm":0,"hd":false,"nm":"","d":1,"ks":{"a":0,"k":{"c":false,"i":[[0,0],[0,0]],"o":[[0,0],[0,0]],"v":[[-1.839,-17.122],[1.839,17.121]]}}},{"ty":"gs","bm":0,"hd":false,"nm":"","e":{"a":0,"k":[-2.9204509258270264,-6.673152923583984],"ix":2},"g":{"p":2,"k":{"a":0,"k":[0,0.19215686274509805,0.8,0.0196078431372549,1,0.7333333333333333,1,0,0,1,1,0.9999400813405107],"ix":2}},"t":1,"a":{"a":0,"k":0},"h":{"a":0,"k":0},"s":{"a":0,"k":[5.1415815353393555,-6.225348472595215],"ix":2},"lc":2,"lj":2,"ml":4,"o":{"a":0,"k":100,"ix":2},"w":{"a":0,"k":5,"ix":2}},{"ty":"tm","bm":0,"hd":false,"nm":"","e":{"a":1,"k":[{"o":{"x":0.167,"y":0.167},"i":{"x":0.833,"y":0.833},"s":[0],"t":0},{"o":{"x":0.167,"y":0.167},"i":{"x":0.833,"y":0.833},"s":[100],"t":33},{"o":{"x":0.167,"y":0.167},"i":{"x":0.833,"y":0.833},"s":[100],"t":67},{"o":{"x":0.167,"y":0.167},"i":{"x":0.833,"y":0.833},"s":[0],"t":117},{"s":[100],"t":150}],"ix":2},"o":{"a":0,"k":0,"ix":2},"s":{"a":1,"k":[{"o":{"x":0.167,"y":0.167},"i":{"x":0.833,"y":0.833},"s":[0],"t":0},{"o":{"x":0.167,"y":0.167},"i":{"x":0.833,"y":0.833},"s":[0],"t":33},{"o":{"x":0.167,"y":0.167},"i":{"x":0.833,"y":0.833},"s":[100],"t":67},{"o":{"x":0.167,"y":0.167},"i":{"x":0.833,"y":0.833},"s":[0],"t":117},{"o":{"x":0.167,"y":0.167},"i":{"x":0.833,"y":0.833},"s":[0],"t":150},{"s":[100],"t":183}],"ix":2},"m":1},{"ty":"tr","a":{"a":0,"k":[0,-0.0005000000000023874],"ix":2},"s":{"a":0,"k":[100,100],"ix":2},"sk":{"a":0,"k":0,"ix":2},"p":{"a":0,"k":[241.10400390625,316.2775268554688],"ix":2},"r":{"a":0,"k":0,"ix":2},"sa":{"a":0,"k":0,"ix":2},"o":{"a":0,"k":100,"ix":2}}]},{"ty":"gr","bm":0,"hd":false,"nm":"Path","it":[{"ty":"sh","bm":0,"hd":false,"nm":"","d":1,"ks":{"a":0,"k":{"c":false,"i":[[0,0],[0,0]],"o":[[0,0],[0,0]],"v":[[-5.615,-16.239],[5.616,16.239]]}}},{"ty":"gs","bm":0,"hd":false,"nm":"","e":{"a":0,"k":[-5.007656574249268,-2.876070737838745],"ix":2},"g":{"p":2,"k":{"a":0,"k":[0,0.19215686274509805,0.8,0.0196078431372549,1,0.7333333333333333,1,0,0,1,1,0.9999400813405107],"ix":2}},"t":1,"a":{"a":0,"k":0},"h":{"a":0,"k":0},"s":{"a":0,"k":[4.70864200592041,-3.7247748374938965],"ix":2},"lc":2,"lj":2,"ml":4,"o":{"a":0,"k":100,"ix":2},"w":{"a":0,"k":5,"ix":2}},{"ty":"tm","bm":0,"hd":false,"nm":"","e":{"a":1,"k":[{"o":{"x":0.167,"y":0.167},"i":{"x":0.833,"y":0.833},"s":[0],"t":0},{"o":{"x":0.167,"y":0.167},"i":{"x":0.833,"y":0.833},"s":[100],"t":33},{"o":{"x":0.167,"y":0.167},"i":{"x":0.833,"y":0.833},"s":[100],"t":67},{"o":{"x":0.167,"y":0.167},"i":{"x":0.833,"y":0.833},"s":[0],"t":117},{"s":[100],"t":150}],"ix":2},"o":{"a":0,"k":0,"ix":2},"s":{"a":1,"k":[{"o":{"x":0.167,"y":0.167},"i":{"x":0.833,"y":0.833},"s":[0],"t":0},{"o":{"x":0.167,"y":0.167},"i":{"x":0.833,"y":0.833},"s":[0],"t":33},{"o":{"x":0.167,"y":0.167},"i":{"x":0.833,"y":0.833},"s":[100],"t":67},{"o":{"x":0.167,"y":0.167},"i":{"x":0.833,"y":0.833},"s":[0],"t":117},{"o":{"x":0.167,"y":0.167},"i":{"x":0.833,"y":0.833},"s":[0],"t":150},{"s":[100],"t":183}],"ix":2},"m":1},{"ty":"tr","a":{"a":0,"k":[0.0004999999999997229,0],"ix":2},"s":{"a":0,"k":[100,100],"ix":2},"sk":{"a":0,"k":0,"ix":2},"p":{"a":0,"k":[295.2334899902344,304.822998046875],"ix":2},"r":{"a":0,"k":0,"ix":2},"sa":{"a":0,"k":0,"ix":2},"o":{"a":0,"k":100,"ix":2}}]},{"ty":"tr","a":{"a":0,"k":[260,184.078],"ix":2},"s":{"a":0,"k":[100,100],"ix":2},"sk":{"a":0,"k":0,"ix":2},"p":{"a":0,"k":[260,184.078],"ix":2},"r":{"a":0,"k":0,"ix":2},"sa":{"a":0,"k":0,"ix":2},"o":{"a":0,"k":100,"ix":2}}]},{"ty":"gr","bm":0,"hd":false,"nm":"Ð¨Ð°Ñ 7 Outlines","it":[{"ty":"gr","bm":0,"hd":false,"nm":"Path","it":[{"ty":"sh","bm":0,"hd":false,"nm":"","d":1,"ks":{"a":0,"k":{"c":false,"i":[[0,0],[0,0]],"o":[[0,0],[0,0]],"v":[[-26.32,-12.797],[26.319,12.797]]}}},{"ty":"gs","bm":0,"hd":false,"nm":"","e":{"a":0,"k":[50,0],"ix":2},"g":{"p":2,"k":{"a":0,"k":[0,0.19215686274509805,0.8,0.0196078431372549,1,0.7333333333333333,1,0,0,1,1,0.9999400813405107],"ix":2}},"t":1,"a":{"a":0,"k":0},"h":{"a":0,"k":0},"s":{"a":0,"k":[-50,0],"ix":2},"lc":2,"lj":2,"ml":4,"o":{"a":0,"k":100,"ix":2},"w":{"a":0,"k":5,"ix":2}},{"ty":"tr","a":{"a":0,"k":[-0.0005000000000023874,0],"ix":2},"s":{"a":0,"k":[100,100],"ix":2},"sk":{"a":0,"k":0,"ix":2},"p":{"a":0,"k":[228.6295013427734,119.3099975585938],"ix":2},"r":{"a":0,"k":0,"ix":2},"sa":{"a":0,"k":0,"ix":2},"o":{"a":0,"k":100,"ix":2}}]},{"ty":"gr","bm":0,"hd":false,"nm":"Path","it":[{"ty":"sh","bm":0,"hd":false,"nm":"","d":1,"ks":{"a":0,"k":{"c":false,"i":[[0,0],[0,0]],"o":[[0,0],[0,0]],"v":[[-12.796,26.319],[12.796,-26.319]]}}},{"ty":"gs","bm":0,"hd":false,"nm":"","e":{"a":0,"k":[50,0],"ix":2},"g":{"p":2,"k":{"a":0,"k":[0,0.19215686274509805,0.8,0.0196078431372549,1,0.7333333333333333,1,0,0,1,1,0.9999400813405107],"ix":2}},"t":1,"a":{"a":0,"k":0},"h":{"a":0,"k":0},"s":{"a":0,"k":[-50,0],"ix":2},"lc":2,"lj":2,"ml":4,"o":{"a":0,"k":100,"ix":2},"w":{"a":0,"k":5,"ix":2}},{"ty":"tr","a":{"a":0,"k":[0,0],"ix":2},"s":{"a":0,"k":[100,100],"ix":2},"sk":{"a":0,"k":0,"ix":2},"p":{"a":0,"k":[228.6309967041016,119.3089981079102],"ix":2},"r":{"a":0,"k":0,"ix":2},"sa":{"a":0,"k":0,"ix":2},"o":{"a":0,"k":100,"ix":2}}]},{"ty":"gr","bm":0,"hd":false,"nm":"Path","it":[{"ty":"sh","bm":0,"hd":false,"nm":"","d":1,"ks":{"a":0,"k":{"c":true,"i":[[0,0],[0,16.167],[16.167,0],[0,-16.167],[-16.167,0]],"o":[[16.167,0],[0,-16.167],[-16.167,0],[0,16.167],[0,0]],"v":[[0,29.273],[29.272,-0.001],[0,-29.273],[-29.272,-0.001],[0,29.273]]}}},{"ty":"gs","bm":0,"hd":false,"nm":"","e":{"a":0,"k":[50,0],"ix":2},"g":{"p":2,"k":{"a":0,"k":[0,0.19215686274509805,0.8,0.0196078431372549,1,0.7333333333333333,1,0,0,1,1,0.9999400813405107],"ix":2}},"t":1,"a":{"a":0,"k":0},"h":{"a":0,"k":0},"s":{"a":0,"k":[-50,0],"ix":2},"lc":2,"lj":2,"ml":4,"o":{"a":0,"k":100,"ix":2},"w":{"a":0,"k":5,"ix":2}},{"ty":"fl","bm":0,"hd":false,"nm":"","c":{"a":0,"k":[0.7333,1,0],"ix":2},"r":1,"o":{"a":0,"k":100,"ix":2}},{"ty":"tr","a":{"a":0,"k":[0,0],"ix":2},"s":{"a":0,"k":[100,100],"ix":2},"sk":{"a":0,"k":0,"ix":2},"p":{"a":0,"k":[228.6230010986328,119.3150024414062],"ix":2},"r":{"a":0,"k":0,"ix":2},"sa":{"a":0,"k":0,"ix":2},"o":{"a":0,"k":100,"ix":2}}]},{"ty":"tr","a":{"a":0,"k":[228.562,119.328],"ix":2},"s":{"a":0,"k":[100,100],"ix":2},"sk":{"a":0,"k":0,"ix":2},"p":{"a":1,"k":[{"o":{"x":0.167,"y":0},"i":{"x":0.833,"y":1},"s":[228.562,119.328],"t":17,"ti":[-0.004,-0.161],"to":[1.542,-0.754]},{"o":{"x":0.167,"y":0},"i":{"x":0.833,"y":1},"s":[237.812,114.806],"t":67,"ti":[1.542,-0.754],"to":[0.004,0.161]},{"o":{"x":0.167,"y":0},"i":{"x":0.833,"y":1},"s":[228.587,120.296],"t":133,"ti":[0.004,0.161],"to":[-1.542,0.754]},{"s":[228.562,119.328],"t":183}],"ix":2},"r":{"a":1,"k":[{"o":{"x":0.333,"y":0},"i":{"x":0.833,"y":1},"s":[0],"t":0},{"o":{"x":0.167,"y":0},"i":{"x":0.833,"y":1},"s":[-6],"t":67},{"o":{"x":0.167,"y":0},"i":{"x":0.667,"y":1},"s":[6],"t":150},{"s":[0],"t":200}],"ix":2},"sa":{"a":0,"k":0,"ix":2},"o":{"a":0,"k":100,"ix":2}}]}],"ind":4},{"ty":4,"nm":"3 (In/Out)","sr":1,"st":0,"op":201,"ip":0,"hd":false,"ddd":0,"bm":0,"hasMask":false,"ao":0,"ks":{"a":{"a":0,"k":[0,0],"ix":2},"s":{"a":0,"k":[101.33942945838388,101.0768172683835],"ix":2},"sk":{"a":0,"k":0,"ix":2},"p":{"a":0,"k":[-1.18719482421875,-2.692718505859375],"ix":2},"r":{"a":0,"k":0,"ix":2},"sa":{"a":0,"k":0,"ix":2},"o":{"a":1,"k":[{"o":{"x":0.167,"y":0.167},"i":{"x":0.833,"y":0.833},"s":[0],"t":32},{"s":[100],"t":33}],"ix":2}},"ef":[],"shapes":[{"ty":"gr","bm":0,"hd":false,"nm":"3","it":[{"ty":"gr","bm":0,"hd":false,"nm":"Path","it":[{"ty":"sh","bm":0,"hd":false,"nm":"","d":1,"ks":{"a":0,"k":{"c":false,"i":[[0,0],[17.546,50.724]],"o":[[17.535,50.714],[0,0]],"v":[[151.3843994140625,-59.31087112426758],[-162.20423889160156,49.88391876220703]]}}},{"ty":"st","bm":0,"hd":false,"nm":"","lc":2,"lj":1,"ml":4,"o":{"a":0,"k":100,"ix":2},"w":{"a":0,"k":5,"ix":2},"c":{"a":0,"k":[0.1569,0.1451,0.1451],"ix":2}},{"ty":"tm","bm":0,"hd":false,"nm":"","e":{"a":1,"k":[{"o":{"x":0.167,"y":0.167},"i":{"x":0.833,"y":0.833},"s":[100],"t":33},{"o":{"x":0.167,"y":0.167},"i":{"x":0.833,"y":0.833},"s":[0],"t":83},{"o":{"x":0.167,"y":0.167},"i":{"x":0.833,"y":0.833},"s":[0],"t":100},{"o":{"x":0.167,"y":0.167},"i":{"x":0.833,"y":0.833},"s":[100],"t":133},{"s":[0],"t":183}],"ix":2},"o":{"a":0,"k":0,"ix":2},"s":{"a":1,"k":[{"o":{"x":0.167,"y":0.167},"i":{"x":0.833,"y":0.833},"s":[100],"t":50},{"o":{"x":0.167,"y":0.167},"i":{"x":0.833,"y":0.833},"s":[0],"t":100},{"o":{"x":0.167,"y":0.167},"i":{"x":0.833,"y":0.833},"s":[100],"t":133},{"o":{"x":0.167,"y":0.167},"i":{"x":0.833,"y":0.833},"s":[100],"t":150},{"s":[0],"t":200}],"ix":2},"m":1},{"ty":"tr","a":{"a":0,"k":[-4.245918398621598,-1.661154305707591],"ix":2},"s":{"a":0,"k":[100,100],"ix":2},"sk":{"a":0,"k":0,"ix":2},"p":{"a":0,"k":[254.67018127441406,203.9427947998047],"ix":2},"r":{"a":0,"k":0,"ix":2},"sa":{"a":0,"k":0,"ix":2},"o":{"a":0,"k":100,"ix":2}}]},{"ty":"tr","a":{"a":0,"k":[285,258.078],"ix":2},"s":{"a":0,"k":[95.517,96.33],"ix":2},"sk":{"a":0,"k":0,"ix":2},"p":{"a":0,"k":[276.884,236.974],"ix":2},"r":{"a":1,"k":[{"o":{"x":0.187,"y":0},"i":{"x":0.563,"y":1},"s":[-3],"t":50},{"o":{"x":0.319,"y":0},"i":{"x":0.681,"y":1.123},"s":[-6],"t":100},{"o":{"x":0.437,"y":0.254},"i":{"x":0.813,"y":1},"s":[0],"t":167},{"s":[-3],"t":217}],"ix":2},"sa":{"a":0,"k":0,"ix":2},"o":{"a":0,"k":100,"ix":2}}]}],"ind":5},{"ty":4,"nm":"2","sr":1,"st":0,"op":201,"ip":0,"hd":false,"ddd":0,"bm":0,"hasMask":false,"ao":0,"ks":{"a":{"a":0,"k":[285,258.078],"ix":2},"s":{"a":0,"k":[94.82041339306947,96.33],"ix":2},"sk":{"a":0,"k":0,"ix":2},"p":{"a":0,"k":[276.6756591796875,236.63479614257812],"ix":2},"r":{"a":1,"k":[{"o":{"x":0.187,"y":0},"i":{"x":0.563,"y":1},"s":[0],"t":17},{"o":{"x":0.319,"y":0},"i":{"x":0.681,"y":1.123},"s":[-3],"t":67},{"o":{"x":0.437,"y":0.254},"i":{"x":0.813,"y":1},"s":[3],"t":133},{"s":[0],"t":183}],"ix":2},"sa":{"a":0,"k":0,"ix":2},"o":{"a":0,"k":100,"ix":2}},"ef":[],"shapes":[{"ty":"gr","bm":0,"hd":false,"nm":"Path","it":[{"ty":"sh","bm":0,"hd":false,"nm":"","d":1,"ks":{"a":0,"k":{"c":false,"i":[[0,0],[17.546,50.724]],"o":[[17.535,50.714],[0,0]],"v":[[155.34,-63.472],[-164.527,47.152]]}}},{"ty":"st","bm":0,"hd":false,"nm":"","lc":2,"lj":1,"ml":4,"o":{"a":0,"k":100,"ix":2},"w":{"a":0,"k":5,"ix":2},"c":{"a":0,"k":[0.1569,0.1451,0.1451],"ix":2}},{"ty":"tm","bm":0,"hd":false,"nm":"","e":{"a":1,"k":[{"o":{"x":0.167,"y":0.167},"i":{"x":0.833,"y":0.833},"s":[100],"t":0},{"o":{"x":0.167,"y":0.167},"i":{"x":0.833,"y":0.833},"s":[0],"t":50},{"o":{"x":0.167,"y":0.167},"i":{"x":0.833,"y":0.833},"s":[0],"t":67},{"o":{"x":0.167,"y":0.167},"i":{"x":0.833,"y":0.833},"s":[100],"t":100},{"s":[0],"t":150}],"ix":2},"o":{"a":0,"k":0,"ix":2},"s":{"a":1,"k":[{"o":{"x":0.167,"y":0.167},"i":{"x":0.833,"y":0.833},"s":[100],"t":17},{"o":{"x":0.167,"y":0.167},"i":{"x":0.833,"y":0.833},"s":[0],"t":67},{"o":{"x":0.167,"y":0.167},"i":{"x":0.833,"y":0.833},"s":[100],"t":100},{"o":{"x":0.167,"y":0.167},"i":{"x":0.833,"y":0.833},"s":[100],"t":117},{"s":[0],"t":167}],"ix":2},"m":1},{"ty":"tr","a":{"a":0,"k":[-4.245918398621598,-1.661154305707591],"ix":2},"s":{"a":0,"k":[100,100],"ix":2},"sk":{"a":0,"k":0,"ix":2},"p":{"a":0,"k":[254.9880981445312,200.8778533935547],"ix":2},"r":{"a":0,"k":0,"ix":2},"sa":{"a":0,"k":0,"ix":2},"o":{"a":0,"k":100,"ix":2}}]}],"ind":6},{"ty":4,"nm":"Ð¨Ð°Ñ 8 Outlines","sr":1,"st":0,"op":201,"ip":0,"hd":false,"ddd":0,"bm":0,"hasMask":false,"ao":0,"ks":{"a":{"a":0,"k":[285,258.078],"ix":2},"s":{"a":0,"k":[100,100],"ix":2},"sk":{"a":0,"k":0,"ix":2},"p":{"a":0,"k":[285,258.078],"ix":2},"r":{"a":1,"k":[{"o":{"x":0.187,"y":0},"i":{"x":0.563,"y":1},"s":[0],"t":17},{"o":{"x":0.319,"y":0},"i":{"x":0.681,"y":1.123},"s":[-3],"t":67},{"o":{"x":0.437,"y":0.254},"i":{"x":0.813,"y":1},"s":[3],"t":133},{"s":[0],"t":183}],"ix":2},"sa":{"a":0,"k":0,"ix":2},"o":{"a":0,"k":100,"ix":2}},"ef":[],"shapes":[{"ty":"gr","bm":0,"hd":false,"nm":"Path","it":[{"ty":"sh","bm":0,"hd":false,"nm":"","d":1,"ks":{"a":0,"k":{"c":false,"i":[[0,0],[-13.071,-4.207]],"o":[[13.975,-4.83],[0,0]],"v":[[-20.768,2.415],[20.768,1.942]]}}},{"ty":"st","bm":0,"hd":false,"nm":"","lc":2,"lj":2,"ml":4,"o":{"a":0,"k":100,"ix":2},"w":{"a":0,"k":5,"ix":2},"c":{"a":0,"k":[0.8667,0.8667,0.8667],"ix":2}},{"ty":"tr","a":{"a":0,"k":[0,0.6017710148398259],"ix":2},"s":{"a":0,"k":[100,100],"ix":2},"sk":{"a":0,"k":0,"ix":2},"p":{"a":0,"k":[232.4779968261719,68.41276550292969],"ix":2},"r":{"a":0,"k":0,"ix":2},"sa":{"a":0,"k":0,"ix":2},"o":{"a":0,"k":100,"ix":2}}]},{"ty":"gr","bm":0,"hd":false,"nm":"Path","it":[{"ty":"sh","bm":0,"hd":false,"nm":"","d":1,"ks":{"a":0,"k":{"c":false,"i":[[0,0],[-3.722,-10.768]],"o":[[7.875,7.154],[0,0]],"v":[[-8.918,-13.55],[8.918,13.55]]}}},{"ty":"st","bm":0,"hd":false,"nm":"","lc":2,"lj":2,"ml":4,"o":{"a":0,"k":100,"ix":2},"w":{"a":0,"k":5,"ix":2},"c":{"a":0,"k":[0.8667,0.8667,0.8667],"ix":2}},{"ty":"tr","a":{"a":0,"k":[0,0],"ix":2},"s":{"a":0,"k":[100,100],"ix":2},"sk":{"a":0,"k":0,"ix":2},"p":{"a":0,"k":[286.3150024414062,97.2770004272461],"ix":2},"r":{"a":0,"k":0,"ix":2},"sa":{"a":0,"k":0,"ix":2},"o":{"a":0,"k":100,"ix":2}}]},{"ty":"gr","bm":0,"hd":false,"nm":"Path","it":[{"ty":"sh","bm":0,"hd":false,"nm":"","d":1,"ks":{"a":0,"k":{"c":true,"i":[[0,0],[15.61,45.151],[-45.151,15.621],[-15.62,-45.151]],"o":[[15.621,45.151],[-15.62,-45.152],[45.152,-15.621],[0,0]],"v":[[81.755,-16.304],[-81.756,40.252],[-28.278,-69.782],[81.755,-16.304]]}}},{"ty":"st","bm":0,"hd":false,"nm":"","lc":2,"lj":2,"ml":4,"o":{"a":0,"k":100,"ix":2},"w":{"a":0,"k":5,"ix":2},"c":{"a":0,"k":[0.8667,0.8667,0.8667],"ix":2}},{"ty":"fl","bm":0,"hd":false,"nm":"","c":{"a":0,"k":[1,1,1],"ix":2},"r":1,"o":{"a":0,"k":100,"ix":2}},{"ty":"tr","a":{"a":0,"k":[-1.863614323398835,-8.863669828209169],"ix":2},"s":{"a":0,"k":[100,100],"ix":2},"sk":{"a":0,"k":0,"ix":2},"p":{"a":0,"k":[233.3153839111328,117.2233276367188],"ix":2},"r":{"a":0,"k":0,"ix":2},"sa":{"a":0,"k":0,"ix":2},"o":{"a":0,"k":100,"ix":2}}]},{"ty":"gr","bm":0,"hd":false,"nm":"Path","it":[{"ty":"sh","bm":0,"hd":false,"nm":"","d":1,"ks":{"a":0,"k":{"c":false,"i":[[0,0],[-8.338,-24.13],[17.546,50.724],[-42.774,27.702]],"o":[[50.746,-4.637],[17.535,50.714],[-8.348,-24.13],[0,0]],"v":[[57.647,-93.24],[155.341,-63.472],[-164.527,47.152],[-106.089,-36.609]]}}},{"ty":"st","bm":0,"hd":false,"nm":"","lc":1,"lj":1,"ml":4,"o":{"a":0,"k":100,"ix":2},"w":{"a":0,"k":5,"ix":2},"c":{"a":0,"k":[0.1569,0.1451,0.1451],"ix":2}},{"ty":"fl","bm":0,"hd":false,"nm":"","c":{"a":0,"k":[0.4824,0.4667,0.4667],"ix":2},"r":1,"o":{"a":0,"k":100,"ix":2}},{"ty":"tr","a":{"a":0,"k":[-5.068221501156728,-17.08787369838502],"ix":2},"s":{"a":0,"k":[100,100],"ix":2},"sk":{"a":0,"k":0,"ix":2},"p":{"a":0,"k":[254.1657867431641,185.4511260986328],"ix":2},"r":{"a":0,"k":0,"ix":2},"sa":{"a":0,"k":0,"ix":2},"o":{"a":0,"k":100,"ix":2}}]},{"ty":"gr","bm":0,"hd":false,"nm":"Path","it":[{"ty":"sh","bm":0,"hd":false,"nm":"","d":1,"ks":{"a":0,"k":{"c":false,"i":[[0,0],[88.334,-30.542],[8.057,23.302]],"o":[[8.058,23.302],[-88.334,30.553],[0,0]],"v":[[155.905,-71.143],[15.48,40.59],[-163.962,39.482]]}}},{"ty":"st","bm":0,"hd":false,"nm":"","lc":2,"lj":2,"ml":4,"o":{"a":0,"k":100,"ix":2},"w":{"a":0,"k":5,"ix":2},"c":{"a":0,"k":[0.4824,0.4667,0.4667],"ix":2}},{"ty":"fl","bm":0,"hd":false,"nm":"","c":{"a":0,"k":[0.1569,0.1451,0.1451],"ix":2},"r":1,"o":{"a":0,"k":100,"ix":2}},{"ty":"tr","a":{"a":0,"k":[-3.667273730389127,-5.378667801845253],"ix":2},"s":{"a":0,"k":[100,100],"ix":2},"sk":{"a":0,"k":0,"ix":2},"p":{"a":0,"k":[255.0127258300781,204.8193359375],"ix":2},"r":{"a":0,"k":0,"ix":2},"sa":{"a":0,"k":0,"ix":2},"o":{"a":0,"k":100,"ix":2}}]},{"ty":"gr","bm":0,"hd":false,"nm":"Path","it":[{"ty":"sh","bm":0,"hd":false,"nm":"","d":1,"ks":{"a":0,"k":{"c":false,"i":[[0,0],[-15.814,-0.279],[-0.129,7.315]],"o":[[-0.129,7.315],[15.804,0.28],[0,0]],"v":[[-28.557,-7.014],[-0.167,6.734],[28.686,-6.003]]}}},{"ty":"gs","bm":0,"hd":false,"nm":"","e":{"a":0,"k":[50,0],"ix":2},"g":{"p":2,"k":{"a":0,"k":[0,0.19215686274509805,0.8,0.0196078431372549,1,0.7333333333333333,1,0,0,1,1,0.9999400813405107],"ix":2}},"t":1,"a":{"a":0,"k":0},"h":{"a":0,"k":0},"s":{"a":0,"k":[-50,0],"ix":2},"lc":2,"lj":2,"ml":4,"o":{"a":0,"k":100,"ix":2},"w":{"a":0,"k":5,"ix":2}},{"ty":"fl","bm":0,"hd":false,"nm":"","c":{"a":0,"k":[0.7333,1,0],"ix":2},"r":1,"o":{"a":0,"k":100,"ix":2}},{"ty":"tr","a":{"a":0,"k":[0.06401314326440044,-0.1350568880137777],"ix":2},"s":{"a":0,"k":[100,100],"ix":2},"sk":{"a":0,"k":0,"ix":2},"p":{"a":0,"k":[158.6670074462891,275.9239196777344],"ix":2},"r":{"a":0,"k":0,"ix":2},"sa":{"a":0,"k":0,"ix":2},"o":{"a":0,"k":100,"ix":2}}]},{"ty":"gr","bm":0,"hd":false,"nm":"Path","it":[{"ty":"sh","bm":0,"hd":false,"nm":"","d":1,"ks":{"a":0,"k":{"c":false,"i":[[0,0],[12.254,-9.983],[4.615,5.67]],"o":[[4.616,5.669],[-12.253,9.984],[0,0]],"v":[[19.88,-20.913],[6.056,7.434],[-24.496,15.244]]}}},{"ty":"gs","bm":0,"hd":false,"nm":"","e":{"a":0,"k":[50,0],"ix":2},"g":{"p":2,"k":{"a":0,"k":[0,0.19215686274509805,0.8,0.0196078431372549,1,0.7333333333333333,1,0,0,1,1,0.9999400813405107],"ix":2}},"t":1,"a":{"a":0,"k":0},"h":{"a":0,"k":0},"s":{"a":0,"k":[-50,0],"ix":2},"lc":2,"lj":2,"ml":4,"o":{"a":0,"k":100,"ix":2},"w":{"a":0,"k":5,"ix":2}},{"ty":"fl","bm":0,"hd":false,"nm":"","c":{"a":0,"k":[0.7333,1,0],"ix":2},"r":1,"o":{"a":0,"k":100,"ix":2}},{"ty":"tr","a":{"a":0,"k":[-1.543414207678765,-1.476646619106088],"ix":2},"s":{"a":0,"k":[100,100],"ix":2},"sk":{"a":0,"k":0,"ix":2},"p":{"a":0,"k":[377.0915832519531,195.6403503417969],"ix":2},"r":{"a":0,"k":0,"ix":2},"sa":{"a":0,"k":0,"ix":2},"o":{"a":0,"k":100,"ix":2}}]},{"ty":"gr","bm":0,"hd":false,"nm":"Path","it":[{"ty":"sh","bm":0,"hd":false,"nm":"","d":1,"ks":{"a":0,"k":{"c":false,"i":[[0,0],[14.943,-5.164],[2.388,6.918]],"o":[[2.388,6.918],[-14.943,5.164],[0,0]],"v":[[25.857,-13.518],[3.136,8.354],[-28.245,5.191]]}}},{"ty":"gs","bm":0,"hd":false,"nm":"","e":{"a":0,"k":[50,0],"ix":2},"g":{"p":2,"k":{"a":0,"k":[0,0.19215686274509805,0.8,0.0196078431372549,1,0.7333333333333333,1,0,0,1,1,0.9999400813405107],"ix":2}},"t":1,"a":{"a":0,"k":0},"h":{"a":0,"k":0},"s":{"a":0,"k":[-50,0],"ix":2},"lc":2,"lj":2,"ml":4,"o":{"a":0,"k":100,"ix":2},"w":{"a":0,"k":5,"ix":2}},{"ty":"fl","bm":0,"hd":false,"nm":"","c":{"a":0,"k":[0.7333,1,0],"ix":2},"r":1,"o":{"a":0,"k":100,"ix":2}},{"ty":"tr","a":{"a":0,"k":[-1.020156957816308,-1.026721012946449],"ix":2},"s":{"a":0,"k":[100,100],"ix":2},"sk":{"a":0,"k":0,"ix":2},"p":{"a":0,"k":[274.3398132324219,253.9302825927734],"ix":2},"r":{"a":0,"k":0,"ix":2},"sa":{"a":0,"k":0,"ix":2},"o":{"a":0,"k":100,"ix":2}}]}],"ind":7}],"v":"5.7.5","fr":100,"op":200,"ip":0,"assets":[]}