{"nm":"Comp 1","ddd":0,"h":314,"w":501,"meta":{"g":"@lottiefiles/toolkit-js 0.33.2"},"layers":[{"ty":4,"nm":"ÃÂ¨ÃÂ°ÃÂ 2 Outlines 2","sr":1,"st":0,"op":201,"ip":0,"hd":false,"ddd":0,"bm":0,"hasMask":false,"ao":0,"ks":{"a":{"a":0,"k":[246.217,288.874],"ix":2},"s":{"a":0,"k":[100,100],"ix":2},"sk":{"a":0,"k":0,"ix":2},"p":{"a":0,"k":[246.217,288.874],"ix":2},"r":{"a":1,"k":[{"o":{"x":0.333,"y":0},"i":{"x":0.667,"y":1},"s":[0],"t":17},{"o":{"x":0.333,"y":0},"i":{"x":0.667,"y":0.86},"s":[-3],"t":67},{"o":{"x":0.333,"y":-0.21},"i":{"x":0.667,"y":1},"s":[3],"t":133},{"s":[0],"t":183}],"ix":2},"sa":{"a":0,"k":0,"ix":2},"o":{"a":0,"k":100,"ix":2}},"ef":[],"shapes":[{"ty":"gr","bm":0,"hd":false,"nm":"ÃÂ±ÃÂ²1 (In/Out)","it":[{"ty":"gr","bm":0,"hd":false,"nm":"ÃÂ±ÃÂ²1","it":[{"ty":"gr","bm":0,"hd":false,"nm":"Path 1","it":[{"ty":"sh","bm":0,"hd":false,"nm":"","d":1,"ks":{"a":0,"k":{"c":false,"i":[[0,0],[0,0]],"o":[[0,0],[0,0]],"v":[[13.305,-13.305],[-13.305,13.305]]}}},{"ty":"st","bm":0,"hd":false,"nm":"","lc":2,"lj":1,"ml":4,"o":{"a":0,"k":100,"ix":2},"w":{"a":0,"k":5,"ix":2},"c":{"a":0,"k":[0.7294,1,0],"ix":2}},{"ty":"tm","bm":0,"hd":false,"nm":"","e":{"a":1,"k":[{"o":{"x":0.167,"y":0.167},"i":{"x":0.833,"y":0.833},"s":[0],"t":71},{"s":[100],"t":96}],"ix":2},"o":{"a":0,"k":0,"ix":2},"s":{"a":1,"k":[{"o":{"x":0.167,"y":0.167},"i":{"x":0.833,"y":0.833},"s":[0],"t":96},{"s":[100],"t":121}],"ix":2},"m":1},{"ty":"tr","a":{"a":0,"k":[0,0],"ix":2},"s":{"a":0,"k":[100,100],"ix":2},"sk":{"a":0,"k":0,"ix":2},"p":{"a":0,"k":[52.57600021362305,79.87100219726562],"ix":2},"r":{"a":0,"k":0,"ix":2},"sa":{"a":0,"k":0,"ix":2},"o":{"a":0,"k":100,"ix":2}}]},{"ty":"gr","bm":0,"hd":false,"nm":"Path 1","it":[{"ty":"sh","bm":0,"hd":false,"nm":"","d":1,"ks":{"a":0,"k":{"c":false,"i":[[0,0],[0,0]],"o":[[0,0],[0,0]],"v":[[65.881,66.566],[15.881,66.566]]}}},{"ty":"st","bm":0,"hd":false,"nm":"","lc":2,"lj":1,"ml":4,"o":{"a":0,"k":100,"ix":2},"w":{"a":0,"k":5,"ix":2},"c":{"a":0,"k":[0.7294,1,0],"ix":2}},{"ty":"tm","bm":0,"hd":false,"nm":"","e":{"a":1,"k":[{"o":{"x":0.167,"y":0.167},"i":{"x":0.833,"y":0.833},"s":[0],"t":71},{"s":[100],"t":96}],"ix":2},"o":{"a":0,"k":0,"ix":2},"s":{"a":1,"k":[{"o":{"x":0.167,"y":0.167},"i":{"x":0.833,"y":0.833},"s":[0],"t":96},{"s":[100],"t":121}],"ix":2},"m":1},{"ty":"tr","a":{"a":0,"k":[40.881,66.566],"ix":2},"s":{"a":0,"k":[100,100],"ix":2},"sk":{"a":0,"k":0,"ix":2},"p":{"a":0,"k":[40.88100051879883,66.56600189208984],"ix":2},"r":{"a":0,"k":0,"ix":2},"sa":{"a":0,"k":0,"ix":2},"o":{"a":0,"k":100,"ix":2}}]},{"ty":"gr","bm":0,"hd":false,"nm":"Path 1","it":[{"ty":"sh","bm":0,"hd":false,"nm":"","d":1,"ks":{"a":0,"k":{"c":false,"i":[[0,0],[0,0]],"o":[[0,0],[0,0]],"v":[[13.305,13.305],[-13.305,-13.305]]}}},{"ty":"st","bm":0,"hd":false,"nm":"","lc":2,"lj":1,"ml":4,"o":{"a":0,"k":100,"ix":2},"w":{"a":0,"k":5,"ix":2},"c":{"a":0,"k":[0.7294,1,0],"ix":2}},{"ty":"tm","bm":0,"hd":false,"nm":"","e":{"a":1,"k":[{"o":{"x":0.167,"y":0.167},"i":{"x":0.833,"y":0.833},"s":[0],"t":71},{"s":[100],"t":96}],"ix":2},"o":{"a":0,"k":0,"ix":2},"s":{"a":1,"k":[{"o":{"x":0.167,"y":0.167},"i":{"x":0.833,"y":0.833},"s":[0],"t":96},{"s":[100],"t":121}],"ix":2},"m":1},{"ty":"tr","a":{"a":0,"k":[0,0],"ix":2},"s":{"a":0,"k":[100,100],"ix":2},"sk":{"a":0,"k":0,"ix":2},"p":{"a":0,"k":[52.57600021362305,53.26200103759766],"ix":2},"r":{"a":0,"k":0,"ix":2},"sa":{"a":0,"k":0,"ix":2},"o":{"a":0,"k":100,"ix":2}}]},{"ty":"gr","bm":0,"hd":false,"nm":"Path 1","it":[{"ty":"sh","bm":0,"hd":false,"nm":"","d":1,"ks":{"a":0,"k":{"c":false,"i":[[0,0],[0,0]],"o":[[0,0],[0,0]],"v":[[65.881,66.566],[65.881,16.566]]}}},{"ty":"st","bm":0,"hd":false,"nm":"","lc":2,"lj":1,"ml":4,"o":{"a":0,"k":100,"ix":2},"w":{"a":0,"k":5,"ix":2},"c":{"a":0,"k":[0.7294,1,0],"ix":2}},{"ty":"tm","bm":0,"hd":false,"nm":"","e":{"a":1,"k":[{"o":{"x":0.167,"y":0.167},"i":{"x":0.833,"y":0.833},"s":[0],"t":71},{"s":[100],"t":96}],"ix":2},"o":{"a":0,"k":0,"ix":2},"s":{"a":1,"k":[{"o":{"x":0.167,"y":0.167},"i":{"x":0.833,"y":0.833},"s":[0],"t":96},{"s":[100],"t":121}],"ix":2},"m":1},{"ty":"tr","a":{"a":0,"k":[65.881,41.566],"ix":2},"s":{"a":0,"k":[100,100],"ix":2},"sk":{"a":0,"k":0,"ix":2},"p":{"a":0,"k":[65.88099670410156,41.56600189208984],"ix":2},"r":{"a":0,"k":0,"ix":2},"sa":{"a":0,"k":0,"ix":2},"o":{"a":0,"k":100,"ix":2}}]},{"ty":"gr","bm":0,"hd":false,"nm":"Path 1","it":[{"ty":"sh","bm":0,"hd":false,"nm":"","d":1,"ks":{"a":0,"k":{"c":false,"i":[[0,0],[0,0]],"o":[[0,0],[0,0]],"v":[[-13.305,13.305],[13.305,-13.305]]}}},{"ty":"st","bm":0,"hd":false,"nm":"","lc":2,"lj":1,"ml":4,"o":{"a":0,"k":100,"ix":2},"w":{"a":0,"k":5,"ix":2},"c":{"a":0,"k":[0.7294,1,0],"ix":2}},{"ty":"tm","bm":0,"hd":false,"nm":"","e":{"a":1,"k":[{"o":{"x":0.167,"y":0.167},"i":{"x":0.833,"y":0.833},"s":[0],"t":71},{"s":[100],"t":96}],"ix":2},"o":{"a":0,"k":0,"ix":2},"s":{"a":1,"k":[{"o":{"x":0.167,"y":0.167},"i":{"x":0.833,"y":0.833},"s":[0],"t":96},{"s":[100],"t":121}],"ix":2},"m":1},{"ty":"tr","a":{"a":0,"k":[0,0],"ix":2},"s":{"a":0,"k":[100,100],"ix":2},"sk":{"a":0,"k":0,"ix":2},"p":{"a":0,"k":[79.18499755859375,53.26200103759766],"ix":2},"r":{"a":0,"k":0,"ix":2},"sa":{"a":0,"k":0,"ix":2},"o":{"a":0,"k":100,"ix":2}}]},{"ty":"gr","bm":0,"hd":false,"nm":"Path 1","it":[{"ty":"sh","bm":0,"hd":false,"nm":"","d":1,"ks":{"a":0,"k":{"c":false,"i":[[0,0],[0,0]],"o":[[0,0],[0,0]],"v":[[65.881,66.566],[115.881,66.566]]}}},{"ty":"st","bm":0,"hd":false,"nm":"","lc":2,"lj":1,"ml":4,"o":{"a":0,"k":100,"ix":2},"w":{"a":0,"k":5,"ix":2},"c":{"a":0,"k":[0.7294,1,0],"ix":2}},{"ty":"tm","bm":0,"hd":false,"nm":"","e":{"a":1,"k":[{"o":{"x":0.167,"y":0.167},"i":{"x":0.833,"y":0.833},"s":[0],"t":71},{"s":[100],"t":96}],"ix":2},"o":{"a":0,"k":0,"ix":2},"s":{"a":1,"k":[{"o":{"x":0.167,"y":0.167},"i":{"x":0.833,"y":0.833},"s":[0],"t":96},{"s":[100],"t":121}],"ix":2},"m":1},{"ty":"tr","a":{"a":0,"k":[90.881,66.566],"ix":2},"s":{"a":0,"k":[100,100],"ix":2},"sk":{"a":0,"k":0,"ix":2},"p":{"a":0,"k":[90.88099670410156,66.56600189208984],"ix":2},"r":{"a":0,"k":0,"ix":2},"sa":{"a":0,"k":0,"ix":2},"o":{"a":0,"k":100,"ix":2}}]},{"ty":"gr","bm":0,"hd":false,"nm":"Path 1","it":[{"ty":"sh","bm":0,"hd":false,"nm":"","d":1,"ks":{"a":0,"k":{"c":false,"i":[[0,0],[0,0]],"o":[[0,0],[0,0]],"v":[[-13.305,-13.305],[13.305,13.305]]}}},{"ty":"st","bm":0,"hd":false,"nm":"","lc":2,"lj":1,"ml":4,"o":{"a":0,"k":100,"ix":2},"w":{"a":0,"k":5,"ix":2},"c":{"a":0,"k":[0.7294,1,0],"ix":2}},{"ty":"tm","bm":0,"hd":false,"nm":"","e":{"a":1,"k":[{"o":{"x":0.167,"y":0.167},"i":{"x":0.833,"y":0.833},"s":[0],"t":71},{"s":[100],"t":96}],"ix":2},"o":{"a":0,"k":0,"ix":2},"s":{"a":1,"k":[{"o":{"x":0.167,"y":0.167},"i":{"x":0.833,"y":0.833},"s":[0],"t":96},{"s":[100],"t":121}],"ix":2},"m":1},{"ty":"tr","a":{"a":0,"k":[0,0],"ix":2},"s":{"a":0,"k":[100,100],"ix":2},"sk":{"a":0,"k":0,"ix":2},"p":{"a":0,"k":[79.18499755859375,79.87100219726562],"ix":2},"r":{"a":0,"k":0,"ix":2},"sa":{"a":0,"k":0,"ix":2},"o":{"a":0,"k":100,"ix":2}}]},{"ty":"gr","bm":0,"hd":false,"nm":"Path 1","it":[{"ty":"sh","bm":0,"hd":false,"nm":"","d":1,"ks":{"a":0,"k":{"c":false,"i":[[0,0],[0,0]],"o":[[0,0],[0,0]],"v":[[65.881,66.566],[65.881,116.566]]}}},{"ty":"st","bm":0,"hd":false,"nm":"","lc":2,"lj":1,"ml":4,"o":{"a":0,"k":100,"ix":2},"w":{"a":0,"k":5,"ix":2},"c":{"a":0,"k":[0.7294,1,0],"ix":2}},{"ty":"tm","bm":0,"hd":false,"nm":"","e":{"a":1,"k":[{"o":{"x":0.167,"y":0.167},"i":{"x":0.833,"y":0.833},"s":[0],"t":71},{"s":[100],"t":96}],"ix":2},"o":{"a":0,"k":0,"ix":2},"s":{"a":1,"k":[{"o":{"x":0.167,"y":0.167},"i":{"x":0.833,"y":0.833},"s":[0],"t":96},{"s":[100],"t":121}],"ix":2},"m":1},{"ty":"tr","a":{"a":0,"k":[65.881,91.566],"ix":2},"s":{"a":0,"k":[100,100],"ix":2},"sk":{"a":0,"k":0,"ix":2},"p":{"a":0,"k":[65.88099670410156,91.56600189208984],"ix":2},"r":{"a":0,"k":0,"ix":2},"sa":{"a":0,"k":0,"ix":2},"o":{"a":0,"k":100,"ix":2}}]},{"ty":"tr","a":{"a":0,"k":[66.913,65.152],"ix":2},"s":{"a":0,"k":[100,100],"ix":2},"sk":{"a":0,"k":0,"ix":2},"p":{"a":0,"k":[355.261,198.012],"ix":2},"r":{"a":0,"k":-2.139,"ix":2},"sa":{"a":0,"k":0,"ix":2},"o":{"a":0,"k":100,"ix":2}}]},{"ty":"tr","a":{"a":0,"k":[0,0],"ix":2},"s":{"a":0,"k":[100,100],"ix":2},"sk":{"a":0,"k":0,"ix":2},"p":{"a":0,"k":[0,0],"ix":2},"r":{"a":0,"k":0,"ix":2},"sa":{"a":0,"k":0,"ix":2},"o":{"a":1,"k":[{"h":1,"o":{"x":0.167,"y":0.167},"i":{"x":0.833,"y":0.833},"s":[100],"t":0},{"s":[0],"t":121}],"ix":2}}]}],"ind":1},{"ty":4,"nm":"ÃÂ·3","sr":1,"st":0,"op":201,"ip":0,"hd":false,"ddd":0,"bm":0,"hasMask":false,"ao":0,"ks":{"a":{"a":0,"k":[80.044,79.044],"ix":2},"s":{"a":1,"k":[{"o":{"x":0.333,"y":0},"i":{"x":0.667,"y":1},"s":[77.00740277271868,77.00740277271868],"t":71},{"o":{"x":0.333,"y":0},"i":{"x":0.667,"y":1},"s":[112.4308080481693,112.4308080481693],"t":88},{"s":[77.00740277271868,77.00740277271868],"t":121}],"ix":2},"sk":{"a":0,"k":0,"ix":2},"p":{"a":0,"k":[432.0806274414062,245.5954895019531],"ix":2},"r":{"a":0,"k":0,"ix":2},"sa":{"a":0,"k":0,"ix":2},"o":{"a":0,"k":100,"ix":2}},"ef":[],"shapes":[{"ty":"gr","bm":0,"hd":false,"nm":"Path 1","it":[{"ty":"sh","bm":0,"hd":false,"nm":"","d":1,"ks":{"a":0,"k":{"c":true,"i":[[0,0],[0,0],[0,0],[0,0],[0,0],[0,0],[0,0],[0,0],[0,0],[0,0]],"o":[[0,0],[0,0],[0,0],[0,0],[0,0],[0,0],[0,0],[0,0],[0,0],[0,0]],"v":[[8.49,-8.49],[40,-0.005],[8.49,8.48],[0.005,40],[-8.48,8.48],[-40,-0.005],[-8.48,-8.49],[0.005,-40],[8.49,-8.49],[8.49,-8.49]]}}},{"ty":"st","bm":0,"hd":false,"nm":"","lc":2,"lj":2,"ml":4,"o":{"a":0,"k":100,"ix":2},"w":{"a":0,"k":5,"ix":2},"c":{"a":0,"k":[0.7294,1,0],"ix":2}},{"ty":"fl","bm":0,"hd":false,"nm":"","c":{"a":0,"k":[0.7294,1,0],"ix":2},"r":1,"o":{"a":0,"k":100,"ix":2}},{"ty":"tr","a":{"a":0,"k":[0,0],"ix":2},"s":{"a":0,"k":[100,100],"ix":2},"sk":{"a":0,"k":0,"ix":2},"p":{"a":0,"k":[80.04299926757812,79.04399871826172],"ix":2},"r":{"a":0,"k":0,"ix":2},"sa":{"a":0,"k":0,"ix":2},"o":{"a":0,"k":100,"ix":2}}]}],"ind":2},{"ty":4,"nm":"ÃÂ·2","sr":1,"st":0,"op":201,"ip":0,"hd":false,"ddd":0,"bm":0,"hasMask":false,"ao":0,"ks":{"a":{"a":0,"k":[80.044,79.044],"ix":2},"s":{"a":1,"k":[{"o":{"x":0.333,"y":0},"i":{"x":0.667,"y":1},"s":[74.24056478698327,74.24056478698327],"t":17},{"o":{"x":0.333,"y":0},"i":{"x":0.667,"y":1},"s":[108.3912245889956,108.3912245889956],"t":33},{"s":[74.24056478698327,74.24056478698327],"t":67}],"ix":2},"sk":{"a":0,"k":0,"ix":2},"p":{"a":0,"k":[119.044,75.044],"ix":2},"r":{"a":0,"k":0,"ix":2},"sa":{"a":0,"k":0,"ix":2},"o":{"a":0,"k":100,"ix":2}},"ef":[],"shapes":[{"ty":"gr","bm":0,"hd":false,"nm":"Path 1","it":[{"ty":"sh","bm":0,"hd":false,"nm":"","d":1,"ks":{"a":0,"k":{"c":true,"i":[[0,0],[0,0],[0,0],[0,0],[0,0],[0,0],[0,0],[0,0],[0,0],[0,0]],"o":[[0,0],[0,0],[0,0],[0,0],[0,0],[0,0],[0,0],[0,0],[0,0],[0,0]],"v":[[8.49,-8.49],[40,-0.005],[8.49,8.48],[0.005,40],[-8.48,8.48],[-40,-0.005],[-8.48,-8.49],[0.005,-40],[8.49,-8.49],[8.49,-8.49]]}}},{"ty":"st","bm":0,"hd":false,"nm":"","lc":2,"lj":2,"ml":4,"o":{"a":0,"k":100,"ix":2},"w":{"a":0,"k":5,"ix":2},"c":{"a":0,"k":[0.7294,1,0],"ix":2}},{"ty":"fl","bm":0,"hd":false,"nm":"","c":{"a":0,"k":[0.7294,1,0],"ix":2},"r":1,"o":{"a":0,"k":100,"ix":2}},{"ty":"tr","a":{"a":0,"k":[0,0],"ix":2},"s":{"a":0,"k":[100,100],"ix":2},"sk":{"a":0,"k":0,"ix":2},"p":{"a":0,"k":[80.04299926757812,79.04399871826172],"ix":2},"r":{"a":0,"k":0,"ix":2},"sa":{"a":0,"k":0,"ix":2},"o":{"a":0,"k":100,"ix":2}}]}],"ind":3},{"ty":4,"nm":"ÃÂ·1","sr":1,"st":0,"op":201,"ip":0,"hd":false,"ddd":0,"bm":0,"hasMask":false,"ao":0,"ks":{"a":{"a":0,"k":[80.044,79.044],"ix":2},"s":{"a":1,"k":[{"o":{"x":0.333,"y":0},"i":{"x":0.667,"y":1},"s":[63.055243827919014,63.055243827919014],"t":133},{"o":{"x":0.333,"y":0},"i":{"x":0.667,"y":1},"s":[92.06065598876177,92.06065598876177],"t":150},{"s":[63.055243827919014,63.055243827919014],"t":183}],"ix":2},"sk":{"a":0,"k":0,"ix":2},"p":{"a":0,"k":[89.34768676757812,199.1971588134766],"ix":2},"r":{"a":0,"k":0,"ix":2},"sa":{"a":0,"k":0,"ix":2},"o":{"a":0,"k":100,"ix":2}},"ef":[],"shapes":[{"ty":"gr","bm":0,"hd":false,"nm":"Path 1","it":[{"ty":"sh","bm":0,"hd":false,"nm":"","d":1,"ks":{"a":0,"k":{"c":true,"i":[[0,0],[0,0],[0,0],[0,0],[0,0],[0,0],[0,0],[0,0],[0,0],[0,0]],"o":[[0,0],[0,0],[0,0],[0,0],[0,0],[0,0],[0,0],[0,0],[0,0],[0,0]],"v":[[8.49,-8.49],[40,-0.005],[8.49,8.48],[0.005,40],[-8.48,8.48],[-40,-0.005],[-8.48,-8.49],[0.005,-40],[8.49,-8.49],[8.49,-8.49]]}}},{"ty":"st","bm":0,"hd":false,"nm":"","lc":2,"lj":2,"ml":4,"o":{"a":0,"k":100,"ix":2},"w":{"a":0,"k":5,"ix":2},"c":{"a":0,"k":[1,1,1],"ix":2}},{"ty":"fl","bm":0,"hd":false,"nm":"","c":{"a":0,"k":[1,1,1],"ix":2},"r":1,"o":{"a":0,"k":100,"ix":2}},{"ty":"tr","a":{"a":0,"k":[0,0],"ix":2},"s":{"a":0,"k":[100,100],"ix":2},"sk":{"a":0,"k":0,"ix":2},"p":{"a":0,"k":[80.04299926757812,79.04399871826172],"ix":2},"r":{"a":0,"k":0,"ix":2},"sa":{"a":0,"k":0,"ix":2},"o":{"a":0,"k":100,"ix":2}}]}],"ind":4},{"ty":4,"nm":"ÃÂ¨ÃÂ°ÃÂ 2 Outlines 2","sr":1,"st":0,"op":201,"ip":0,"hd":false,"ddd":0,"bm":0,"hasMask":false,"ao":0,"ks":{"a":{"a":0,"k":[246.217,288.874],"ix":2},"s":{"a":0,"k":[100,100],"ix":2},"sk":{"a":0,"k":0,"ix":2},"p":{"a":0,"k":[246.217,288.874],"ix":2},"r":{"a":1,"k":[{"o":{"x":0.333,"y":0},"i":{"x":0.667,"y":1},"s":[0],"t":17},{"o":{"x":0.333,"y":0},"i":{"x":0.667,"y":0.86},"s":[-3],"t":67},{"o":{"x":0.333,"y":-0.21},"i":{"x":0.667,"y":1},"s":[3],"t":133},{"s":[0],"t":183}],"ix":2},"sa":{"a":0,"k":0,"ix":2},"o":{"a":1,"k":[{"o":{"x":0.167,"y":0},"i":{"x":0.833,"y":1},"s":[100],"t":67},{"s":[0],"t":100}],"ix":2}},"ef":[],"shapes":[{"ty":"gr","bm":0,"hd":false,"nm":"Path 1","it":[{"ty":"sh","bm":0,"hd":false,"nm":"","d":1,"ks":{"a":0,"k":{"c":false,"i":[[0,0],[2.19,0],[0.95,0.53]],"o":[[-2.06,0.4],[-11.35,0],[0,0]],"v":[[14.09,2.25],[7.71,2.84],[-14.09,-2.84]]}}},{"ty":"gs","bm":0,"hd":false,"nm":"","e":{"a":0,"k":[50,0],"ix":2},"g":{"p":2,"k":{"a":0,"k":[0,0.19215686274509805,0.8,0.0196078431372549,1,0.7333333333333333,1,0,0,1,1,0.9999841209349595],"ix":2}},"t":1,"a":{"a":0,"k":0},"h":{"a":0,"k":0},"s":{"a":0,"k":[-50,0],"ix":2},"lc":2,"lj":2,"ml":4,"o":{"a":0,"k":100,"ix":2},"w":{"a":0,"k":5,"ix":2}},{"ty":"tr","a":{"a":0,"k":[0,0],"ix":2},"s":{"a":0,"k":[100,100],"ix":2},"sk":{"a":0,"k":0,"ix":2},"p":{"a":0,"k":[284.0660095214844,262.0369873046875],"ix":2},"r":{"a":0,"k":0,"ix":2},"sa":{"a":0,"k":0,"ix":2},"o":{"a":0,"k":100,"ix":2}}]},{"ty":"gr","bm":0,"hd":false,"nm":"Path 1","it":[{"ty":"sh","bm":0,"hd":false,"nm":"","d":1,"ks":{"a":0,"k":{"c":false,"i":[[0,0],[3.88,17.56]],"o":[[-10.49,-11.37],[0,0]],"v":[[11.135,22.43],[-11.135,-22.43]]}}},{"ty":"gs","bm":0,"hd":false,"nm":"","e":{"a":0,"k":[50,0],"ix":2},"g":{"p":2,"k":{"a":0,"k":[0,0.19215686274509805,0.8,0.0196078431372549,1,0.7333333333333333,1,0,0,1,1,0.9999841209349595],"ix":2}},"t":1,"a":{"a":0,"k":0},"h":{"a":0,"k":0},"s":{"a":0,"k":[-50,0],"ix":2},"lc":2,"lj":2,"ml":4,"o":{"a":0,"k":100,"ix":2},"w":{"a":0,"k":5,"ix":2}},{"ty":"tr","a":{"a":0,"k":[0,0],"ix":2},"s":{"a":0,"k":[100,100],"ix":2},"sk":{"a":0,"k":0,"ix":2},"p":{"a":0,"k":[167.4230041503906,230.2870025634766],"ix":2},"r":{"a":0,"k":0,"ix":2},"sa":{"a":0,"k":0,"ix":2},"o":{"a":0,"k":100,"ix":2}}]},{"ty":"gr","bm":0,"hd":false,"nm":"Path 1","it":[{"ty":"sh","bm":0,"hd":false,"nm":"","d":1,"ks":{"a":0,"k":{"c":false,"i":[[0,0],[-6.05,0]],"o":[[6.63,-3.08],[0,0]],"v":[[-9.56,2.32],[9.56,-2.32]]}}},{"ty":"gs","bm":0,"hd":false,"nm":"","e":{"a":0,"k":[48.77402496337891,8.866647720336914],"ix":2},"g":{"p":2,"k":{"a":0,"k":[0,0.19215686274509805,0.8,0.0196078431372549,1,0.7333333333333333,1,0,0,1,1,0.9999841209349595],"ix":2}},"t":1,"a":{"a":0,"k":0},"h":{"a":0,"k":0},"s":{"a":0,"k":[-50,0],"ix":2},"lc":2,"lj":2,"ml":4,"o":{"a":0,"k":100,"ix":2},"w":{"a":0,"k":5,"ix":2}},{"ty":"tr","a":{"a":0,"k":[0,0],"ix":2},"s":{"a":0,"k":[100,100],"ix":2},"sk":{"a":0,"k":0,"ix":2},"p":{"a":0,"k":[186.0980072021484,136.0870056152344],"ix":2},"r":{"a":0,"k":0,"ix":2},"sa":{"a":0,"k":0,"ix":2},"o":{"a":0,"k":100,"ix":2}}]},{"ty":"gr","bm":0,"hd":false,"nm":"Path 1","it":[{"ty":"sh","bm":0,"hd":false,"nm":"","d":1,"ks":{"a":0,"k":{"c":true,"i":[[0,0],[49.71,-23.05],[-109.55,65.34],[-26.01,120.18],[27.4,-48.12],[0,0],[0,0],[0,0]],"o":[[0,0],[-75.59,35.06],[0,0],[26,-120.19],[0,0],[0,0],[0,0],[0,0]],"v":[[8.15,-68.74],[-71.59,-91.44],[19.94,64.63],[121.18,-9.78],[8.15,-68.77],[8.15,-68.75],[8.15,-68.74],[8.15,-68.74]]}}},{"ty":"gs","bm":0,"hd":false,"nm":"","e":{"a":0,"k":[113.3966064453125,67.57389831542969],"ix":2},"g":{"p":2,"k":{"a":0,"k":[0,0.19215686274509805,0.8,0.0196078431372549,1,0.7333333333333333,1,0,0,1,1,0.9999841209349595],"ix":2}},"t":1,"a":{"a":0,"k":0},"h":{"a":0,"k":0},"s":{"a":0,"k":[22.04560852050781,39.60834503173828],"ix":2},"lc":2,"lj":2,"ml":4,"o":{"a":0,"k":100,"ix":2},"w":{"a":0,"k":5,"ix":2}},{"ty":"tr","a":{"a":0,"k":[9.577081367707734,-12.59486311317394],"ix":2},"s":{"a":0,"k":[100,100],"ix":2},"sk":{"a":0,"k":0,"ix":2},"p":{"a":0,"k":[249.2640838623047,199.1121368408203],"ix":2},"r":{"a":0,"k":0,"ix":2},"sa":{"a":0,"k":0,"ix":2},"o":{"a":0,"k":100,"ix":2}}]},{"ty":"gr","bm":0,"hd":false,"nm":"Path 1","it":[{"ty":"sh","bm":0,"hd":false,"nm":"","d":1,"ks":{"a":0,"k":{"c":true,"i":[[0,0],[0,0],[0,0],[49.709,-23.05],[-109.55,65.34],[-26.01,120.18],[33.604,0.003],[11.752,-20.638],[0,0]],"o":[[0,0],[0,0],[0,0],[-75.591,35.06],[0,0],[14.848,-68.641],[-25.236,-0.003],[0,0],[0,0]],"v":[[13.725,-76.51],[13.725,-76.49],[13.725,-76.48],[-66.014,-99.18],[25.516,56.891],[126.757,-17.521],[77.952,-111.339],[13.725,-76.51],[13.725,-76.51]]}}},{"ty":"fl","bm":0,"hd":false,"nm":"","c":{"a":0,"k":[0.7294,1,0],"ix":2},"r":1,"o":{"a":0,"k":100,"ix":2}},{"ty":"tr","a":{"a":0,"k":[15.15284362437838,-20.33467062486365],"ix":2},"s":{"a":0,"k":[100,100],"ix":2},"sk":{"a":0,"k":0,"ix":2},"p":{"a":0,"k":[249.2648468017578,199.1133270263672],"ix":2},"r":{"a":0,"k":0,"ix":2},"sa":{"a":0,"k":0,"ix":2},"o":{"a":0,"k":100,"ix":2}}]}],"ind":5},{"ty":4,"nm":"ÃÂ¨ÃÂ°ÃÂ 2 Outlines","sr":1,"st":0,"op":201,"ip":0,"hd":false,"ddd":0,"bm":0,"hasMask":false,"ao":0,"ks":{"a":{"a":0,"k":[246.217,288.874],"ix":2},"s":{"a":0,"k":[100,100],"ix":2},"sk":{"a":0,"k":0,"ix":2},"p":{"a":0,"k":[246.217,288.874],"ix":2},"r":{"a":1,"k":[{"o":{"x":0.333,"y":0},"i":{"x":0.667,"y":1},"s":[0],"t":17},{"o":{"x":0.333,"y":0},"i":{"x":0.667,"y":0.86},"s":[-3],"t":67},{"o":{"x":0.333,"y":-0.21},"i":{"x":0.667,"y":1},"s":[3],"t":133},{"s":[0],"t":183}],"ix":2},"sa":{"a":0,"k":0,"ix":2},"o":{"a":0,"k":100,"ix":2}},"ef":[],"shapes":[{"ty":"gr","bm":0,"hd":false,"nm":"Path 1","it":[{"ty":"sh","bm":0,"hd":false,"nm":"","d":1,"ks":{"a":0,"k":{"c":false,"i":[[0,0],[2.19,0],[0.95,0.53]],"o":[[-2.06,0.4],[-11.35,0],[0,0]],"v":[[14.09,2.25],[7.71,2.84],[-14.09,-2.84]]}}},{"ty":"st","bm":0,"hd":false,"nm":"","lc":2,"lj":2,"ml":4,"o":{"a":0,"k":100,"ix":2},"w":{"a":0,"k":5,"ix":2},"c":{"a":0,"k":[0.1922,0.8,0.0157],"ix":2}},{"ty":"tr","a":{"a":0,"k":[0,0],"ix":2},"s":{"a":0,"k":[100,100],"ix":2},"sk":{"a":0,"k":0,"ix":2},"p":{"a":0,"k":[284.0660095214844,262.0369873046875],"ix":2},"r":{"a":0,"k":0,"ix":2},"sa":{"a":0,"k":0,"ix":2},"o":{"a":0,"k":100,"ix":2}}]},{"ty":"gr","bm":0,"hd":false,"nm":"Path 1","it":[{"ty":"sh","bm":0,"hd":false,"nm":"","d":1,"ks":{"a":0,"k":{"c":false,"i":[[0,0],[3.88,17.56]],"o":[[-10.49,-11.37],[0,0]],"v":[[11.135,22.43],[-11.135,-22.43]]}}},{"ty":"st","bm":0,"hd":false,"nm":"","lc":2,"lj":2,"ml":4,"o":{"a":0,"k":100,"ix":2},"w":{"a":0,"k":5,"ix":2},"c":{"a":0,"k":[0.1922,0.8,0.0157],"ix":2}},{"ty":"tr","a":{"a":0,"k":[0,0],"ix":2},"s":{"a":0,"k":[100,100],"ix":2},"sk":{"a":0,"k":0,"ix":2},"p":{"a":0,"k":[167.4230041503906,230.2870025634766],"ix":2},"r":{"a":0,"k":0,"ix":2},"sa":{"a":0,"k":0,"ix":2},"o":{"a":0,"k":100,"ix":2}}]},{"ty":"gr","bm":0,"hd":false,"nm":"Path 1","it":[{"ty":"sh","bm":0,"hd":false,"nm":"","d":1,"ks":{"a":0,"k":{"c":false,"i":[[0,0],[-6.05,0]],"o":[[6.63,-3.08],[0,0]],"v":[[-9.56,2.32],[9.56,-2.32]]}}},{"ty":"st","bm":0,"hd":false,"nm":"","lc":2,"lj":2,"ml":4,"o":{"a":0,"k":100,"ix":2},"w":{"a":0,"k":5,"ix":2},"c":{"a":0,"k":[0.1922,0.8,0.0157],"ix":2}},{"ty":"tr","a":{"a":0,"k":[0,0],"ix":2},"s":{"a":0,"k":[100,100],"ix":2},"sk":{"a":0,"k":0,"ix":2},"p":{"a":0,"k":[186.0980072021484,136.0870056152344],"ix":2},"r":{"a":0,"k":0,"ix":2},"sa":{"a":0,"k":0,"ix":2},"o":{"a":0,"k":100,"ix":2}}]},{"ty":"gr","bm":0,"hd":false,"nm":"Path 1","it":[{"ty":"sh","bm":0,"hd":false,"nm":"","d":1,"ks":{"a":0,"k":{"c":true,"i":[[0,0],[-35.49,0],[-3.55,-0.6],[20.06,-35.25],[49.71,-23.05],[-109.55,65.34],[-32.53,46.25],[0,32.89],[0,0],[0,0],[0,0]],"o":[[0,-35.2],[3.71,0],[-23.27,-40.9],[0,0],[-75.59,35.05],[0,0],[-32.24,-3.42],[0,0],[0,0],[0,0],[0,0]],"v":[[56.79,-21.48],[121.07,-85.22],[131.95,-84.29],[23.38,-73.52],[-56.36,-96.22],[35.17,59.85],[114.17,41.86],[56.82,-21.5],[56.8,-21.48],[56.79,-21.48],[56.79,-21.48]]}}},{"ty":"st","bm":0,"hd":false,"nm":"","lc":2,"lj":2,"ml":4,"o":{"a":0,"k":100,"ix":2},"w":{"a":0,"k":5,"ix":2},"c":{"a":0,"k":[0.1922,0.8,0.0157],"ix":2}},{"ty":"tr","a":{"a":0,"k":[20.62904015439322,-17.35878737834803],"ix":2},"s":{"a":0,"k":[100,100],"ix":2},"sk":{"a":0,"k":0,"ix":2},"p":{"a":0,"k":[245.1010437011719,199.1282043457031],"ix":2},"r":{"a":0,"k":0,"ix":2},"sa":{"a":0,"k":0,"ix":2},"o":{"a":0,"k":100,"ix":2}}]},{"ty":"gr","bm":0,"hd":false,"nm":"Path 1","it":[{"ty":"sh","bm":0,"hd":false,"nm":"","d":1,"ks":{"a":0,"k":{"c":true,"i":[[0,0],[-35.49,0],[-3.55,-0.6],[20.06,-35.25],[49.71,-23.05],[-109.55,65.34],[-32.53,46.25],[0,32.89],[0,0],[0,0],[0,0]],"o":[[0,-35.2],[3.71,0],[-23.27,-40.9],[0,0],[-75.59,35.05],[0,0],[-32.24,-3.42],[0,0],[0,0],[0,0],[0,0]],"v":[[56.79,-7.515],[121.07,-71.255],[131.95,-70.325],[23.38,-59.555],[-56.36,-82.255],[35.17,73.815],[114.17,55.825],[56.82,-7.535],[56.8,-7.515],[56.79,-7.515],[56.79,-7.515]]}}},{"ty":"fl","bm":0,"hd":false,"nm":"","c":{"a":0,"k":[0.7294,1,0],"ix":2},"r":1,"o":{"a":0,"k":100,"ix":2}},{"ty":"tr","a":{"a":0,"k":[20.62904015439322,-3.393787378348037],"ix":2},"s":{"a":0,"k":[100,100],"ix":2},"sk":{"a":0,"k":0,"ix":2},"p":{"a":0,"k":[245.1010437011719,199.1282196044922],"ix":2},"r":{"a":0,"k":0,"ix":2},"sa":{"a":0,"k":0,"ix":2},"o":{"a":0,"k":100,"ix":2}}]},{"ty":"gr","bm":0,"hd":false,"nm":"ÃÂ¨ÃÂ°ÃÂ 4 Outlines","it":[{"ty":"gr","bm":0,"hd":false,"nm":"Path 1","it":[{"ty":"sh","bm":0,"hd":false,"nm":"","d":1,"ks":{"a":0,"k":{"c":true,"i":[[0,0],[0,0],[0,-39.88],[0,3.47],[28.59,34.27],[0,0]],"o":[[-7.45,0.69],[0,0],[0,0],[0,-3.47],[0,0],[0,0]],"v":[[-10.305,-36.195],[-18.285,-31.565],[13.615,32.725],[16.415,32.725],[-10.305,-36.195],[-10.305,-36.195]]}}},{"ty":"st","bm":0,"hd":false,"nm":"","lc":2,"lj":2,"ml":4,"o":{"a":0,"k":100,"ix":2},"w":{"a":0,"k":5,"ix":2},"c":{"a":0,"k":[0.851,0.851,0.851],"ix":2}},{"ty":"gf","bm":0,"hd":false,"nm":"","e":{"a":0,"k":[50,0],"ix":2},"g":{"p":2,"k":{"a":0,"k":[0,0.4823529411764706,0.4666666666666667,0.4666666666666667,1,0.1568627450980392,0.1450980392156863,0.1450980392156863,0,1,1,0.9999841209349595],"ix":2}},"t":1,"a":{"a":0,"k":0},"h":{"a":0,"k":0},"s":{"a":0,"k":[-50,0],"ix":2},"r":1,"o":{"a":0,"k":100,"ix":2}},{"ty":"tr","a":{"a":0,"k":[-0.9224875197193647,-0.9638888888888886],"ix":2},"s":{"a":0,"k":[100,100],"ix":2},"sk":{"a":0,"k":0,"ix":2},"p":{"a":0,"k":[231.9085083007812,109.1081085205078],"ix":2},"r":{"a":0,"k":0,"ix":2},"sa":{"a":0,"k":0,"ix":2},"o":{"a":0,"k":100,"ix":2}}]},{"ty":"gr","bm":0,"hd":false,"nm":"ÃÂ¨ÃÂ°ÃÂ 5 Outlines","it":[{"ty":"gr","bm":0,"hd":false,"nm":"Path 1","it":[{"ty":"sh","bm":0,"hd":false,"nm":"","d":1,"ks":{"a":0,"k":{"c":true,"i":[[0,0],[-11.84,-110.96],[8.99,87.31],[0,0]],"o":[[0,0],[0,0],[0,0],[0,0]],"v":[[40.78,-41.03],[-37.93,55.48],[40.78,-41.03],[40.78,-41.03]]}}},{"ty":"st","bm":0,"hd":false,"nm":"","lc":2,"lj":2,"ml":4,"o":{"a":0,"k":100,"ix":2},"w":{"a":0,"k":5,"ix":2},"c":{"a":0,"k":[0.851,0.851,0.851],"ix":2}},{"ty":"gf","bm":0,"hd":false,"nm":"","e":{"a":0,"k":[66.814208984375,55.47999572753906],"ix":2},"g":{"p":2,"k":{"a":0,"k":[0,0.4823529411764706,0.4666666666666667,0.4666666666666667,1,0.1568627450980392,0.1450980392156863,0.1450980392156863,0,1,1,0.9999841209349595],"ix":2}},"t":1,"a":{"a":0,"k":0},"h":{"a":0,"k":0},"s":{"a":0,"k":[-50,0],"ix":2},"r":1,"o":{"a":0,"k":100,"ix":2}},{"ty":"tr","a":{"a":0,"k":[1.214605192552966,6.916506165212013],"ix":2},"s":{"a":0,"k":[100,100],"ix":2},"sk":{"a":0,"k":0,"ix":2},"p":{"a":0,"k":[283.3595886230469,69.67350769042969],"ix":2},"r":{"a":0,"k":0,"ix":2},"sa":{"a":0,"k":0,"ix":2},"o":{"a":0,"k":100,"ix":2}}]},{"ty":"tr","a":{"a":0,"k":[243.796,116.983],"ix":2},"s":{"a":0,"k":[100,100],"ix":2},"sk":{"a":0,"k":0,"ix":2},"p":{"a":0,"k":[243.796,116.983],"ix":2},"r":{"a":1,"k":[{"o":{"x":0.333,"y":0},"i":{"x":0.833,"y":1},"s":[0],"t":17},{"o":{"x":0.167,"y":0},"i":{"x":0.833,"y":1},"s":[6],"t":67},{"o":{"x":0.167,"y":0},"i":{"x":0.667,"y":1},"s":[-16],"t":133},{"s":[0],"t":183}],"ix":2},"sa":{"a":0,"k":0,"ix":2},"o":{"a":0,"k":100,"ix":2}}]},{"ty":"tr","a":{"a":0,"k":[248.223,143.786],"ix":2},"s":{"a":0,"k":[100,100],"ix":2},"sk":{"a":0,"k":0,"ix":2},"p":{"a":0,"k":[248.223,143.786],"ix":2},"r":{"a":1,"k":[{"o":{"x":0.333,"y":0},"i":{"x":0.833,"y":1},"s":[0],"t":67},{"o":{"x":0.167,"y":0},"i":{"x":0.833,"y":1},"s":[6],"t":133},{"s":[0],"t":183}],"ix":2},"sa":{"a":0,"k":0,"ix":2},"o":{"a":0,"k":100,"ix":2}}]}],"ind":6}],"v":"5.7.5","fr":100,"op":200,"ip":0,"assets":[]}