{"nm":"Comp 1","ddd":0,"h":430,"w":670,"meta":{"g":"@lottiefiles/toolkit-js 0.33.2"},"layers":[{"ty":4,"nm":"Ð±Ð¼4 (In/Out)","sr":1,"st":0,"op":201,"ip":0,"hd":false,"ddd":0,"bm":0,"hasMask":false,"ao":0,"ks":{"a":{"a":0,"k":[0,0],"ix":2},"s":{"a":0,"k":[100,100],"ix":2},"sk":{"a":0,"k":0,"ix":2},"p":{"a":0,"k":[0,0],"ix":2},"r":{"a":0,"k":0,"ix":2},"sa":{"a":0,"k":0,"ix":2},"o":{"a":1,"k":[{"h":1,"o":{"x":0.167,"y":0.167},"i":{"x":0.833,"y":0.833},"s":[100],"t":-542},{"s":[0],"t":58}],"ix":2}},"ef":[],"shapes":[{"ty":"gr","bm":0,"hd":false,"nm":"Ð±Ð¼4","it":[{"ty":"gr","bm":0,"hd":false,"nm":"Path 1","it":[{"ty":"sh","bm":0,"hd":false,"nm":"","d":1,"ks":{"a":0,"k":{"c":false,"i":[[0,0],[0,0]],"o":[[0,0],[0,0]],"v":[[65.881,66.566],[38.194,66.566]]}}},{"ty":"st","bm":0,"hd":false,"nm":"","lc":2,"lj":1,"ml":4,"o":{"a":0,"k":100,"ix":2},"w":{"a":0,"k":5,"ix":2},"c":{"a":0,"k":[0.7333,1,0],"ix":2}},{"ty":"tm","bm":0,"hd":false,"nm":"","e":{"a":1,"k":[{"o":{"x":0.167,"y":0.167},"i":{"x":0.833,"y":0.833},"s":[0],"t":8},{"s":[100],"t":33}],"ix":2},"o":{"a":0,"k":0,"ix":2},"s":{"a":1,"k":[{"o":{"x":0.167,"y":0.167},"i":{"x":0.833,"y":0.833},"s":[0],"t":33},{"s":[100],"t":58}],"ix":2},"m":1},{"ty":"tr","a":{"a":0,"k":[52.0375,66.566],"ix":2},"s":{"a":0,"k":[100,100],"ix":2},"sk":{"a":0,"k":0,"ix":2},"p":{"a":0,"k":[52.03749847412109,66.56600189208984],"ix":2},"r":{"a":0,"k":0,"ix":2},"sa":{"a":0,"k":0,"ix":2},"o":{"a":0,"k":100,"ix":2}}]},{"ty":"gr","bm":0,"hd":false,"nm":"Path 1","it":[{"ty":"sh","bm":0,"hd":false,"nm":"","d":1,"ks":{"a":0,"k":{"c":false,"i":[[0,0],[0,0]],"o":[[0,0],[0,0]],"v":[[65.881,66.566],[65.881,38.879]]}}},{"ty":"st","bm":0,"hd":false,"nm":"","lc":2,"lj":1,"ml":4,"o":{"a":0,"k":100,"ix":2},"w":{"a":0,"k":5,"ix":2},"c":{"a":0,"k":[0.7333,1,0],"ix":2}},{"ty":"tm","bm":0,"hd":false,"nm":"","e":{"a":1,"k":[{"o":{"x":0.167,"y":0.167},"i":{"x":0.833,"y":0.833},"s":[0],"t":8},{"s":[100],"t":33}],"ix":2},"o":{"a":0,"k":0,"ix":2},"s":{"a":1,"k":[{"o":{"x":0.167,"y":0.167},"i":{"x":0.833,"y":0.833},"s":[0],"t":33},{"s":[100],"t":58}],"ix":2},"m":1},{"ty":"tr","a":{"a":0,"k":[65.881,52.7225],"ix":2},"s":{"a":0,"k":[100,100],"ix":2},"sk":{"a":0,"k":0,"ix":2},"p":{"a":0,"k":[65.88099670410156,52.72249984741211],"ix":2},"r":{"a":0,"k":0,"ix":2},"sa":{"a":0,"k":0,"ix":2},"o":{"a":0,"k":100,"ix":2}}]},{"ty":"gr","bm":0,"hd":false,"nm":"Path 1","it":[{"ty":"sh","bm":0,"hd":false,"nm":"","d":1,"ks":{"a":0,"k":{"c":false,"i":[[0,0],[0,0]],"o":[[0,0],[0,0]],"v":[[65.881,66.566],[93.568,66.566]]}}},{"ty":"st","bm":0,"hd":false,"nm":"","lc":2,"lj":1,"ml":4,"o":{"a":0,"k":100,"ix":2},"w":{"a":0,"k":5,"ix":2},"c":{"a":0,"k":[0.7333,1,0],"ix":2}},{"ty":"tm","bm":0,"hd":false,"nm":"","e":{"a":1,"k":[{"o":{"x":0.167,"y":0.167},"i":{"x":0.833,"y":0.833},"s":[0],"t":8},{"s":[100],"t":33}],"ix":2},"o":{"a":0,"k":0,"ix":2},"s":{"a":1,"k":[{"o":{"x":0.167,"y":0.167},"i":{"x":0.833,"y":0.833},"s":[0],"t":33},{"s":[100],"t":58}],"ix":2},"m":1},{"ty":"tr","a":{"a":0,"k":[79.7245,66.566],"ix":2},"s":{"a":0,"k":[100,100],"ix":2},"sk":{"a":0,"k":0,"ix":2},"p":{"a":0,"k":[79.72450256347656,66.56600189208984],"ix":2},"r":{"a":0,"k":0,"ix":2},"sa":{"a":0,"k":0,"ix":2},"o":{"a":0,"k":100,"ix":2}}]},{"ty":"gr","bm":0,"hd":false,"nm":"Path 1","it":[{"ty":"sh","bm":0,"hd":false,"nm":"","d":1,"ks":{"a":0,"k":{"c":false,"i":[[0,0],[0,0]],"o":[[0,0],[0,0]],"v":[[65.881,66.566],[65.881,94.253]]}}},{"ty":"st","bm":0,"hd":false,"nm":"","lc":2,"lj":1,"ml":4,"o":{"a":0,"k":100,"ix":2},"w":{"a":0,"k":5,"ix":2},"c":{"a":0,"k":[0.7333,1,0],"ix":2}},{"ty":"tm","bm":0,"hd":false,"nm":"","e":{"a":1,"k":[{"o":{"x":0.167,"y":0.167},"i":{"x":0.833,"y":0.833},"s":[0],"t":8},{"s":[100],"t":33}],"ix":2},"o":{"a":0,"k":0,"ix":2},"s":{"a":1,"k":[{"o":{"x":0.167,"y":0.167},"i":{"x":0.833,"y":0.833},"s":[0],"t":33},{"s":[100],"t":58}],"ix":2},"m":1},{"ty":"tr","a":{"a":0,"k":[65.881,80.40950000000001],"ix":2},"s":{"a":0,"k":[100,100],"ix":2},"sk":{"a":0,"k":0,"ix":2},"p":{"a":0,"k":[65.88099670410156,80.40950012207031],"ix":2},"r":{"a":0,"k":0,"ix":2},"sa":{"a":0,"k":0,"ix":2},"o":{"a":0,"k":100,"ix":2}}]},{"ty":"tr","a":{"a":0,"k":[66.913,65.152],"ix":2},"s":{"a":0,"k":[100,100],"ix":2},"sk":{"a":0,"k":0,"ix":2},"p":{"a":0,"k":[69.913,229.152],"ix":2},"r":{"a":0,"k":0,"ix":2},"sa":{"a":0,"k":0,"ix":2},"o":{"a":0,"k":100,"ix":2}}]}],"ind":1},{"ty":4,"nm":"Ð±Ð¼3 (In/Out)","sr":1,"st":0,"op":201,"ip":0,"hd":false,"ddd":0,"bm":0,"hasMask":false,"ao":0,"ks":{"a":{"a":0,"k":[0,0],"ix":2},"s":{"a":0,"k":[100,100],"ix":2},"sk":{"a":0,"k":0,"ix":2},"p":{"a":0,"k":[0,0],"ix":2},"r":{"a":0,"k":0,"ix":2},"sa":{"a":0,"k":0,"ix":2},"o":{"a":1,"k":[{"h":1,"o":{"x":0.167,"y":0.167},"i":{"x":0.833,"y":0.833},"s":[100],"t":-471},{"s":[0],"t":129}],"ix":2}},"ef":[],"shapes":[{"ty":"gr","bm":0,"hd":false,"nm":"Ð±Ð¼3","it":[{"ty":"gr","bm":0,"hd":false,"nm":"Path 1","it":[{"ty":"sh","bm":0,"hd":false,"nm":"","d":1,"ks":{"a":0,"k":{"c":false,"i":[[0,0],[0,0]],"o":[[0,0],[0,0]],"v":[[65.881,66.566],[38.194,66.566]]}}},{"ty":"st","bm":0,"hd":false,"nm":"","lc":2,"lj":1,"ml":4,"o":{"a":0,"k":100,"ix":2},"w":{"a":0,"k":5,"ix":2},"c":{"a":0,"k":[0.7333,1,0],"ix":2}},{"ty":"tm","bm":0,"hd":false,"nm":"","e":{"a":1,"k":[{"o":{"x":0.167,"y":0.167},"i":{"x":0.833,"y":0.833},"s":[0],"t":79},{"s":[100],"t":104}],"ix":2},"o":{"a":0,"k":0,"ix":2},"s":{"a":1,"k":[{"o":{"x":0.167,"y":0.167},"i":{"x":0.833,"y":0.833},"s":[0],"t":104},{"s":[100],"t":129}],"ix":2},"m":1},{"ty":"tr","a":{"a":0,"k":[52.0375,66.566],"ix":2},"s":{"a":0,"k":[100,100],"ix":2},"sk":{"a":0,"k":0,"ix":2},"p":{"a":0,"k":[52.03749847412109,66.56600189208984],"ix":2},"r":{"a":0,"k":0,"ix":2},"sa":{"a":0,"k":0,"ix":2},"o":{"a":0,"k":100,"ix":2}}]},{"ty":"gr","bm":0,"hd":false,"nm":"Path 1","it":[{"ty":"sh","bm":0,"hd":false,"nm":"","d":1,"ks":{"a":0,"k":{"c":false,"i":[[0,0],[0,0]],"o":[[0,0],[0,0]],"v":[[65.881,66.566],[65.881,38.879]]}}},{"ty":"st","bm":0,"hd":false,"nm":"","lc":2,"lj":1,"ml":4,"o":{"a":0,"k":100,"ix":2},"w":{"a":0,"k":5,"ix":2},"c":{"a":0,"k":[0.7333,1,0],"ix":2}},{"ty":"tm","bm":0,"hd":false,"nm":"","e":{"a":1,"k":[{"o":{"x":0.167,"y":0.167},"i":{"x":0.833,"y":0.833},"s":[0],"t":79},{"s":[100],"t":104}],"ix":2},"o":{"a":0,"k":0,"ix":2},"s":{"a":1,"k":[{"o":{"x":0.167,"y":0.167},"i":{"x":0.833,"y":0.833},"s":[0],"t":104},{"s":[100],"t":129}],"ix":2},"m":1},{"ty":"tr","a":{"a":0,"k":[65.881,52.7225],"ix":2},"s":{"a":0,"k":[100,100],"ix":2},"sk":{"a":0,"k":0,"ix":2},"p":{"a":0,"k":[65.88099670410156,52.72249984741211],"ix":2},"r":{"a":0,"k":0,"ix":2},"sa":{"a":0,"k":0,"ix":2},"o":{"a":0,"k":100,"ix":2}}]},{"ty":"gr","bm":0,"hd":false,"nm":"Path 1","it":[{"ty":"sh","bm":0,"hd":false,"nm":"","d":1,"ks":{"a":0,"k":{"c":false,"i":[[0,0],[0,0]],"o":[[0,0],[0,0]],"v":[[65.881,66.566],[93.568,66.566]]}}},{"ty":"st","bm":0,"hd":false,"nm":"","lc":2,"lj":1,"ml":4,"o":{"a":0,"k":100,"ix":2},"w":{"a":0,"k":5,"ix":2},"c":{"a":0,"k":[0.7333,1,0],"ix":2}},{"ty":"tm","bm":0,"hd":false,"nm":"","e":{"a":1,"k":[{"o":{"x":0.167,"y":0.167},"i":{"x":0.833,"y":0.833},"s":[0],"t":79},{"s":[100],"t":104}],"ix":2},"o":{"a":0,"k":0,"ix":2},"s":{"a":1,"k":[{"o":{"x":0.167,"y":0.167},"i":{"x":0.833,"y":0.833},"s":[0],"t":104},{"s":[100],"t":129}],"ix":2},"m":1},{"ty":"tr","a":{"a":0,"k":[79.7245,66.566],"ix":2},"s":{"a":0,"k":[100,100],"ix":2},"sk":{"a":0,"k":0,"ix":2},"p":{"a":0,"k":[79.72450256347656,66.56600189208984],"ix":2},"r":{"a":0,"k":0,"ix":2},"sa":{"a":0,"k":0,"ix":2},"o":{"a":0,"k":100,"ix":2}}]},{"ty":"gr","bm":0,"hd":false,"nm":"Path 1","it":[{"ty":"sh","bm":0,"hd":false,"nm":"","d":1,"ks":{"a":0,"k":{"c":false,"i":[[0,0],[0,0]],"o":[[0,0],[0,0]],"v":[[65.881,66.566],[65.881,94.253]]}}},{"ty":"st","bm":0,"hd":false,"nm":"","lc":2,"lj":1,"ml":4,"o":{"a":0,"k":100,"ix":2},"w":{"a":0,"k":5,"ix":2},"c":{"a":0,"k":[0.7333,1,0],"ix":2}},{"ty":"tm","bm":0,"hd":false,"nm":"","e":{"a":1,"k":[{"o":{"x":0.167,"y":0.167},"i":{"x":0.833,"y":0.833},"s":[0],"t":79},{"s":[100],"t":104}],"ix":2},"o":{"a":0,"k":0,"ix":2},"s":{"a":1,"k":[{"o":{"x":0.167,"y":0.167},"i":{"x":0.833,"y":0.833},"s":[0],"t":104},{"s":[100],"t":129}],"ix":2},"m":1},{"ty":"tr","a":{"a":0,"k":[65.881,80.40950000000001],"ix":2},"s":{"a":0,"k":[100,100],"ix":2},"sk":{"a":0,"k":0,"ix":2},"p":{"a":0,"k":[65.88099670410156,80.40950012207031],"ix":2},"r":{"a":0,"k":0,"ix":2},"sa":{"a":0,"k":0,"ix":2},"o":{"a":0,"k":100,"ix":2}}]},{"ty":"tr","a":{"a":0,"k":[66.913,65.152],"ix":2},"s":{"a":0,"k":[100,100],"ix":2},"sk":{"a":0,"k":0,"ix":2},"p":{"a":0,"k":[468.913,60.152],"ix":2},"r":{"a":0,"k":0,"ix":2},"sa":{"a":0,"k":0,"ix":2},"o":{"a":0,"k":100,"ix":2}}]}],"ind":2},{"ty":4,"nm":"Ð±Ð¼2","sr":1,"st":0,"op":201,"ip":0,"hd":false,"ddd":0,"bm":0,"hasMask":false,"ao":0,"ks":{"a":{"a":0,"k":[66.913,65.152],"ix":2},"s":{"a":0,"k":[100,100],"ix":2},"sk":{"a":0,"k":0,"ix":2},"p":{"a":0,"k":[471.913,353.152],"ix":2},"r":{"a":0,"k":0,"ix":2},"sa":{"a":0,"k":0,"ix":2},"o":{"a":0,"k":100,"ix":2}},"ef":[],"shapes":[{"ty":"gr","bm":0,"hd":false,"nm":"Path 1","it":[{"ty":"sh","bm":0,"hd":false,"nm":"","d":1,"ks":{"a":0,"k":{"c":false,"i":[[0,0],[0,0]],"o":[[0,0],[0,0]],"v":[[65.881,66.566],[38.194,66.566]]}}},{"ty":"st","bm":0,"hd":false,"nm":"","lc":2,"lj":1,"ml":4,"o":{"a":0,"k":100,"ix":2},"w":{"a":0,"k":5,"ix":2},"c":{"a":0,"k":[0.7333,1,0],"ix":2}},{"ty":"tm","bm":0,"hd":false,"nm":"","e":{"a":1,"k":[{"o":{"x":0.167,"y":0.167},"i":{"x":0.833,"y":0.833},"s":[0],"t":150},{"s":[100],"t":175}],"ix":2},"o":{"a":0,"k":0,"ix":2},"s":{"a":1,"k":[{"o":{"x":0.167,"y":0.167},"i":{"x":0.833,"y":0.833},"s":[0],"t":175},{"s":[100],"t":200}],"ix":2},"m":1},{"ty":"tr","a":{"a":0,"k":[52.0375,66.566],"ix":2},"s":{"a":0,"k":[100,100],"ix":2},"sk":{"a":0,"k":0,"ix":2},"p":{"a":0,"k":[52.03749847412109,66.56600189208984],"ix":2},"r":{"a":0,"k":0,"ix":2},"sa":{"a":0,"k":0,"ix":2},"o":{"a":0,"k":100,"ix":2}}]},{"ty":"gr","bm":0,"hd":false,"nm":"Path 1","it":[{"ty":"sh","bm":0,"hd":false,"nm":"","d":1,"ks":{"a":0,"k":{"c":false,"i":[[0,0],[0,0]],"o":[[0,0],[0,0]],"v":[[65.881,66.566],[65.881,38.879]]}}},{"ty":"st","bm":0,"hd":false,"nm":"","lc":2,"lj":1,"ml":4,"o":{"a":0,"k":100,"ix":2},"w":{"a":0,"k":5,"ix":2},"c":{"a":0,"k":[0.7333,1,0],"ix":2}},{"ty":"tm","bm":0,"hd":false,"nm":"","e":{"a":1,"k":[{"o":{"x":0.167,"y":0.167},"i":{"x":0.833,"y":0.833},"s":[0],"t":150},{"s":[100],"t":175}],"ix":2},"o":{"a":0,"k":0,"ix":2},"s":{"a":1,"k":[{"o":{"x":0.167,"y":0.167},"i":{"x":0.833,"y":0.833},"s":[0],"t":175},{"s":[100],"t":200}],"ix":2},"m":1},{"ty":"tr","a":{"a":0,"k":[65.881,52.7225],"ix":2},"s":{"a":0,"k":[100,100],"ix":2},"sk":{"a":0,"k":0,"ix":2},"p":{"a":0,"k":[65.88099670410156,52.72249984741211],"ix":2},"r":{"a":0,"k":0,"ix":2},"sa":{"a":0,"k":0,"ix":2},"o":{"a":0,"k":100,"ix":2}}]},{"ty":"gr","bm":0,"hd":false,"nm":"Path 1","it":[{"ty":"sh","bm":0,"hd":false,"nm":"","d":1,"ks":{"a":0,"k":{"c":false,"i":[[0,0],[0,0]],"o":[[0,0],[0,0]],"v":[[65.881,66.566],[93.568,66.566]]}}},{"ty":"st","bm":0,"hd":false,"nm":"","lc":2,"lj":1,"ml":4,"o":{"a":0,"k":100,"ix":2},"w":{"a":0,"k":5,"ix":2},"c":{"a":0,"k":[0.7333,1,0],"ix":2}},{"ty":"tm","bm":0,"hd":false,"nm":"","e":{"a":1,"k":[{"o":{"x":0.167,"y":0.167},"i":{"x":0.833,"y":0.833},"s":[0],"t":150},{"s":[100],"t":175}],"ix":2},"o":{"a":0,"k":0,"ix":2},"s":{"a":1,"k":[{"o":{"x":0.167,"y":0.167},"i":{"x":0.833,"y":0.833},"s":[0],"t":175},{"s":[100],"t":200}],"ix":2},"m":1},{"ty":"tr","a":{"a":0,"k":[79.7245,66.566],"ix":2},"s":{"a":0,"k":[100,100],"ix":2},"sk":{"a":0,"k":0,"ix":2},"p":{"a":0,"k":[79.72450256347656,66.56600189208984],"ix":2},"r":{"a":0,"k":0,"ix":2},"sa":{"a":0,"k":0,"ix":2},"o":{"a":0,"k":100,"ix":2}}]},{"ty":"gr","bm":0,"hd":false,"nm":"Path 1","it":[{"ty":"sh","bm":0,"hd":false,"nm":"","d":1,"ks":{"a":0,"k":{"c":false,"i":[[0,0],[0,0]],"o":[[0,0],[0,0]],"v":[[65.881,66.566],[65.881,94.253]]}}},{"ty":"st","bm":0,"hd":false,"nm":"","lc":2,"lj":1,"ml":4,"o":{"a":0,"k":100,"ix":2},"w":{"a":0,"k":5,"ix":2},"c":{"a":0,"k":[0.7333,1,0],"ix":2}},{"ty":"tm","bm":0,"hd":false,"nm":"","e":{"a":1,"k":[{"o":{"x":0.167,"y":0.167},"i":{"x":0.833,"y":0.833},"s":[0],"t":150},{"s":[100],"t":175}],"ix":2},"o":{"a":0,"k":0,"ix":2},"s":{"a":1,"k":[{"o":{"x":0.167,"y":0.167},"i":{"x":0.833,"y":0.833},"s":[0],"t":175},{"s":[100],"t":200}],"ix":2},"m":1},{"ty":"tr","a":{"a":0,"k":[65.881,80.40950000000001],"ix":2},"s":{"a":0,"k":[100,100],"ix":2},"sk":{"a":0,"k":0,"ix":2},"p":{"a":0,"k":[65.88099670410156,80.40950012207031],"ix":2},"r":{"a":0,"k":0,"ix":2},"sa":{"a":0,"k":0,"ix":2},"o":{"a":0,"k":100,"ix":2}}]}],"ind":3},{"ty":4,"nm":"Ð¨Ð°Ñ 4 Outlines","sr":1,"st":0,"op":201,"ip":0,"hd":false,"ddd":0,"bm":0,"hasMask":false,"ao":0,"ks":{"a":{"a":0,"k":[334.739,214.787],"ix":2},"s":{"a":0,"k":[100,100],"ix":2},"sk":{"a":0,"k":0,"ix":2},"p":{"a":0,"k":[334.739,214.787],"ix":2},"r":{"a":1,"k":[{"o":{"x":0.187,"y":0},"i":{"x":0.563,"y":2.775},"s":[0],"t":17},{"o":{"x":0.319,"y":0.862},"i":{"x":0.681,"y":1},"s":[1],"t":67},{"o":{"x":0.437,"y":0},"i":{"x":0.813,"y":1},"s":[-1],"t":133},{"s":[0],"t":183}],"ix":2},"sa":{"a":0,"k":0,"ix":2},"o":{"a":0,"k":100,"ix":2}},"ef":[],"shapes":[{"ty":"gr","bm":0,"hd":false,"nm":"Ð¨Ð°Ñ 3 Outlines","it":[{"ty":"gr","bm":0,"hd":false,"nm":"Path 1","it":[{"ty":"sh","bm":0,"hd":false,"nm":"","d":1,"ks":{"a":0,"k":{"c":true,"i":[[0,0],[6.905,11.414],[0,0],[-29.12,7.922],[23.055,-35.066],[11.152,0.873],[32.579,9.605],[3.472,1.152],[15.018,-2.86],[-1.653,24.739]],"o":[[-11.877,4.922],[0,0],[-17.396,-28.688],[29.108,-7.922],[-8.723,13.287],[14.929,18.21],[-3.764,-1.113],[-1.081,13.161],[-26.31,4.999],[0,0]],"v":[[-62.125,9.276],[-90.978,3.809],[-90.991,3.809],[-25.477,-55.3],[85.333,-11.098],[55.259,4.834],[18.878,34.369],[8.018,30.965],[-15.087,58.223],[-62.125,9.276]]}}},{"ty":"st","bm":0,"hd":false,"nm":"","lc":2,"lj":2,"ml":4,"o":{"a":0,"k":100,"ix":2},"w":{"a":0,"k":5,"ix":2},"c":{"a":0,"k":[0.8667,0.8667,0.8667],"ix":2}},{"ty":"tr","a":{"a":0,"k":[-2.880022554127137,0.7870138695043138],"ix":2},"s":{"a":0,"k":[100,100],"ix":2},"sk":{"a":0,"k":0,"ix":2},"p":{"a":0,"k":[514.239990234375,200.7870178222656],"ix":2},"r":{"a":0,"k":0,"ix":2},"sa":{"a":0,"k":0,"ix":2},"o":{"a":0,"k":100,"ix":2}}]},{"ty":"gr","bm":0,"hd":false,"nm":"Group 2","it":[{"ty":"gr","bm":0,"hd":false,"nm":"Path 2","it":[{"ty":"sh","bm":0,"hd":false,"nm":"","d":1,"ks":{"a":0,"k":{"c":true,"i":[[0,0],[-17.396,-28.687],[0,0],[-11.877,4.923],[-26.31,4.999],[-1.081,13.16],[-3.764,-1.113],[14.929,18.21],[-8.723,13.287],[40.463,0],[4.722,-1.286]],"o":[[-29.12,7.921],[0,0],[6.905,11.414],[-1.653,24.739],[15.018,-2.86],[3.472,1.152],[32.579,9.605],[11.152,0.873],[19.315,-29.377],[-7.835,0],[0,0]],"v":[[-23.608,-58.303],[-89.122,0.804],[-89.109,0.804],[-60.256,6.271],[-13.217,55.219],[9.888,27.961],[20.747,31.364],[57.128,1.829],[87.203,-14.103],[-4.335,-60.217],[-23.608,-58.303]]}}},{"ty":"tr","a":{"a":0,"k":[0,0],"ix":2},"s":{"a":0,"k":[100,100],"ix":2},"sk":{"a":0,"k":0,"ix":2},"p":{"a":0,"k":[0,0],"ix":2},"r":{"a":0,"k":0,"ix":2},"sa":{"a":0,"k":0,"ix":2},"o":{"a":0,"k":100,"ix":2}}]},{"ty":"fl","bm":0,"hd":false,"nm":"","c":{"a":0,"k":[1,1,1],"ix":2},"r":1,"o":{"a":0,"k":100,"ix":2}},{"ty":"tr","a":{"a":0,"k":[0,0],"ix":2},"s":{"a":0,"k":[100,100],"ix":2},"sk":{"a":0,"k":0,"ix":2},"p":{"a":0,"k":[515.25,203.005],"ix":2},"r":{"a":0,"k":0,"ix":2},"sa":{"a":0,"k":0,"ix":2},"o":{"a":0,"k":100,"ix":2}}]},{"ty":"tr","a":{"a":0,"k":[438.745,195.826],"ix":2},"s":{"a":0,"k":[100,100],"ix":2},"sk":{"a":0,"k":0,"ix":2},"p":{"a":0,"k":[438.745,195.826],"ix":2},"r":{"a":1,"k":[{"o":{"x":0.299,"y":0},"i":{"x":0.652,"y":1},"s":[0],"t":0},{"o":{"x":0.347,"y":0},"i":{"x":0.691,"y":0.641},"s":[-27],"t":50},{"o":{"x":0.43,"y":-0.5},"i":{"x":0.652,"y":1},"s":[-16.797],"t":83},{"o":{"x":0.347,"y":0},"i":{"x":0.793,"y":1},"s":[-27],"t":117},{"s":[0],"t":200}],"ix":2},"sa":{"a":0,"k":0,"ix":2},"o":{"a":0,"k":100,"ix":2}}]},{"ty":"gr","bm":0,"hd":false,"nm":"Path 1","it":[{"ty":"sh","bm":0,"hd":false,"nm":"","d":1,"ks":{"a":0,"k":{"c":false,"i":[[0,0],[-33.889,0.114]],"o":[[0,0],[0,0]],"v":[[-25,-0.171],[25,0.057]]}}},{"ty":"st","bm":0,"hd":false,"nm":"","lc":2,"lj":2,"ml":4,"o":{"a":0,"k":100,"ix":2},"w":{"a":0,"k":5,"ix":2},"c":{"a":0,"k":[0.1922,0.8,0.0196],"ix":2}},{"ty":"tr","a":{"a":0,"k":[0,-0.0453673469387755],"ix":2},"s":{"a":0,"k":[100,100],"ix":2},"sk":{"a":0,"k":0,"ix":2},"p":{"a":0,"k":[182.7389984130859,302.9126281738281],"ix":2},"r":{"a":0,"k":0,"ix":2},"sa":{"a":0,"k":0,"ix":2},"o":{"a":0,"k":100,"ix":2}}]},{"ty":"gr","bm":0,"hd":false,"nm":"Path 1","it":[{"ty":"sh","bm":0,"hd":false,"nm":"","d":1,"ks":{"a":0,"k":{"c":false,"i":[[0,0],[-31.177,-1.318]],"o":[[0,0],[0,0]],"v":[[-23,2.027],[23,-0.709]]}}},{"ty":"gs","bm":0,"hd":false,"nm":"","e":{"a":0,"k":[-28.41145133972168,1.9469928741455078],"ix":2},"g":{"p":2,"k":{"a":0,"k":[0,0.7333333333333333,1,0,1,0.19215686274509805,0.8,0.0196078431372549,0,1,1,0.9999841209349595],"ix":2}},"t":1,"a":{"a":0,"k":0},"h":{"a":0,"k":0},"s":{"a":0,"k":[80.04979705810547,1.7105348110198975],"ix":2},"lc":2,"lj":2,"ml":4,"o":{"a":0,"k":100,"ix":2},"w":{"a":0,"k":5,"ix":2}},{"ty":"tr","a":{"a":0,"k":[0,0.5272241439443042],"ix":2},"s":{"a":0,"k":[100,100],"ix":2},"sk":{"a":0,"k":0,"ix":2},"p":{"a":0,"k":[190.9299926757812,325.2872314453125],"ix":2},"r":{"a":0,"k":0,"ix":2},"sa":{"a":0,"k":0,"ix":2},"o":{"a":0,"k":100,"ix":2}}]},{"ty":"gr","bm":0,"hd":false,"nm":"Path 1","it":[{"ty":"sh","bm":0,"hd":false,"nm":"","d":1,"ks":{"a":0,"k":{"c":false,"i":[[0,0],[-23.567,26.943]],"o":[[0,0],[0,0]],"v":[[-16,23.5],[16,-23.5]]}}},{"ty":"gs","bm":0,"hd":false,"nm":"","e":{"a":0,"k":[33.13180160522461,-8.560365676879883],"ix":2},"g":{"p":2,"k":{"a":0,"k":[0,0.19215686274509805,0.8,0.0196078431372549,1,0.7333333333333333,1,0,0,1,1,0.9999841209349595],"ix":2}},"t":1,"a":{"a":0,"k":0},"h":{"a":0,"k":0},"s":{"a":0,"k":[-16.000028610229492,23.499980926513672],"ix":2},"lc":2,"lj":2,"ml":4,"o":{"a":0,"k":100,"ix":2},"w":{"a":0,"k":5,"ix":2}},{"ty":"tr","a":{"a":0,"k":[0,0],"ix":2},"s":{"a":0,"k":[100,100],"ix":2},"sk":{"a":0,"k":0,"ix":2},"p":{"a":0,"k":[348.739013671875,288.2869873046875],"ix":2},"r":{"a":0,"k":0,"ix":2},"sa":{"a":0,"k":0,"ix":2},"o":{"a":0,"k":100,"ix":2}}]},{"ty":"gr","bm":0,"hd":false,"nm":"Path 1","it":[{"ty":"sh","bm":0,"hd":false,"nm":"","d":1,"ks":{"a":0,"k":{"c":false,"i":[[0,0],[-23.567,26.943]],"o":[[0,0],[0,0]],"v":[[-16,23.5],[16,-23.5]]}}},{"ty":"gs","bm":0,"hd":false,"nm":"","e":{"a":0,"k":[33.80008316040039,-15.518780708312988],"ix":2},"g":{"p":2,"k":{"a":0,"k":[0,0.19215686274509805,0.8,0.0196078431372549,1,0.7333333333333333,1,0,0,1,1,0.9999841209349595],"ix":2}},"t":1,"a":{"a":0,"k":0},"h":{"a":0,"k":0},"s":{"a":0,"k":[-16.00000762939453,23.49997901916504],"ix":2},"lc":2,"lj":2,"ml":4,"o":{"a":0,"k":100,"ix":2},"w":{"a":0,"k":5,"ix":2}},{"ty":"tr","a":{"a":0,"k":[0,0],"ix":2},"s":{"a":0,"k":[100,100],"ix":2},"sk":{"a":0,"k":0,"ix":2},"p":{"a":0,"k":[351.739013671875,312.2869873046875],"ix":2},"r":{"a":0,"k":0,"ix":2},"sa":{"a":0,"k":0,"ix":2},"o":{"a":0,"k":100,"ix":2}}]},{"ty":"gr","bm":0,"hd":false,"nm":"Path 1","it":[{"ty":"sh","bm":0,"hd":false,"nm":"","d":1,"ks":{"a":0,"k":{"c":true,"i":[[0,0],[11.674,17.326],[26.23,-17.427],[-11.687,-17.314],[-26.23,17.44],[0,0]],"o":[[26.23,-17.44],[-11.675,-17.326],[-26.23,17.439],[11.675,17.326],[0,0],[0,0]],"v":[[21.142,31.367],[47.499,-31.569],[-21.141,-31.367],[-47.485,31.569],[21.154,31.354],[21.142,31.367]]}}},{"ty":"st","bm":0,"hd":false,"nm":"","lc":2,"lj":2,"ml":4,"o":{"a":0,"k":100,"ix":2},"w":{"a":0,"k":5,"ix":2},"c":{"a":0,"k":[0.851,0.851,0.851],"ix":2}},{"ty":"gf","bm":0,"hd":false,"nm":"","e":{"a":0,"k":[50,0],"ix":2},"g":{"p":2,"k":{"a":0,"k":[0,0.4823529411764706,0.4666666666666667,0.4666666666666667,1,0.1568627450980392,0.1450980392156863,0.1450980392156863,0,1,1,0.9999841209349595],"ix":2}},"t":1,"a":{"a":0,"k":0},"h":{"a":0,"k":0},"s":{"a":0,"k":[-50,0],"ix":2},"r":1,"o":{"a":0,"k":100,"ix":2}},{"ty":"tr","a":{"a":0,"k":[0.003113262694299124,-0.0008016965271693266],"ix":2},"s":{"a":0,"k":[100,100],"ix":2},"sk":{"a":0,"k":0,"ix":2},"p":{"a":0,"k":[321.7401123046875,175.2871856689453],"ix":2},"r":{"a":0,"k":0,"ix":2},"sa":{"a":0,"k":0,"ix":2},"o":{"a":0,"k":100,"ix":2}}]},{"ty":"gr","bm":0,"hd":false,"nm":"Path 1","it":[{"ty":"sh","bm":0,"hd":false,"nm":"","d":1,"ks":{"a":0,"k":{"c":true,"i":[[0,0],[0,0],[-12.93,8.412],[0,0],[11.332,-10.635],[0,0],[0,0]],"o":[[0,0],[13.134,-12.315],[0,0],[-17.413,5.431],[0,0],[0,0],[0,0]],"v":[[-22,-14.159],[-19.036,37.5],[20.084,6.075],[22,-37.5],[-22,-14.146],[-22,-14.171],[-22,-14.159]]}}},{"ty":"st","bm":0,"hd":false,"nm":"","lc":2,"lj":2,"ml":4,"o":{"a":0,"k":100,"ix":2},"w":{"a":0,"k":5,"ix":2},"c":{"a":0,"k":[0.851,0.851,0.851],"ix":2}},{"ty":"gf","bm":0,"hd":false,"nm":"","e":{"a":0,"k":[50,0],"ix":2},"g":{"p":2,"k":{"a":0,"k":[0,0.4823529411764706,0.4666666666666667,0.4666666666666667,1,0.1568627450980392,0.1450980392156863,0.1450980392156863,0,1,1,0.9999841209349595],"ix":2}},"t":1,"a":{"a":0,"k":0},"h":{"a":0,"k":0},"s":{"a":0,"k":[-50,0],"ix":2},"r":1,"o":{"a":0,"k":100,"ix":2}},{"ty":"tr","a":{"a":0,"k":[0,0],"ix":2},"s":{"a":0,"k":[100,100],"ix":2},"sk":{"a":0,"k":0,"ix":2},"p":{"a":0,"k":[431.739013671875,222.2870025634766],"ix":2},"r":{"a":0,"k":0,"ix":2},"sa":{"a":0,"k":0,"ix":2},"o":{"a":0,"k":100,"ix":2}}]},{"ty":"gr","bm":0,"hd":false,"nm":"Path 1","it":[{"ty":"sh","bm":0,"hd":false,"nm":"","d":1,"ks":{"a":0,"k":{"c":true,"i":[[0,0],[108.803,-18.884],[9.899,-8.513],[-72.228,-33.537],[-13.893,6.19],[0,0]],"o":[[0,0],[-11.443,7.685],[0,0],[14.926,-9.329],[0,0],[0,0]],"v":[[118,12.562],[-85.968,-16.869],[-118,7.615],[74.04,35.753],[117.975,12.537],[118,12.562]]}}},{"ty":"st","bm":0,"hd":false,"nm":"","lc":2,"lj":2,"ml":4,"o":{"a":0,"k":100,"ix":2},"w":{"a":0,"k":5,"ix":2},"c":{"a":0,"k":[0.851,0.851,0.851],"ix":2}},{"ty":"gf","bm":0,"hd":false,"nm":"","e":{"a":0,"k":[159.03871154785156,68.43824005126953],"ix":2},"g":{"p":2,"k":{"a":0,"k":[0,0.4823529411764706,0.4666666666666667,0.4666666666666667,1,0.1568627450980392,0.1450980392156863,0.1450980392156863,0,1,1,0.9999841209349595],"ix":2}},"t":1,"a":{"a":0,"k":0},"h":{"a":0,"k":0},"s":{"a":0,"k":[-50,0],"ix":2},"r":1,"o":{"a":0,"k":100,"ix":2}},{"ty":"tr","a":{"a":0,"k":[0,7.252829825521232],"ix":2},"s":{"a":0,"k":[100,100],"ix":2},"sk":{"a":0,"k":0,"ix":2},"p":{"a":0,"k":[335.739013671875,179.2868194580078],"ix":2},"r":{"a":0,"k":0,"ix":2},"sa":{"a":0,"k":0,"ix":2},"o":{"a":0,"k":100,"ix":2}}]},{"ty":"gr","bm":0,"hd":false,"nm":"Path 1","it":[{"ty":"sh","bm":0,"hd":false,"nm":"","d":1,"ks":{"a":0,"k":{"c":true,"i":[[0,0],[-218.853,-159.152],[45.245,-97.053],[0,0],[0,0],[0,0]],"o":[[0,0],[0,0],[0,0],[0,0],[0,0],[0,0]],"v":[[-188.987,126.514],[189,14.617],[3.813,144.535],[-189,126.539],[-188.974,126.514],[-188.987,126.514]]}}},{"ty":"gs","bm":0,"hd":false,"nm":"","e":{"a":0,"k":[170.5144805908203,119.38956451416016],"ix":2},"g":{"p":2,"k":{"a":0,"k":[0,0.19215686274509805,0.8,0.0196078431372549,1,0.7333333333333333,1,0,0,1,1,0.9999841209349595],"ix":2}},"t":1,"a":{"a":0,"k":0},"h":{"a":0,"k":0},"s":{"a":0,"k":[-50,0],"ix":2},"lc":2,"lj":2,"ml":4,"o":{"a":0,"k":100,"ix":2},"w":{"a":0,"k":5,"ix":2}},{"ty":"fl","bm":0,"hd":false,"nm":"","c":{"a":0,"k":[0.7333,1,0],"ix":2},"r":1,"o":{"a":0,"k":100,"ix":2}},{"ty":"tr","a":{"a":0,"k":[0,54.53519443320518],"ix":2},"s":{"a":0,"k":[100,100],"ix":2},"sk":{"a":0,"k":0,"ix":2},"p":{"a":0,"k":[325.739013671875,202.7872009277344],"ix":2},"r":{"a":0,"k":0,"ix":2},"sa":{"a":0,"k":0,"ix":2},"o":{"a":0,"k":100,"ix":2}}]},{"ty":"gr","bm":0,"hd":false,"nm":"Path 1","it":[{"ty":"sh","bm":0,"hd":false,"nm":"","d":1,"ks":{"a":0,"k":{"c":true,"i":[[0,0],[-113.525,20.681],[-7.618,14.905],[31.031,-130.855],[0,0],[0,0]],"o":[[0,0],[0,0],[0,0],[0,0],[0,0],[0,0]],"v":[[-80.933,100.735],[92.5,-60.197],[92.5,-100.24],[-92.5,30.095],[-80.933,100.76],[-80.933,100.735]]}}},{"ty":"gs","bm":0,"hd":false,"nm":"","e":{"a":0,"k":[50,0],"ix":2},"g":{"p":2,"k":{"a":0,"k":[0,0.19215686274509805,0.8,0.0196078431372549,1,0.7333333333333333,1,0,0,1,1,0.9999841209349595],"ix":2}},"t":1,"a":{"a":0,"k":0},"h":{"a":0,"k":0},"s":{"a":0,"k":[-50,0],"ix":2},"lc":2,"lj":2,"ml":4,"o":{"a":0,"k":100,"ix":2},"w":{"a":0,"k":5,"ix":2}},{"ty":"fl","bm":0,"hd":false,"nm":"","c":{"a":0,"k":[0.7333,1,0],"ix":2},"r":1,"o":{"a":0,"k":100,"ix":2}},{"ty":"tr","a":{"a":0,"k":[0,0.2599838347151433],"ix":2},"s":{"a":0,"k":[100,100],"ix":2},"sk":{"a":0,"k":0,"ix":2},"p":{"a":0,"k":[421.239013671875,263.2869873046875],"ix":2},"r":{"a":0,"k":0,"ix":2},"sa":{"a":0,"k":0,"ix":2},"o":{"a":0,"k":100,"ix":2}}]},{"ty":"gr","bm":0,"hd":false,"nm":"Path 1","it":[{"ty":"sh","bm":0,"hd":false,"nm":"","d":1,"ks":{"a":0,"k":{"c":true,"i":[[0,0],[0,0],[-81.333,-28.127],[15.808,28.658],[86.577,-4.953]],"o":[[28.425,26.56],[0,0],[0,0],[0,0],[0,0]],"v":[[-104.355,-41.673],[-68.825,28.658],[100.133,46.626],[88.547,-23.705],[-104.355,-41.673]]}}},{"ty":"gs","bm":0,"hd":false,"nm":"","e":{"a":0,"k":[141.09716796875,55.149593353271484],"ix":2},"g":{"p":2,"k":{"a":0,"k":[0,0.19215686274509805,0.8,0.0196078431372549,1,0.7333333333333333,1,0,0,1,1,0.9999841209349595],"ix":2}},"t":1,"a":{"a":0,"k":0},"h":{"a":0,"k":0},"s":{"a":0,"k":[-50,0],"ix":2},"lc":2,"lj":2,"ml":4,"o":{"a":0,"k":100,"ix":2},"w":{"a":0,"k":5,"ix":2}},{"ty":"fl","bm":0,"hd":false,"nm":"","c":{"a":0,"k":[0.7333,1,0],"ix":2},"r":1,"o":{"a":0,"k":100,"ix":2}},{"ty":"tr","a":{"a":0,"k":[-1.855088640798371,2.126049654606533],"ix":2},"s":{"a":0,"k":[100,100],"ix":2},"sk":{"a":0,"k":0,"ix":2},"p":{"a":0,"k":[239.2399139404297,319.2870483398438],"ix":2},"r":{"a":0,"k":0,"ix":2},"sa":{"a":0,"k":0,"ix":2},"o":{"a":0,"k":100,"ix":2}}]},{"ty":"gr","bm":0,"hd":false,"nm":"Ð¨Ð°Ñ 5 Outlines","it":[{"ty":"gr","bm":0,"hd":false,"nm":"Path 1","it":[{"ty":"sh","bm":0,"hd":false,"nm":"","d":1,"ks":{"a":0,"k":{"c":true,"i":[[0,0],[-0.954,11.691],[-34.723,1.215],[-2.914,0.127],[-24.1,-22.637],[13.043,-4.214],[5.802,5.29],[10.701,17.538],[-0.331,4.416],[0,15.5],[-7.036,5.086],[0,0]],"o":[[-18.984,-2.607],[1.209,-14.729],[3.232,-0.113],[28.311,-1.214],[26.567,24.952],[-8.69,2.809],[-9.785,24.168],[-2.85,-4.669],[-25.181,1.442],[0,-9.212],[0,0],[0,0]],"v":[[-51.99,-17.24],[-85.416,-38.497],[-35.004,-55.023],[-25.791,-55.39],[40.781,-34.575],[73.328,27.072],[51.367,21.529],[-11.401,39.674],[-14.963,25.971],[-61.304,4.005],[-51.99,-17.227],[-51.99,-17.24]]}}},{"ty":"st","bm":0,"hd":false,"nm":"","lc":2,"lj":2,"ml":4,"o":{"a":0,"k":100,"ix":2},"w":{"a":0,"k":5,"ix":2},"c":{"a":0,"k":[0.8667,0.8667,0.8667],"ix":2}},{"ty":"tr","a":{"a":0,"k":[-3.958076509667634,-3.865061450831142],"ix":2},"s":{"a":0,"k":[100,100],"ix":2},"sk":{"a":0,"k":0,"ix":2},"p":{"a":0,"k":[146.2399291992188,150.7869262695312],"ix":2},"r":{"a":0,"k":0,"ix":2},"sa":{"a":0,"k":0,"ix":2},"o":{"a":0,"k":100,"ix":2}}]},{"ty":"gr","bm":0,"hd":false,"nm":"Path 1","it":[{"ty":"sh","bm":0,"hd":false,"nm":"","d":1,"ks":{"a":0,"k":{"c":true,"i":[[0,0],[3.232,-0.114],[1.209,-14.727],[-18.984,-2.607],[0,0],[0,-9.212],[-25.181,1.442],[-2.849,-4.67],[-9.785,24.168],[-8.69,2.809],[26.567,24.951],[18.651,0],[5.841,-0.25]],"o":[[-2.914,0.127],[-34.724,1.215],[-0.954,11.692],[0,0],[-7.036,5.086],[0,15.501],[-0.331,4.416],[10.701,17.537],[5.802,5.29],[13.043,-4.214],[-19.128,-17.967],[-4.847,0],[0,0]],"v":[[-25.791,-56.064],[-35.003,-55.695],[-85.417,-39.172],[-51.99,-17.913],[-51.99,-17.9],[-61.305,3.332],[-14.964,25.298],[-11.401,39.002],[51.367,20.855],[73.327,26.398],[40.781,-35.247],[-9.862,-56.538],[-25.791,-56.064]]}}},{"ty":"fl","bm":0,"hd":false,"nm":"","c":{"a":0,"k":[1,1,1],"ix":2},"r":1,"o":{"a":0,"k":100,"ix":2}},{"ty":"tr","a":{"a":0,"k":[-3.959012103542634,-4.537943059505551],"ix":2},"s":{"a":0,"k":[100,100],"ix":2},"sk":{"a":0,"k":0,"ix":2},"p":{"a":0,"k":[146.2379913330078,150.7880554199219],"ix":2},"r":{"a":0,"k":0,"ix":2},"sa":{"a":0,"k":0,"ix":2},"o":{"a":0,"k":100,"ix":2}}]},{"ty":"tr","a":{"a":0,"k":[224.733,177.799],"ix":2},"s":{"a":0,"k":[100,100],"ix":2},"sk":{"a":0,"k":0,"ix":2},"p":{"a":0,"k":[224.733,177.799],"ix":2},"r":{"a":1,"k":[{"o":{"x":0.299,"y":0},"i":{"x":0.652,"y":1},"s":[0],"t":0},{"o":{"x":0.347,"y":0},"i":{"x":0.691,"y":0.641},"s":[25],"t":50},{"o":{"x":0.43,"y":-0.5},"i":{"x":0.652,"y":1},"s":[15.553],"t":83},{"o":{"x":0.347,"y":0},"i":{"x":0.793,"y":1},"s":[25],"t":117},{"s":[0],"t":200}],"ix":2},"sa":{"a":0,"k":0,"ix":2},"o":{"a":0,"k":100,"ix":2}}]}],"ind":4}],"v":"5.7.5","fr":100,"op":200,"ip":0,"assets":[]}