{"v":"5.5.2","meta":{"a":"SVGator","d":"SVGator, the ultimate SVG animation generator now supports Lottie: a thoughtfully designed, intuitive interface, right at your fingertips.","g":"Made in SVGator (https://www.svgator.com/)"},"metadata":{"filename":"???.json","customProps":{"k":["SVGator","svgator","lottie animation","svg animation","lottie","svg"],"version":1,"app":"https://app.svgator.com/editor#/ad5dc33173b648c18359b7cbbe316ffd","site":"https://www.svgator.com/","date":"2024-08-13T07:47:00.973Z","exportId":"5b01e5a32b1645099cbc7e5af2edf129","cached":"false"}},"nm":"???","ddd":0,"assets":[],"w":467,"h":333,"ip":0,"op":200,"fr":100,"fonts":{"list":[]},"layers":[{"ty":4,"st":0,"ip":0,"op":200,"ks":{"a":{"a":0,"k":[214.935,187.265]},"p":{"a":0,"k":[214.935,187.265]},"s":{"a":1,"k":[{"t":17,"s":[100,100],"i":{"x":0.659,"y":1},"o":{"x":0.297,"y":0},"h":0},{"t":100,"s":[109,109],"i":{"x":0.815,"y":1},"o":{"x":0.425,"y":0},"h":0},{"t":183,"s":[100,100],"i":{"x":1,"y":1},"o":{"x":0,"y":0},"h":0}]},"r":{"a":0,"k":0},"o":{"a":0,"k":100},"sk":{"a":0,"k":0},"sa":{"a":0,"k":0}},"shapes":[{"ty":"gr","it":[{"ty":"gr","it":[{"ty":"gr","it":[{"ty":"gr","it":[{"ty":"sh","ks":{"a":0,"k":{"v":[[65.334,28.512],[47.089,33.467],[-62.383,-17.301],[-57.596,-33.467],[65.345,28.512],[65.334,28.512],[65.334,28.512]],"i":[[0,0],[1.774,-7.569],[49.991,5.081],[-7.643,2.667],[-21.731,-31.788],[0,0],[0,0]],"o":[[-10.497,-4.42],[-18.34,-26.119],[-2.961,-7.432],[55.397,6.477],[0,0],[0,0],[0,0]],"c":true}},"hd":false,"bm":0,"ln":""},{"ty":"st","o":{"a":0,"k":100},"w":{"a":0,"k":5},"c":{"a":0,"k":[0.85098,0.85098,0.85098]},"hd":false,"bm":0,"ln":"","lc":2,"lj":2,"ml":4,"ml2":{"a":0,"k":0},"d":[{"n":"o","nm":"offset","v":{"a":0,"k":0}}]},{"ty":"gf","o":{"a":0,"k":100},"s":{"a":0,"k":[-42.331268,33.467003]},"e":{"a":0,"k":[31.295258,-45.566029]},"g":{"p":2,"k":{"a":0,"k":[0,0.482353,0.466667,0.466667,1,0.156863,0.145098,0.145098,0,1,1,1]}},"hd":false,"bm":0,"ln":"","r":1,"t":1,"h":{"a":0,"k":0},"a":{"a":0,"k":0}},{"ty":"tr","o":{"a":0,"k":100},"a":{"a":0,"k":[0,0]},"p":{"a":0,"k":[0,0]},"s":{"a":0,"k":[100,100]},"r":{"a":0,"k":0},"sk":{"a":0,"k":0},"sa":{"a":0,"k":0}}],"hd":false,"bm":0,"ln":""},{"ty":"tr","o":{"a":0,"k":100},"a":{"a":0,"k":[0.580002,0]},"p":{"a":0,"k":[328.53302,94.700996]},"s":{"a":0,"k":[100,100]},"r":{"a":0,"k":0},"sk":{"a":0,"k":0},"sa":{"a":0,"k":0}}],"hd":false,"bm":0,"ln":""},{"ty":"gr","it":[{"ty":"gr","it":[{"ty":"sh","ks":{"a":0,"k":{"v":[[13.742,4.777],[-13.741,12.493],[13.742,4.777],[13.742,4.777]],"i":[[0,0],[9.826,-24.985],[0,0],[0,0]],"o":[[0,0],[0,0],[0,0],[0,0]],"c":true}},"hd":false,"bm":0,"ln":""},{"ty":"st","o":{"a":0,"k":100},"w":{"a":0,"k":5},"c":{"a":0,"k":[0.866667,0.866667,0.866667]},"hd":false,"bm":0,"ln":"","lc":2,"lj":2,"ml":4,"ml2":{"a":0,"k":0},"d":[{"n":"o","nm":"offset","v":{"a":0,"k":0}}]},{"ty":"fl","o":{"a":0,"k":100},"c":{"a":0,"k":[1,1,1]},"hd":false,"bm":0,"ln":"","r":1},{"ty":"tr","o":{"a":0,"k":100},"a":{"a":0,"k":[0,0]},"p":{"a":0,"k":[0,0]},"s":{"a":0,"k":[100,100]},"r":{"a":0,"k":0},"sk":{"a":0,"k":0},"sa":{"a":0,"k":0}}],"hd":false,"bm":0,"ln":""},{"ty":"tr","o":{"a":0,"k":100},"a":{"a":0,"k":[0.0005,5.727887]},"p":{"a":0,"k":[286.939484,101.78289]},"s":{"a":0,"k":[100,100]},"r":{"a":0,"k":0},"sk":{"a":0,"k":0},"sa":{"a":0,"k":0}}],"hd":false,"bm":0,"ln":""},{"ty":"gr","it":[{"ty":"gr","it":[{"ty":"sh","ks":{"a":0,"k":{"v":[[-0.005,-13.427],[-5.779,0.777],[-0.005,13.427],[5.768,0.777],[-0.005,-13.427],[-0.005,-13.427]],"i":[[0,0],[4.692,-0.326],[-14.078,0],[4.703,0.336],[8.303,0],[0,0]],"o":[[-8.304,0],[-4.693,0.336],[14.088,0],[-4.703,-0.336],[0,0],[0,0]],"c":true}},"hd":false,"bm":0,"ln":""},{"ty":"st","o":{"a":0,"k":100},"w":{"a":0,"k":5},"c":{"a":0,"k":[0.866667,0.866667,0.866667]},"hd":false,"bm":0,"ln":"","lc":2,"lj":2,"ml":4,"ml2":{"a":0,"k":0},"d":[{"n":"o","nm":"offset","v":{"a":0,"k":0}}]},{"ty":"fl","o":{"a":0,"k":100},"c":{"a":0,"k":[1,1,1]},"hd":false,"bm":0,"ln":"","r":1},{"ty":"tr","o":{"a":0,"k":100},"a":{"a":0,"k":[0,0]},"p":{"a":0,"k":[0,0]},"s":{"a":0,"k":[100,100]},"r":{"a":0,"k":0},"sk":{"a":0,"k":0},"sa":{"a":0,"k":0}}],"hd":false,"bm":0,"ln":""},{"ty":"tr","o":{"a":0,"k":100},"a":{"a":0,"k":[-0.001535,0]},"p":{"a":0,"k":[321.596466,121.154999]},"s":{"a":0,"k":[100,100]},"r":{"a":0,"k":0},"sk":{"a":0,"k":0},"sa":{"a":0,"k":0}}],"hd":false,"bm":0,"ln":""},{"ty":"gr","it":[{"ty":"gr","it":[{"ty":"sh","ks":{"a":0,"k":{"v":[[0.001,9.175],[16.283,0],[0.001,-9.175],[-16.283,0],[0.001,9.175],[0.001,9.175]],"i":[[0,0],[0,5.067],[8.992,0],[0,-5.068],[-8.993,0],[0,0]],"o":[[8.992,0],[0,-5.068],[-8.993,0],[0,5.067],[0,0],[0,0]],"c":true}},"hd":false,"bm":0,"ln":""},{"ty":"st","o":{"a":0,"k":100},"w":{"a":0,"k":5},"c":{"a":0,"k":[0.866667,0.866667,0.866667]},"hd":false,"bm":0,"ln":"","lc":2,"lj":2,"ml":4,"ml2":{"a":0,"k":0},"d":[{"n":"o","nm":"offset","v":{"a":0,"k":0}}]},{"ty":"fl","o":{"a":0,"k":100},"c":{"a":0,"k":[1,1,1]},"hd":false,"bm":0,"ln":"","r":1},{"ty":"tr","o":{"a":0,"k":100},"a":{"a":0,"k":[0,0]},"p":{"a":0,"k":[0,0]},"s":{"a":0,"k":[100,100]},"r":{"a":0,"k":0},"sk":{"a":0,"k":0},"sa":{"a":0,"k":0}}],"hd":false,"bm":0,"ln":""},{"ty":"tr","o":{"a":0,"k":100},"a":{"a":0,"k":[0,0]},"p":{"a":0,"k":[272.487,132.199997]},"s":{"a":0,"k":[100,100]},"r":{"a":0,"k":0},"sk":{"a":0,"k":0},"sa":{"a":0,"k":0}}],"hd":false,"bm":0,"ln":""},{"ty":"gr","it":[{"ty":"gr","it":[{"ty":"sh","ks":{"a":0,"k":{"v":[[-9.122,3.648],[9.122,-1.307],[-9.122,-13.201],[-9.122,3.648],[-9.122,3.648]],"i":[[0,0],[-4.136,14.508],[0,0],[0,0],[0,0]],"o":[[0,0],[0,0],[0,0],[0,0],[0,0]],"c":true}},"hd":false,"bm":0,"ln":""},{"ty":"st","o":{"a":0,"k":100},"w":{"a":0,"k":5},"c":{"a":0,"k":[0.85098,0.85098,0.85098]},"hd":false,"bm":0,"ln":"","lc":2,"lj":2,"ml":4,"ml2":{"a":0,"k":0},"d":[{"n":"o","nm":"offset","v":{"a":0,"k":0}}]},{"ty":"fl","o":{"a":0,"k":100},"c":{"a":0,"k":[0.482353,0.466667,0.466667]},"hd":false,"bm":0,"ln":"","r":1},{"ty":"tr","o":{"a":0,"k":100},"a":{"a":0,"k":[0,0]},"p":{"a":0,"k":[0,0]},"s":{"a":0,"k":[100,100]},"r":{"a":0,"k":0},"sk":{"a":0,"k":0},"sa":{"a":0,"k":0}}],"hd":false,"bm":0,"ln":""},{"ty":"tr","o":{"a":0,"k":100},"a":{"a":0,"k":[0,-3.233347]},"p":{"a":0,"k":[384.156006,121.286652]},"s":{"a":0,"k":[100,100]},"r":{"a":0,"k":0},"sk":{"a":0,"k":0},"sa":{"a":0,"k":0}}],"hd":false,"bm":0,"ln":""},{"ty":"gr","it":[{"ty":"gr","it":[{"ty":"sh","ks":{"a":0,"k":{"v":[[67.669,7.007],[-67.67,43.76],[-41.803,-43.76],[67.669,7.007],[67.669,7.007]],"i":[[0,0],[0,0],[0,0],[-18.34,-26.119],[0,0]],"o":[[0,0],[0,0],[49.991,5.081],[0,0],[0,0]],"c":true}},"hd":false,"bm":0,"ln":""},{"ty":"gs","o":{"a":0,"k":100},"w":{"a":0,"k":5},"s":{"a":0,"k":[19.806335,43.760002]},"e":{"a":0,"k":[-52.362228,-43.760002]},"g":{"p":2,"k":{"a":0,"k":[0,0.733333,1,0,1,0.192157,0.8,0.019608,0,1,1,1]}},"hd":false,"bm":0,"ln":"","lc":2,"lj":2,"ml":4,"ml2":{"a":0,"k":0},"d":[{"n":"o","nm":"offset","v":{"a":0,"k":0}}],"t":1,"h":{"a":0,"k":0},"a":{"a":0,"k":0}},{"ty":"fl","o":{"a":0,"k":100},"c":{"a":0,"k":[0.733333,1,0]},"hd":false,"bm":0,"ln":"","r":1},{"ty":"tr","o":{"a":0,"k":100},"a":{"a":0,"k":[0,0]},"p":{"a":0,"k":[0,0]},"s":{"a":0,"k":[100,100]},"r":{"a":0,"k":0},"sk":{"a":0,"k":0},"sa":{"a":0,"k":0}}],"hd":false,"bm":0,"ln":""},{"ty":"tr","o":{"a":0,"k":100},"a":{"a":0,"k":[-0.0005,0]},"p":{"a":0,"k":[307.366516,121.161003]},"s":{"a":0,"k":[100,100]},"r":{"a":0,"k":0},"sk":{"a":0,"k":0},"sa":{"a":0,"k":0}}],"hd":false,"bm":0,"ln":""},{"ty":"tr","o":{"a":0,"k":100},"a":{"a":0,"k":[316.935,112.265]},"p":{"a":1,"k":[{"t":33,"s":[316.935,112.265],"i":{"x":0.667,"y":1},"o":{"x":0.333,"y":0},"h":0,"ti":[0,0],"to":[0,0]},{"t":117,"s":[338.067,91.133],"i":{"x":0.667,"y":1},"o":{"x":0.333,"y":0},"h":0,"ti":[0,0],"to":[0,0]},{"t":200,"s":[316.935,112.265],"i":{"x":1,"y":1},"o":{"x":0,"y":0},"h":0,"ti":[0,0],"to":[0,0]}]},"s":{"a":1,"k":[{"t":33,"s":[100,100],"i":{"x":0.659,"y":1},"o":{"x":0.297,"y":0},"h":0},{"t":117,"s":[120,120],"i":{"x":0.815,"y":1},"o":{"x":0.425,"y":0},"h":0},{"t":200,"s":[100,100],"i":{"x":1,"y":1},"o":{"x":0,"y":0},"h":0}]},"r":{"a":0,"k":0},"sk":{"a":0,"k":0},"sa":{"a":0,"k":0}}],"hd":false,"bm":0,"ln":""},{"ty":"gr","it":[{"ty":"gr","it":[{"ty":"sh","ks":{"a":0,"k":{"v":[[167.164,0],[-0.005,105.462],[-167.164,0],[-0.005,-105.462],[30.638,-103.688],[25.851,-87.522],[-0.016,-88.823],[-145.643,-6.173],[-0.016,76.477],[145.612,-6.173],[135.313,-36.754],[153.558,-41.709],[167.143,0],[167.164,0],[167.164,0]],"i":[[0,0],[92.329,0],[0,58.253],[-92.319,0],[-9.931,-1.176],[-1.512,-7.642],[8.84,0],[0,-45.635],[-80.424,0],[0,45.645],[6.645,9.449],[-9.668,-6.435],[0,-14.813],[0,0],[0,0]],"o":[[0,58.253],[-92.33,0],[0,-58.253],[10.466,0],[-3.821,3.768],[-8.388,-0.85],[-80.424,0],[0,45.634],[80.425,0],[0,-10.802],[3.065,-8.45],[8.745,12.797],[0,0],[0,0],[0,0]],"c":true}},"hd":false,"bm":0,"ln":""},{"ty":"st","o":{"a":0,"k":100},"w":{"a":0,"k":5},"c":{"a":0,"k":[0.85098,0.85098,0.85098]},"hd":false,"bm":0,"ln":"","lc":2,"lj":2,"ml":4,"ml2":{"a":0,"k":0},"d":[{"n":"o","nm":"offset","v":{"a":0,"k":0}}]},{"ty":"gf","o":{"a":0,"k":100},"s":{"a":0,"k":[98.02684,-86.699806]},"e":{"a":0,"k":[-138.161163,76.590683]},"g":{"p":2,"k":{"a":0,"k":[0,0.482353,0.466667,0.466667,1,0.156863,0.145098,0.145098,0,1,1,1]}},"hd":false,"bm":0,"ln":"","r":1,"t":1,"h":{"a":0,"k":0},"a":{"a":0,"k":0}},{"ty":"tr","o":{"a":0,"k":100},"a":{"a":0,"k":[0,0]},"p":{"a":0,"k":[0,0]},"s":{"a":0,"k":[100,100]},"r":{"a":0,"k":0},"sk":{"a":0,"k":0},"sa":{"a":0,"k":0}}],"hd":false,"bm":0,"ln":""},{"ty":"tr","o":{"a":0,"k":100},"a":{"a":0,"k":[0,0]},"p":{"a":0,"k":[213.837997,188.320999]},"s":{"a":0,"k":[100,100]},"r":{"a":0,"k":0},"sk":{"a":0,"k":0},"sa":{"a":0,"k":0}}],"hd":false,"bm":0,"ln":""},{"ty":"gr","it":[{"ty":"gr","it":[{"ty":"sh","ks":{"a":0,"k":{"v":[[13.742,4.777],[-13.742,12.493],[13.742,4.777],[13.742,4.777]],"i":[[0,0],[9.826,-24.985],[0,0],[0,0]],"o":[[0,0],[0,0],[0,0],[0,0]],"c":true}},"hd":false,"bm":0,"ln":""},{"ty":"st","o":{"a":0,"k":100},"w":{"a":0,"k":5},"c":{"a":0,"k":[0.866667,0.866667,0.866667]},"hd":false,"bm":0,"ln":"","lc":2,"lj":2,"ml":4,"ml2":{"a":0,"k":0},"d":[{"n":"o","nm":"offset","v":{"a":0,"k":0}}]},{"ty":"fl","o":{"a":0,"k":100},"c":{"a":0,"k":[1,1,1]},"hd":false,"bm":0,"ln":"","r":1},{"ty":"tr","o":{"a":0,"k":100},"a":{"a":0,"k":[0,0]},"p":{"a":0,"k":[0,0]},"s":{"a":0,"k":[100,100]},"r":{"a":0,"k":0},"sk":{"a":0,"k":0},"sa":{"a":0,"k":0}}],"hd":false,"bm":0,"ln":""},{"ty":"tr","o":{"a":0,"k":100},"a":{"a":0,"k":[0,5.727887]},"p":{"a":0,"k":[135.572006,191.224884]},"s":{"a":0,"k":[100,100]},"r":{"a":0,"k":0},"sk":{"a":0,"k":0},"sa":{"a":0,"k":0}}],"hd":false,"bm":0,"ln":""},{"ty":"gr","it":[{"ty":"gr","it":[{"ty":"sh","ks":{"a":0,"k":{"v":[[13.542,12.104],[-13.542,3.076],[13.542,12.104],[13.542,12.104]],"i":[[0,0],[22.161,-15.18],[0,0],[0,0]],"o":[[0,0],[0,0],[0,0],[0,0]],"c":true}},"hd":false,"bm":0,"ln":""},{"ty":"st","o":{"a":0,"k":100},"w":{"a":0,"k":5},"c":{"a":0,"k":[0.866667,0.866667,0.866667]},"hd":false,"bm":0,"ln":"","lc":2,"lj":2,"ml":4,"ml2":{"a":0,"k":0},"d":[{"n":"o","nm":"offset","v":{"a":0,"k":0}}]},{"ty":"fl","o":{"a":0,"k":100},"c":{"a":0,"k":[1,1,1]},"hd":false,"bm":0,"ln":"","r":1},{"ty":"tr","o":{"a":0,"k":100},"a":{"a":0,"k":[0,0]},"p":{"a":0,"k":[0,0]},"s":{"a":0,"k":[100,100]},"r":{"a":0,"k":0},"sk":{"a":0,"k":0},"sa":{"a":0,"k":0}}],"hd":false,"bm":0,"ln":""},{"ty":"tr","o":{"a":0,"k":100},"a":{"a":0,"k":[0,5.088686]},"p":{"a":0,"k":[264.317993,199.141678]},"s":{"a":0,"k":[100,100]},"r":{"a":0,"k":0},"sk":{"a":0,"k":0},"sa":{"a":0,"k":0}}],"hd":false,"bm":0,"ln":""},{"ty":"gr","it":[{"ty":"gr","it":[{"ty":"sh","ks":{"a":0,"k":{"v":[[0.43,-12.766],[13.195,12.766],[0.43,-12.766],[0.43,-12.766]],"i":[[0,0],[-26.391,-4.934],[0,0],[0,0]],"o":[[0,0],[0,0],[0,0],[0,0]],"c":true}},"hd":false,"bm":0,"ln":""},{"ty":"st","o":{"a":0,"k":100},"w":{"a":0,"k":5},"c":{"a":0,"k":[0.866667,0.866667,0.866667]},"hd":false,"bm":0,"ln":"","lc":2,"lj":2,"ml":4,"ml2":{"a":0,"k":0},"d":[{"n":"o","nm":"offset","v":{"a":0,"k":0}}]},{"ty":"fl","o":{"a":0,"k":100},"c":{"a":0,"k":[1,1,1]},"hd":false,"bm":0,"ln":"","r":1},{"ty":"tr","o":{"a":0,"k":100},"a":{"a":0,"k":[0,0]},"p":{"a":0,"k":[0,0]},"s":{"a":0,"k":[100,100]},"r":{"a":0,"k":0},"sk":{"a":0,"k":0},"sa":{"a":0,"k":0}}],"hd":false,"bm":0,"ln":""},{"ty":"tr","o":{"a":0,"k":100},"a":{"a":0,"k":[5.054135,0]},"p":{"a":0,"k":[167.111145,128.608994]},"s":{"a":0,"k":[100,100]},"r":{"a":0,"k":0},"sk":{"a":0,"k":0},"sa":{"a":0,"k":0}}],"hd":false,"bm":0,"ln":""},{"ty":"gr","it":[{"ty":"gr","it":[{"ty":"sh","ks":{"a":0,"k":{"v":[[-13.715,4.388],[1.243,7.768],[12.781,0],[-0.646,-3.632],[-13.715,4.388],[-13.715,4.388]],"i":[[0,0],[-1.091,-4.577],[2.299,13.899],[-0.441,-4.682],[-1.365,-8.188],[0,0]],"o":[[1.354,8.199],[1.092,4.578],[-2.3,-13.899],[0.441,4.682],[0,0],[0,0]],"c":true}},"hd":false,"bm":0,"ln":""},{"ty":"st","o":{"a":0,"k":100},"w":{"a":0,"k":5},"c":{"a":0,"k":[0.866667,0.866667,0.866667]},"hd":false,"bm":0,"ln":"","lc":2,"lj":2,"ml":4,"ml2":{"a":0,"k":0},"d":[{"n":"o","nm":"offset","v":{"a":0,"k":0}}]},{"ty":"fl","o":{"a":0,"k":100},"c":{"a":0,"k":[1,1,1]},"hd":false,"bm":0,"ln":"","r":1},{"ty":"tr","o":{"a":0,"k":100},"a":{"a":0,"k":[0,0]},"p":{"a":0,"k":[0,0]},"s":{"a":0,"k":[100,100]},"r":{"a":0,"k":0},"sk":{"a":0,"k":0},"sa":{"a":0,"k":0}}],"hd":false,"bm":0,"ln":""},{"ty":"tr","o":{"a":0,"k":100},"a":{"a":0,"k":[-0.372866,1.107097]},"p":{"a":0,"k":[183.855133,162.438095]},"s":{"a":0,"k":[100,100]},"r":{"a":0,"k":0},"sk":{"a":0,"k":0},"sa":{"a":0,"k":0}}],"hd":false,"bm":0,"ln":""},{"ty":"gr","it":[{"ty":"gr","it":[{"ty":"sh","ks":{"a":0,"k":{"v":[[12.954,9.484],[3.874,-2.872],[-9.931,-4.562],[-2.173,6.986],[12.954,9.495],[12.954,9.484],[12.954,9.484]],"i":[[0,0],[-2.173,4.179],[7.369,-12.009],[-2.74,3.821],[-4.346,7.076],[0,0],[0,0]],"o":[[4.347,-7.075],[2.173,-4.178],[-7.37,11.999],[2.74,-3.832],[0,0],[0,0],[0,0]],"c":true}},"hd":false,"bm":0,"ln":""},{"ty":"st","o":{"a":0,"k":100},"w":{"a":0,"k":5},"c":{"a":0,"k":[0.866667,0.866667,0.866667]},"hd":false,"bm":0,"ln":"","lc":2,"lj":2,"ml":4,"ml2":{"a":0,"k":0},"d":[{"n":"o","nm":"offset","v":{"a":0,"k":0}}]},{"ty":"fl","o":{"a":0,"k":100},"c":{"a":0,"k":[1,1,1]},"hd":false,"bm":0,"ln":"","r":1},{"ty":"tr","o":{"a":0,"k":100},"a":{"a":0,"k":[0,0]},"p":{"a":0,"k":[0,0]},"s":{"a":0,"k":[100,100]},"r":{"a":0,"k":0},"sk":{"a":0,"k":0},"sa":{"a":0,"k":0}}],"hd":false,"bm":0,"ln":""},{"ty":"tr","o":{"a":0,"k":100},"a":{"a":0,"k":[0.741445,0.588802]},"p":{"a":0,"k":[223.038437,213.910812]},"s":{"a":0,"k":[100,100]},"r":{"a":0,"k":0},"sk":{"a":0,"k":0},"sa":{"a":0,"k":0}}],"hd":false,"bm":0,"ln":""},{"ty":"gr","it":[{"ty":"gr","it":[{"ty":"sh","ks":{"a":0,"k":{"v":[[0,11.579],[7.716,-0.672],[0,-11.579],[-7.716,-0.672],[0,11.579],[0,11.579]],"i":[[0,0],[-6.267,0.294],[18.802,0],[-6.267,-0.283],[-11.096,0],[0,0]],"o":[[11.086,0],[6.267,-0.283],[-18.802,0],[6.267,0.284],[0,0],[0,0]],"c":true}},"hd":false,"bm":0,"ln":""},{"ty":"st","o":{"a":0,"k":100},"w":{"a":0,"k":5},"c":{"a":0,"k":[0.866667,0.866667,0.866667]},"hd":false,"bm":0,"ln":"","lc":2,"lj":2,"ml":4,"ml2":{"a":0,"k":0},"d":[{"n":"o","nm":"offset","v":{"a":0,"k":0}}]},{"ty":"fl","o":{"a":0,"k":100},"c":{"a":0,"k":[1,1,1]},"hd":false,"bm":0,"ln":"","r":1},{"ty":"tr","o":{"a":0,"k":100},"a":{"a":0,"k":[0,0]},"p":{"a":0,"k":[0,0]},"s":{"a":0,"k":[100,100]},"r":{"a":0,"k":0},"sk":{"a":0,"k":0},"sa":{"a":0,"k":0}}],"hd":false,"bm":0,"ln":""},{"ty":"tr","o":{"a":0,"k":100},"a":{"a":0,"k":[0,0]},"p":{"a":0,"k":[95.987999,188.320999]},"s":{"a":0,"k":[100,100]},"r":{"a":0,"k":0},"sk":{"a":0,"k":0},"sa":{"a":0,"k":0}}],"hd":false,"bm":0,"ln":""},{"ty":"gr","it":[{"ty":"gr","it":[{"ty":"sh","ks":{"a":0,"k":{"v":[[0,9.175],[16.283,0],[0,-9.175],[-16.283,0],[0,9.175],[0,9.175]],"i":[[0,0],[0,5.067],[8.993,0],[0,-5.068],[-8.992,0],[0,0]],"o":[[8.993,0],[0,-5.068],[-8.992,0],[0,5.067],[0,0],[0,0]],"c":true}},"hd":false,"bm":0,"ln":""},{"ty":"st","o":{"a":0,"k":100},"w":{"a":0,"k":5},"c":{"a":0,"k":[0.866667,0.866667,0.866667]},"hd":false,"bm":0,"ln":"","lc":2,"lj":2,"ml":4,"ml2":{"a":0,"k":0},"d":[{"n":"o","nm":"offset","v":{"a":0,"k":0}}]},{"ty":"fl","o":{"a":0,"k":100},"c":{"a":0,"k":[1,1,1]},"hd":false,"bm":0,"ln":"","r":1},{"ty":"tr","o":{"a":0,"k":100},"a":{"a":0,"k":[0,0]},"p":{"a":0,"k":[0,0]},"s":{"a":0,"k":[100,100]},"r":{"a":0,"k":0},"sk":{"a":0,"k":0},"sa":{"a":0,"k":0}}],"hd":false,"bm":0,"ln":""},{"ty":"tr","o":{"a":0,"k":100},"a":{"a":0,"k":[0,0]},"p":{"a":0,"k":[202.753006,127.296997]},"s":{"a":0,"k":[100,100]},"r":{"a":0,"k":0},"sk":{"a":0,"k":0},"sa":{"a":0,"k":0}}],"hd":false,"bm":0,"ln":""},{"ty":"gr","it":[{"ty":"gr","it":[{"ty":"sh","ks":{"a":0,"k":{"v":[[0,9.175],[16.282,0],[0,-9.175],[-16.282,0],[0,9.175],[0,9.175]],"i":[[0,0],[0,5.067],[8.992,0],[0,-5.068],[-8.992,0],[0,0]],"o":[[8.992,0],[0,-5.068],[-8.992,0],[0,5.067],[0,0],[0,0]],"c":true}},"hd":false,"bm":0,"ln":""},{"ty":"st","o":{"a":0,"k":100},"w":{"a":0,"k":5},"c":{"a":0,"k":[0.866667,0.866667,0.866667]},"hd":false,"bm":0,"ln":"","lc":2,"lj":2,"ml":4,"ml2":{"a":0,"k":0},"d":[{"n":"o","nm":"offset","v":{"a":0,"k":0}}]},{"ty":"fl","o":{"a":0,"k":100},"c":{"a":0,"k":[1,1,1]},"hd":false,"bm":0,"ln":"","r":1},{"ty":"tr","o":{"a":0,"k":100},"a":{"a":0,"k":[0,0]},"p":{"a":0,"k":[0,0]},"s":{"a":0,"k":[100,100]},"r":{"a":0,"k":0},"sk":{"a":0,"k":0},"sa":{"a":0,"k":0}}],"hd":false,"bm":0,"ln":""},{"ty":"tr","o":{"a":0,"k":100},"a":{"a":0,"k":[0,0]},"p":{"a":0,"k":[311.644012,192.761993]},"s":{"a":0,"k":[100,100]},"r":{"a":0,"k":0},"sk":{"a":0,"k":0},"sa":{"a":0,"k":0}}],"hd":false,"bm":0,"ln":""},{"ty":"gr","it":[{"ty":"gr","it":[{"ty":"sh","ks":{"a":0,"k":{"v":[[0,9.175],[16.283,0],[0,-9.175],[-16.283,0],[0,9.175],[0,9.175]],"i":[[0,0],[0,5.067],[8.993,0],[0,-5.068],[-8.992,0],[0,0]],"o":[[8.993,0],[0,-5.068],[-8.992,0],[0,5.067],[0,0],[0,0]],"c":true}},"hd":false,"bm":0,"ln":""},{"ty":"st","o":{"a":0,"k":100},"w":{"a":0,"k":5},"c":{"a":0,"k":[0.866667,0.866667,0.866667]},"hd":false,"bm":0,"ln":"","lc":2,"lj":2,"ml":4,"ml2":{"a":0,"k":0},"d":[{"n":"o","nm":"offset","v":{"a":0,"k":0}}]},{"ty":"fl","o":{"a":0,"k":100},"c":{"a":0,"k":[1,1,1]},"hd":false,"bm":0,"ln":"","r":1},{"ty":"tr","o":{"a":0,"k":100},"a":{"a":0,"k":[0,0]},"p":{"a":0,"k":[0,0]},"s":{"a":0,"k":[100,100]},"r":{"a":0,"k":0},"sk":{"a":0,"k":0},"sa":{"a":0,"k":0}}],"hd":false,"bm":0,"ln":""},{"ty":"tr","o":{"a":0,"k":100},"a":{"a":0,"k":[0,0]},"p":{"a":0,"k":[191.542007,244.841995]},"s":{"a":0,"k":[100,100]},"r":{"a":0,"k":0},"sk":{"a":0,"k":0},"sa":{"a":0,"k":0}}],"hd":false,"bm":0,"ln":""},{"ty":"gr","it":[{"ty":"gr","it":[{"ty":"sh","ks":{"a":0,"k":{"v":[[0.001,9.175],[16.283,0],[0.001,-9.175],[-16.283,0],[0.001,9.175],[0.001,9.175]],"i":[[0,0],[0,5.067],[8.992,0],[0,-5.067],[-8.993,0],[0,0]],"o":[[8.992,0],[0,-5.067],[-8.993,0],[0,5.067],[0,0],[0,0]],"c":true}},"hd":false,"bm":0,"ln":""},{"ty":"st","o":{"a":0,"k":100},"w":{"a":0,"k":5},"c":{"a":0,"k":[0.866667,0.866667,0.866667]},"hd":false,"bm":0,"ln":"","lc":2,"lj":2,"ml":4,"ml2":{"a":0,"k":0},"d":[{"n":"o","nm":"offset","v":{"a":0,"k":0}}]},{"ty":"fl","o":{"a":0,"k":100},"c":{"a":0,"k":[1,1,1]},"hd":false,"bm":0,"ln":"","r":1},{"ty":"tr","o":{"a":0,"k":100},"a":{"a":0,"k":[0,0]},"p":{"a":0,"k":[0,0]},"s":{"a":0,"k":[100,100]},"r":{"a":0,"k":0},"sk":{"a":0,"k":0},"sa":{"a":0,"k":0}}],"hd":false,"bm":0,"ln":""},{"ty":"tr","o":{"a":0,"k":100},"a":{"a":0,"k":[0,0]},"p":{"a":0,"k":[272.487,237.839996]},"s":{"a":0,"k":[100,100]},"r":{"a":0,"k":0},"sk":{"a":0,"k":0},"sa":{"a":0,"k":0}}],"hd":false,"bm":0,"ln":""},{"ty":"gr","it":[{"ty":"gr","it":[{"ty":"sh","ks":{"a":0,"k":{"v":[[0,9.176],[16.283,0.001],[0,-9.175],[-16.283,0.001],[0,9.176],[0,9.176]],"i":[[0,0],[0,5.067],[8.993,0],[0,-5.068],[-8.992,0],[0,0]],"o":[[8.993,0],[0,-5.068],[-8.992,0],[0,5.067],[0,0],[0,0]],"c":true}},"hd":false,"bm":0,"ln":""},{"ty":"st","o":{"a":0,"k":100},"w":{"a":0,"k":5},"c":{"a":0,"k":[0.866667,0.866667,0.866667]},"hd":false,"bm":0,"ln":"","lc":2,"lj":2,"ml":4,"ml2":{"a":0,"k":0},"d":[{"n":"o","nm":"offset","v":{"a":0,"k":0}}]},{"ty":"fl","o":{"a":0,"k":100},"c":{"a":0,"k":[1,1,1]},"hd":false,"bm":0,"ln":"","r":1},{"ty":"tr","o":{"a":0,"k":100},"a":{"a":0,"k":[0,0]},"p":{"a":0,"k":[0,0]},"s":{"a":0,"k":[100,100]},"r":{"a":0,"k":0},"sk":{"a":0,"k":0},"sa":{"a":0,"k":0}}],"hd":false,"bm":0,"ln":""},{"ty":"tr","o":{"a":0,"k":100},"a":{"a":0,"k":[0,0.0005]},"p":{"a":0,"k":[175.253006,200.394501]},"s":{"a":0,"k":[100,100]},"r":{"a":0,"k":0},"sk":{"a":0,"k":0},"sa":{"a":0,"k":0}}],"hd":false,"bm":0,"ln":""},{"ty":"gr","it":[{"ty":"gr","it":[{"ty":"sh","ks":{"a":0,"k":{"v":[[0,9.175],[16.282,0],[0,-9.175],[-16.282,0],[0,9.175],[0,9.175]],"i":[[0,0],[0,5.067],[8.992,0],[0,-5.068],[-8.992,0],[0,0]],"o":[[8.992,0],[0,-5.068],[-8.992,0],[0,5.067],[0,0],[0,0]],"c":true}},"hd":false,"bm":0,"ln":""},{"ty":"st","o":{"a":0,"k":100},"w":{"a":0,"k":5},"c":{"a":0,"k":[0.866667,0.866667,0.866667]},"hd":false,"bm":0,"ln":"","lc":2,"lj":2,"ml":4,"ml2":{"a":0,"k":0},"d":[{"n":"o","nm":"offset","v":{"a":0,"k":0}}]},{"ty":"fl","o":{"a":0,"k":100},"c":{"a":0,"k":[1,1,1]},"hd":false,"bm":0,"ln":"","r":1},{"ty":"tr","o":{"a":0,"k":100},"a":{"a":0,"k":[0,0]},"p":{"a":0,"k":[0,0]},"s":{"a":0,"k":[100,100]},"r":{"a":0,"k":0},"sk":{"a":0,"k":0},"sa":{"a":0,"k":0}}],"hd":false,"bm":0,"ln":""},{"ty":"tr","o":{"a":0,"k":100},"a":{"a":0,"k":[0,0]},"p":{"a":0,"k":[135.574005,152.470993]},"s":{"a":0,"k":[100,100]},"r":{"a":0,"k":0},"sk":{"a":0,"k":0},"sa":{"a":0,"k":0}}],"hd":false,"bm":0,"ln":""},{"ty":"gr","it":[{"ty":"gr","it":[{"ty":"sh","ks":{"a":0,"k":{"v":[[0,9.176],[16.283,0.001],[0,-9.176],[-16.283,0.001],[0,9.176],[0,9.176]],"i":[[0,0],[0,5.067],[8.992,0],[0,-5.068],[-8.992,0],[0,0]],"o":[[8.992,0],[0,-5.068],[-8.992,0],[0,5.067],[0,0],[0,0]],"c":true}},"hd":false,"bm":0,"ln":""},{"ty":"st","o":{"a":0,"k":100},"w":{"a":0,"k":5},"c":{"a":0,"k":[0.866667,0.866667,0.866667]},"hd":false,"bm":0,"ln":"","lc":2,"lj":2,"ml":4,"ml2":{"a":0,"k":0},"d":[{"n":"o","nm":"offset","v":{"a":0,"k":0}}]},{"ty":"fl","o":{"a":0,"k":100},"c":{"a":0,"k":[1,1,1]},"hd":false,"bm":0,"ln":"","r":1},{"ty":"tr","o":{"a":0,"k":100},"a":{"a":0,"k":[0,0]},"p":{"a":0,"k":[0,0]},"s":{"a":0,"k":[100,100]},"r":{"a":0,"k":0},"sk":{"a":0,"k":0},"sa":{"a":0,"k":0}}],"hd":false,"bm":0,"ln":""},{"ty":"tr","o":{"a":0,"k":100},"a":{"a":0,"k":[0,0]},"p":{"a":0,"k":[133.636993,223.080002]},"s":{"a":0,"k":[100,100]},"r":{"a":0,"k":0},"sk":{"a":0,"k":0},"sa":{"a":0,"k":0}}],"hd":false,"bm":0,"ln":""},{"ty":"gr","it":[{"ty":"gr","it":[{"ty":"sh","ks":{"a":0,"k":{"v":[[2.919,-8.079],[-1.868,8.089],[-16.387,-4.615],[2.908,-8.089],[2.919,-8.079],[2.919,-8.079]],"i":[[0,0],[18.256,-8.084],[0,0],[0,0],[0,0],[0,0]],"o":[[0,0],[0,0],[0,0],[0,0],[0,0],[0,0]],"c":true}},"hd":false,"bm":0,"ln":""},{"ty":"st","o":{"a":0,"k":100},"w":{"a":0,"k":5},"c":{"a":0,"k":[0.85098,0.85098,0.85098]},"hd":false,"bm":0,"ln":"","lc":2,"lj":2,"ml":4,"ml2":{"a":0,"k":0},"d":[{"n":"o","nm":"offset","v":{"a":0,"k":0}}]},{"ty":"fl","o":{"a":0,"k":100},"c":{"a":0,"k":[0.482353,0.466667,0.466667]},"hd":false,"bm":0,"ln":"","r":1},{"ty":"tr","o":{"a":0,"k":100},"a":{"a":0,"k":[0,0]},"p":{"a":0,"k":[0,0]},"s":{"a":0,"k":[100,100]},"r":{"a":0,"k":0},"sk":{"a":0,"k":0},"sa":{"a":0,"k":0}}],"hd":false,"bm":0,"ln":""},{"ty":"tr","o":{"a":0,"k":100},"a":{"a":0,"k":[-4.341376,0]},"p":{"a":0,"k":[237.227631,92.711998]},"s":{"a":0,"k":[100,100]},"r":{"a":0,"k":0},"sk":{"a":0,"k":0},"sa":{"a":0,"k":0}}],"hd":false,"bm":0,"ln":""},{"ty":"gr","it":[{"ty":"gr","it":[{"ty":"sh","ks":{"a":0,"k":{"v":[[145.623,-0.001],[-0.004,82.651],[-145.632,-0.001],[-0.004,-82.65],[25.862,-81.348],[-0.004,6.173],[135.334,-30.58],[145.632,-0.001],[145.623,-0.001],[145.623,-0.001]],"i":[[0,0],[80.424,0],[0,45.656],[-80.425,0],[-8.398,-0.85],[0,0],[0,0],[0,-10.802],[0,0],[0,0]],"o":[[0,45.656],[-80.425,0],[0,-45.655],[8.828,0],[0,0],[0,0],[6.645,9.458],[0,0],[0,0],[0,0]],"c":true}},"hd":false,"bm":0,"ln":""},{"ty":"gs","o":{"a":0,"k":100},"w":{"a":0,"k":5},"s":{"a":0,"k":[-53.607025,0.000488]},"e":{"a":0,"k":[113.328339,-15.649002]},"g":{"p":2,"k":{"a":0,"k":[0,0.192157,0.8,0.019608,1,0.733333,1,0,0,1,1,1]}},"hd":false,"bm":0,"ln":"","lc":2,"lj":2,"ml":4,"ml2":{"a":0,"k":0},"d":[{"n":"o","nm":"offset","v":{"a":0,"k":0}}],"t":1,"h":{"a":0,"k":0},"a":{"a":0,"k":0}},{"ty":"fl","o":{"a":0,"k":100},"c":{"a":0,"k":[0.733333,1,0]},"hd":false,"bm":0,"ln":"","r":1},{"ty":"tr","o":{"a":0,"k":100},"a":{"a":0,"k":[0,0]},"p":{"a":0,"k":[0,0]},"s":{"a":0,"k":[100,100]},"r":{"a":0,"k":0},"sk":{"a":0,"k":0},"sa":{"a":0,"k":0}}],"hd":false,"bm":0,"ln":""},{"ty":"tr","o":{"a":0,"k":100},"a":{"a":0,"k":[0,0.0005]},"p":{"a":0,"k":[213.845001,182.149506]},"s":{"a":0,"k":[100,100]},"r":{"a":0,"k":0},"sk":{"a":0,"k":0},"sa":{"a":0,"k":0}}],"hd":false,"bm":0,"ln":""},{"ty":"tr","o":{"a":0,"k":100},"a":{"a":0,"k":[0,0]},"p":{"a":0,"k":[0,0]},"s":{"a":0,"k":[100,100]},"r":{"a":0,"k":0},"sk":{"a":0,"k":0},"sa":{"a":0,"k":0}}],"hd":false,"bm":0,"ln":""}],"hd":false,"bm":0,"ln":"","ao":0,"hasMask":false,"tt":0,"td":0,"tp":0},{"ty":1,"ip":0,"op":200,"st":0,"ks":{},"sc":"transparent","sw":467,"sh":333}]}